cell_id	x	y	celltype	valve	score__Valve_defects	z__Valve_defects	score__Atrioventricular_septal_defect	z__Atrioventricular_septal_defect	score__Atrial_septal_defect	z__Atrial_septal_defect	score__Ventricular_septal_defect	z__Ventricular_septal_defect	score__Malformation_of_the_outflow_tract	z__Malformation_of_the_outflow_tract	score__HypertrophicCardiomyopathy	z__HypertrophicCardiomyopathy	score__DilatedCardiomyopathy	z__DilatedCardiomyopathy	score__PCGC_DeNovoVariants	z__PCGC_DeNovoVariants	score__Single_ventricle_disease	z__Single_ventricle_disease	score__Familial_thoracic_aortic_aneurysm_and_aortic_dissection	z__Familial_thoracic_aortic_aneurysm_and_aortic_dissection
ATR_000_set19__104	15355.114999584557	22250.15187461905	aEndocardial	False	0.36892796	-0.45659682	0.3718275	-0.7304928	0.41979972	-0.74120194	0.38877055	-0.44164523	0.33811826	-1.3284016	0.092463	-0.6277897	0.22618906	-0.34534538	0.43002534	0.045030516	0.22639932	-2.9803658	0.65687674	0.35279864
ATR_000_set19__114	15507.59494703266	22252.842641099607	aCM-RA	False	0.35617417	-0.62066156	0.43965614	0.046779044	0.47374642	0.058207616	0.39728817	-0.3186627	0.4201407	-0.15973727	0.97662073	1.982719	0.7715144	1.9056984	0.40939552	-0.32374927	0.5534108	0.4463862	0.42525864	-0.4695221
ATR_000_set19__157	15379.670173318182	22204.23477394937	aCM-RA	False	0.5055661	1.3011168	0.4563876	0.23851079	0.5178139	0.7112222	0.44249463	0.3340551	0.5322713	1.437911	0.18869226	-0.34366924	0.26221278	-0.19664338	0.477616	0.8957639	0.65294933	1.4894496	0.77866524	0.785188
ATR_000_set19__178	15500.607822716322	22189.16061077763	aFibro	False	0.39160806	-0.16483991	0.41112486	-0.28017086	0.4186247	-0.7586139	0.3028767	-1.6818317	0.4647882	0.4764046	0.034530297	-0.7988382	0.11270413	-0.81379884	0.44022515	0.22736295	0.5435067	0.34260067	0.870765	1.1121725
ATR_000_set19__181	15469.014328995268	22302.686003725616	aCM-RA	False	0.41963205	0.19566074	0.47571847	0.46002984	0.5466921	1.1391532	0.4845791	0.9416956	0.44636437	0.21390009	1.4592568	3.4077199	1.189398	3.6306767	0.447641	0.35992873	0.5707612	0.62820065	0.58333004	0.09168355
ATR_000_set19__184	15409.825925975962	22198.41962156484	aEndocardial	False	0.438837	0.4427132	0.54360247	1.2379361	0.4659651	-0.05710002	0.4172147	-0.030951746	0.41129673	-0.28574732	0.10029481	-0.604666	0.17331018	-0.56362367	0.4322049	0.083992496	0.44188228	-0.72232085	0.66975003	0.39850307
ATR_000_set19__221	15491.308121170085	22309.286792407045	aCM-RA	False	0.44028416	0.4613296	0.4121865	-0.26800507	0.5407903	1.0516981	0.5305307	1.6051723	0.47414792	0.60976285	1.0858214	2.305138	0.90192467	2.444018	0.46215063	0.61930394	0.5558346	0.47178477	0.3267459	-0.81927484
ATR_000_set19__35	15510.078501845304	22185.276983064683	aEndocardial	False	0.4306452	0.33733395	0.47647065	0.46864933	0.46224836	-0.11217651	0.41734734	-0.029036464	0.4091786	-0.31592637	0.057740707	-0.7303086	0.14845735	-0.66621345	0.43749458	0.17855099	0.41616434	-0.991819	0.5712903	0.048938565
ATR_000_set19__69	15461.453221059055	22210.413876967672	aCM-RA	False	0.42208835	0.2272587	0.47577953	0.4607296	0.53820205	1.0133437	0.48450896	0.94068307	0.4517848	0.29113072	1.2914532	2.9122736	1.0920099	3.228669	0.44728556	0.35357517	0.57041776	0.6246017	0.5929154	0.12571481
ATR_000_set19__99	15379.748363118533	22276.455274899738	aFibro	False	0.4389953	0.44474968	0.49196434	0.6461969	0.45162317	-0.26962584	0.32707787	-1.332401	0.47814697	0.6667417	0.044608966	-0.7690806	0.118999004	-0.7878143	0.39358252	-0.6064232	0.4546519	-0.5885082	0.9735399	1.4770573
ATR_003_set19__169	15229.957591215029	21472.957042919716	aFibro	False	0.3718671	-0.41878778	0.37913272	-0.6467799	0.40774554	-0.9198268	0.2969106	-1.7679738	0.4448574	0.19242842	0.07070666	-0.6920261	0.17273709	-0.5659893	0.40558684	-0.3918334	0.4809152	-0.31329522	0.81429017	0.91166824
ATR_003_set19__210	15389.512520110977	21283.946757882866	aCM-RA	False	0.4267289	0.28695473	0.49910623	0.7280383	0.5388313	1.0226682	0.46737698	0.6933212	0.4580019	0.3797129	1.1610906	2.527373	0.9753337	2.7470422	0.46116677	0.60171634	0.5958751	0.89136887	0.61239076	0.1948587
ATR_003_set19__222	15311.39618406628	21401.07079167194	aCM-RA	False	0.39499164	-0.121313564	0.5142654	0.90175277	0.52244127	0.77979255	0.4349497	0.22511683	0.44446766	0.18687558	1.0627903	2.2371378	0.8586587	2.2654204	0.4422231	0.26307836	0.60748345	1.0130129	0.4881879	-0.24610241
ATR_003_set19__261	15445.222971943225	21329.375994291957	aEndocardial	False	0.49996424	1.2290542	0.579787	1.6525875	0.5392769	1.0292714	0.4832754	0.92287236	0.45093045	0.27895796	0.20764343	-0.28771517	0.26911244	-0.16816235	0.4869288	1.0622396	0.47599533	-0.36485037	0.64983827	0.32780972
ATR_003_set19__323	15253.280620081072	21268.24260010583	aCM-RA	False	0.4029549	-0.01887404	0.49107137	0.6359641	0.513731	0.6507194	0.4533158	0.49029753	0.4429778	0.16564766	1.0579644	2.2228894	0.86624134	2.296721	0.4574805	0.53582025	0.6111612	1.0515517	0.5114129	-0.16364595
ATR_003_set19__324	15509.249496382374	21249.91118086665	aCM-RA	False	0.33697557	-0.8676323	0.3347229	-1.1556873	0.3791342	-1.343804	0.37884572	-0.5849458	0.24236636	-2.6926844	0.18986246	-0.34021416	0.13487549	-0.7222779	0.37020025	-1.024406	0.20876576	-3.1651478	0.2998396	-0.9148011
ATR_003_set19__342	15512.262154189595	21410.193405584665	aCM-RA	False	0.45601472	0.6636876	0.5344881	1.1334913	0.5746544	1.5535132	0.49868208	1.145323	0.50017565	0.9806087	1.0768062	2.2785203	0.9014582	2.4420922	0.50524944	1.3897405	0.65652716	1.5269417	0.5777322	0.0718094
ATR_003_set19__363	15426.322004672396	21267.926701830067	aCM-RA	False	0.42355147	0.2460802	0.50699884	0.81848246	0.55105156	1.2037543	0.4809999	0.890017	0.46217027	0.43910414	1.1643142	2.5368907	0.92422664	2.536078	0.47819343	0.90608585	0.63293135	1.2796813	0.497278	-0.21382956
ATR_003_set19__379	15393.626162904711	21422.467581757628	aCM-RA	False	0.4319111	0.35361865	0.52354765	1.008121	0.5573279	1.2967607	0.48744404	0.98306155	0.47403303	0.60812587	1.132841	2.4439652	0.94058216	2.6035917	0.48897713	1.0988559	0.6473261	1.4305239	0.5324258	-0.089043215
ATR_003_set19__401	15332.669298124276	21504.021733599962	aCM-RA	False	0.30033356	-1.3389953	0.3557449	-0.9147891	0.3970679	-1.0780534	0.34938133	-1.0103704	0.37132457	-0.8552747	0.8281765	1.5444318	0.6375224	1.3525939	0.30749914	-2.1452541	0.5008746	-0.10414089	0.43869504	-0.4218184
ATR_003_set19__405	15324.189170347097	21265.286426617717	aCM-RA	False	0.47622907	0.923725	0.55109876	1.3238388	0.60089517	1.9423621	0.52212423	1.4837948	0.50965536	1.1156764	1.2417216	2.7654393	1.0412875	3.0192926	0.5205598	1.663429	0.66262895	1.5908823	0.6388788	0.28890008
ATR_003_set19__426	15273.552220304247	21421.649769094016	aCM-RA	False	0.35019225	-0.697613	0.40825385	-0.3130707	0.46140757	-0.12463566	0.4083546	-0.1588789	0.38596672	-0.6466518	1.0429792	2.178645	0.840295	2.1896174	0.38851315	-0.6970436	0.51352507	0.028423524	0.4488695	-0.38569576
ATR_003_set19__439	15242.222610018587	21466.79249780392	aCM-RA	False	0.46147248	0.7338962	0.4769231	0.47383422	0.5098617	0.59338224	0.4664516	0.6799599	0.4660051	0.49374297	0.72150385	1.2294769	0.61518633	1.2603931	0.44547844	0.32127094	0.5510898	0.4220644	0.63773906	0.28485355
ATR_003_set19__551	15283.578189113512	21335.365568501278	aCM-LA	False	0.35736337	-0.60536367	0.5032725	0.7757808	0.4287139	-0.6091072	0.32500088	-1.3623897	0.31716236	-1.6269833	0.10872916	-0.5797633	0.1242613	-0.7660922	0.4221657	-0.09546895	0.19164431	-3.3445632	0.2094501	-1.2357136
ATR_003_set19__68	15365.05070723212	21306.154598466943	aEndocardial	False	0.4957134	1.1743716	0.5552132	1.3709878	0.5275035	0.8548071	0.47819155	0.8494686	0.46817634	0.5246791	0.14215961	-0.4810586	0.20708987	-0.42418477	0.4717012	0.7900305	0.5513038	0.4243067	0.6358565	0.27816987
ATR_003_set19__72	15355.924321133627	21354.280918013003	aCM-RA	False	0.4443567	0.51371884	0.5096799	0.84920585	0.5714411	1.505897	0.5047745	1.2332891	0.47665867	0.6455363	1.3055229	2.953815	1.0613621	3.1021583	0.5138474	1.5434383	0.6381938	1.3348264	0.52786285	-0.10524328
ATR_005_set19__49	14897.582251657539	21001.897967647277	aCM-RA	False	0.33613187	-0.87848574	0.443895	0.095353775	0.45993158	-0.14650762	0.39865384	-0.29894447	0.34065822	-1.2922119	0.88726234	1.7188851	0.72413075	1.7101039	0.4341232	0.11828388	0.54671645	0.37623584	0.40105665	-0.55544716
ATR_006_set19__20	14873.434416359976	20755.140108965115	aCM-RA	False	0.43428782	0.3841926	0.50252336	0.7671964	0.5565451	1.2851601	0.49976462	1.1609534	0.45925212	0.397526	1.313181	2.976426	1.0943791	3.2384486	0.4691316	0.74409586	0.5765962	0.68934554	0.59243053	0.123993315
ATR_006_set19__219	14805.864419576736	20904.69680467549	aCM-LA	False	0.41919604	0.19005194	0.41975498	-0.18127523	0.53294235	0.9354029	0.4678689	0.70042384	0.4497696	0.2624179	1.1528329	2.502992	1.0080596	2.8821313	0.45168966	0.43230307	0.5601095	0.5165815	0.43682078	-0.42847267
ATR_006_set19__227	14785.37765113651	20810.86143412331	aCM-RA	False	0.34111565	-0.8143743	0.35895848	-0.8779635	0.4696268	-0.0028387713	0.46677384	0.68461275	0.42340362	-0.113247044	1.2842911	2.8911273	1.0079306	2.881599	0.45742238	0.5347814	0.47639376	-0.36067528	0.5431645	-0.050917387
ATR_006_set19__23	14870.471578049415	20902.82368962617	aCM-RA	False	0.36581367	-0.49665895	0.4626675	0.3104742	0.4895135	0.291852	0.408942	-0.1503976	0.42365825	-0.10961903	0.96963584	1.9620959	0.7711056	1.9040109	0.42817718	0.011992687	0.55611557	0.47472912	0.48665202	-0.25155532
ATR_006_set19__246	14797.414362211226	20888.792374046578	aCM-RA	False	0.32548395	-1.0154606	0.42114833	-0.16530837	0.46002695	-0.14509442	0.40482134	-0.2098944	0.36647353	-0.9243928	1.0238059	2.1220348	0.8386259	2.1827273	0.3625832	-1.1605688	0.50554127	-0.055238713	0.43989953	-0.41754207
ATR_006_set19__265	14799.814210108889	20652.496709494848	aCM-RA	False	0.4309808	0.34165114	0.36959225	-0.75610745	0.4285721	-0.61120844	0.3936503	-0.37118858	0.45302802	0.30884445	0.24348259	-0.18189873	0.2169259	-0.3835827	0.41426486	-0.23670468	0.5374277	0.2788993	1.0371395	1.702857
ATR_006_set19__267	14791.682296017218	20757.40909431407	aCM-RA	False	0.55212677	1.9000732	0.55563515	1.3758229	0.55460894	1.2564694	0.45196682	0.47082025	0.57364994	2.0274777	0.1935166	-0.3294252	0.30406803	-0.02386947	0.5068203	1.4178216	0.5778811	0.70281	0.95058346	1.3955544
ATR_006_set19__274	14735.79134931433	20701.752125479816	aCM-RA	False	0.3431321	-0.7884347	0.48109764	0.5216716	0.47928616	0.14029837	0.40903845	-0.14900514	0.40537968	-0.37005395	0.94224954	1.8812368	0.78389394	1.9567997	0.38611245	-0.7399586	0.5509057	0.420135	0.41072422	-0.52112406
ATR_006_set19__290	14825.546390030751	20795.168903601625	aCM-RA	False	0.43463495	0.38865817	0.49949077	0.7324449	0.55885047	1.3193225	0.49592373	1.1054963	0.4575409	0.37314436	1.4720656	3.4455383	1.2117821	3.7230756	0.48097056	0.95572996	0.5790145	0.7146867	0.6246413	0.23835216
ATR_006_set19__313	14869.689952153876	20809.610919826628	aCM-RA	False	0.40370506	-0.009224054	0.5113223	0.86802673	0.44478837	-0.37090746	0.4100377	-0.13457748	0.41186243	-0.27768704	0.13054049	-0.51536447	0.18173708	-0.52883834	0.38015214	-0.84650546	0.35975626	-1.582919	0.57992196	0.07958376
ATR_006_set19__338	14798.218123628281	20672.42188366999	aCM-RA	False	0.33880046	-0.844157	0.4384221	0.032637924	0.45453203	-0.22652096	0.39963314	-0.28480467	0.37722725	-0.7711727	0.9455792	1.8910676	0.71755415	1.6829563	0.38405263	-0.77677995	0.5481984	0.39176518	0.45053148	-0.37979513
ATR_006_set19__391	14862.166928748298	20826.892592865694	aCM-RA	False	0.29684287	-1.3838995	0.40286934	-0.37477365	0.38703033	-1.2267952	0.34132692	-1.1266646	0.35351497	-1.1090276	0.81915367	1.5177916	0.67506564	1.5075684	0.35383642	-1.3169266	0.48144504	-0.30774286	0.4728831	-0.3004395
ATR_006_set19__60	14824.30826292193	20826.28657965622	aCM-RA	False	0.43726605	0.42250463	0.46248615	0.30839607	0.5618358	1.363561	0.50409347	1.2234559	0.44249028	0.15870161	1.5577431	3.6985044	1.2414225	3.8454282	0.47980505	0.9348953	0.5465955	0.37496853	0.62796974	0.25016925
ATR_006_set19__9	14897.275552668654	20738.184937308244	aEndocardial	False	0.47167727	0.86517066	0.5659585	1.4941218	0.49999893	0.44723058	0.40837696	-0.15855616	0.42503437	-0.0900119	0.07044693	-0.69279295	0.16686971	-0.5902092	0.45082688	0.41688	0.44014293	-0.74054754	0.71595573	0.5625486
ATR_007_set19__130	14746.670252665177	20433.76547919431	aCM-RA	False	0.36272573	-0.5363822	0.38957232	-0.52714884	0.4733292	0.052024856	0.41534677	-0.05792189	0.38202128	-0.70286685	0.9535316	1.9145476	0.7945028	2.000592	0.41962424	-0.14090009	0.4637245	-0.49343643	0.41723847	-0.4979963
ATR_007_set19__139	14724.276011373027	20429.296258343857	aCM-RA	False	0.34700888	-0.73856384	0.33024022	-1.207056	0.40067962	-1.0245332	0.34450695	-1.0807495	0.2567493	-2.4877546	0.11373372	-0.5649871	0.11004828	-0.8247619	0.3776548	-0.89114815	0.19336341	-3.3265486	0.2724193	-1.0121522
ATR_007_set19__282	14768.097451928652	20469.726929407705	aCM-RA	False	0.37774336	-0.34319538	0.39022902	-0.5196236	0.4527151	-0.25344512	0.3920733	-0.3939581	0.35714537	-1.0573013	0.49033585	0.54694474	0.42353463	0.46927568	0.39236414	-0.628203	0.31170055	-2.0864944	0.34236225	-0.7638316
ATR_007_set19__286	14717.73435296706	20604.000696261748	aCM-RA	False	0.32307893	-1.0463988	0.40234146	-0.3808229	0.44245043	-0.40555212	0.37269527	-0.67374974	0.36437234	-0.9543307	1.1613384	2.528105	0.8977099	2.4266198	0.38131896	-0.82564735	0.49670517	-0.14783205	0.3839153	-0.6163046
ATR_007_set19__316	14751.162626822863	20544.259911636942	aCM-RA	False	0.3198943	-1.0873657	0.42811066	-0.085524626	0.42532495	-0.65932626	0.3629458	-0.81451845	0.3793051	-0.7415673	0.81801605	1.5144328	0.6556245	1.4273175	0.35487404	-1.298378	0.52999634	0.20102584	0.32369348	-0.8301119
ATR_007_set19__320	14857.808082784875	20455.872634705425	vEndocardial	False	0.33568493	-0.88423526	0.35690644	-0.9014785	0.37649676	-1.382887	0.3335186	-1.2394059	0.37595567	-0.78929025	0.09897704	-0.6085568	0.19321501	-0.4814587	0.29978648	-2.283126	0.43904907	-0.7520101	0.7011865	0.5101128
ATR_007_set19__380	14751.86062215883	20490.935015937863	aCM-RA	False	0.3649153	-0.5082155	0.4672497	0.36298317	0.47604218	0.092227384	0.40523314	-0.20394847	0.4079862	-0.3329161	0.86025995	1.6391594	0.71810925	1.6852478	0.3923448	-0.62854874	0.5649991	0.56781965	0.42666546	-0.46452743
ATR_007_set19__42	14785.456283380488	20422.642958761666	aCM-RA	False	0.37262183	-0.40907875	0.48807198	0.601593	0.49750546	0.41028106	0.43764898	0.26409072	0.4306547	-0.0099328635	1.0021644	2.0581374	0.79739547	2.0125327	0.4486598	0.37814125	0.5635766	0.552913	0.40414762	-0.5444732
ATR_007_set19__80	14727.945752720354	20478.681511153223	aCM-RA	False	0.3925189	-0.15312275	0.4756547	0.459299	0.49298704	0.3433248	0.43547842	0.23275085	0.44589344	0.20719014	0.930626	1.8469177	0.7734149	1.9135435	0.45977256	0.5767933	0.5893684	0.8231854	0.38720655	-0.60461956
ATR_007_set19__87	14714.71823041917	20639.00747738966	aCM-RA	False	0.30531862	-1.2748674	0.41512582	-0.23432244	0.4268875	-0.63617134	0.38523874	-0.49263966	0.3819395	-0.704032	0.9727249	1.9712164	0.77918714	1.9373707	0.35212934	-1.3474425	0.5164493	0.05906624	0.32638735	-0.8205478
ATR_007_set19__95	14698.965816447399	20482.446520246605	aFibro	False	0.4532567	0.62820834	0.4460519	0.12007025	0.44782937	-0.32584438	0.3433999	-1.0967336	0.48258898	0.7300319	0.09769334	-0.61234695	0.22306228	-0.3582524	0.42318335	-0.07727721	0.47840518	-0.3395976	0.9148426	1.2686626
ATR_013_set19__104	15105.266703402358	19680.503979649326	vCM-RV-Hybrid	False	0.34863672	-0.71762335	0.3102171	-1.4365078	0.45651296	-0.19716653	0.4642612	0.64833385	0.39116585	-0.572574	1.2939062	2.919516	1.0274854	2.9623187	0.39105436	-0.6516167	0.40679732	-1.089976	0.251693	-1.0857373
ATR_013_set19__168	15061.847333680462	19611.571902340467	Proliferating vFibro	False	0.32336083	-1.0427724	0.38398215	-0.5912085	0.36666915	-1.5285176	0.30542573	-1.6450274	0.2713898	-2.2791553	0.13800548	-0.49332383	0.14242393	-0.6911188	0.38756162	-0.71405315	0.25198215	-2.7122834	0.29709324	-0.92455155
ATR_013_set19__24	15173.78209569252	19441.332341926547	vCM-LV-Compact I	False	0.3351871	-0.8906392	0.35924965	-0.8746269	0.42486	-0.6662161	0.42710125	0.11179635	0.34946787	-1.1666911	0.6268628	0.9500457	0.55155337	0.9977231	0.40299883	-0.4380967	0.39801085	-1.1820494	0.19592968	-1.2837156
ATR_013_set19__290	14951.29778020406	19541.65202114152	Proliferating vFibro	False	0.43490905	0.39218408	0.4267081	-0.10159701	0.4554827	-0.21243353	0.39936242	-0.28871357	0.48357317	0.7440548	0.2742215	-0.091140926	0.29823694	-0.047939587	0.4224649	-0.09012017	0.51334375	0.0265235	0.718299	0.57086784
ATR_013_set19__327	14920.983756285546	19569.376674662835	vCM-LV-Compact I	False	0.3614963	-0.55219764	0.3425954	-1.0654738	0.47267047	0.042263597	0.47953206	0.86882365	0.4235628	-0.11097911	1.261635	2.824234	0.9985584	2.8429112	0.39720252	-0.54171187	0.5244145	0.1425336	0.25601476	-1.0703937
ATR_013_set19__360	14894.50670095058	19428.166966763194	Epicardial	False	0.41155553	0.09176439	0.38940653	-0.5290487	0.43131015	-0.57063454	0.35583115	-0.917244	0.4475234	0.23041381	0.100537874	-0.60394835	0.18931462	-0.49755907	0.42972234	0.039614066	0.5153361	0.04740127	0.87915826	1.1419713
ATR_013_set19__436	15109.657110401213	19410.419622255773	vCM-RV-Hybrid	False	0.2521808	-1.9584323	0.17970605	-2.9320793	0.33989188	-1.9253167	0.36556554	-0.77669305	0.28355235	-2.1058621	0.94492155	1.889126	0.7579885	1.849865	0.31628826	-1.9881394	0.2798849	-2.4198904	0.12649864	-1.5302187
ATR_013_set19__442	15115.885124954584	19478.927114088212	Trabecular vFibro	False	0.3868582	-0.22594218	0.48092204	0.5196594	0.4183524	-0.76264906	0.33628333	-1.1994871	0.4374834	0.08736309	0.12521899	-0.53107643	0.23483153	-0.30967024	0.41780978	-0.17333539	0.45139655	-0.6226208	0.8033529	0.8728373
ATR_013_set19__491	15017.345752913725	19549.376396584918	vCM-LV-Compact II	False	0.3124626	-1.1829673	0.30791458	-1.4628932	0.4331701	-0.54307264	0.43392518	0.21032427	0.35528967	-1.0837415	1.3456511	3.072295	1.0498148	3.0544922	0.34074557	-1.5509393	0.37784508	-1.3933663	0.22777091	-1.1706686
ATR_013_set19__496	15020.338515112728	19699.836808835462	vCM-RV-Hybrid	False	0.32893082	-0.97112	0.27857375	-1.7991201	0.41375482	-0.83077824	0.4529727	0.48534384	0.3653092	-0.9409821	1.0850458	2.302848	0.8452689	2.210149	0.30774176	-2.140917	0.42566356	-0.89227676	0.23417854	-1.1479195
ATR_013_set19__523	14944.983494298072	19525.07919398134	vCM-RV-Proliferating	False	0.38026634	-0.31073985	0.3735514	-0.7107382	0.47515982	0.07915217	0.45325008	0.48934868	0.4033075	-0.39957863	0.8929005	1.7355319	0.7043329	1.6283804	0.43100736	0.06258509	0.4806275	-0.31630984	0.2581114	-1.06295
ATR_013_set19__534	14914.199689422907	19627.140747817517	vCM-LV-Compact I	False	0.37048706	-0.43654045	0.35058194	-0.9739531	0.46350223	-0.09359598	0.46855327	0.71030533	0.39604348	-0.5030771	1.1938195	2.6240065	0.9869907	2.795161	0.45945042	0.57103485	0.57376766	0.65970534	0.24370135	-1.1141105
ATR_013_set19__535	14910.761715646726	19636.44258248292	vCM-LV-Compact II	False	0.3608158	-0.5609517	0.3670257	-0.7855184	0.4852911	0.22928245	0.47501582	0.8036154	0.43001017	-0.01911626	1.0860311	2.305757	0.879423	2.3511333	0.4231308	-0.07821645	0.47516212	-0.37358162	0.2792714	-0.987825
ATR_013_set19__550	14881.829023502341	19618.579822012187	vCM-LV-Compact I	False	0.34735885	-0.73406184	0.36073074	-0.8576546	0.4626745	-0.1058617	0.45688623	0.5418496	0.38252398	-0.6957043	1.4767716	3.459433	1.1227455	3.3555422	0.3934763	-0.6083219	0.50190616	-0.093330994	0.3880896	-0.6014844
ATR_013_set19__597	14958.190169441483	19456.548219967815	Pericyte	False	0.4875017	1.0687363	0.4780622	0.4868876	0.51186335	0.6230436	0.3999106	-0.28079855	0.5237321	1.3162436	0.17289636	-0.39030722	0.26853132	-0.17056113	0.46062753	0.59207684	0.5692995	0.6128837	0.82171565	0.9380312
ATR_013_set19__605	15162.554868353232	19507.583409236966	vCM-RV-AV	False	0.3629809	-0.5330997	0.3068632	-1.4749416	0.4708248	0.014913706	0.45884266	0.57009774	0.39463758	-0.5231084	1.252844	2.7982783	0.9921563	2.8164842	0.39397755	-0.5993616	0.45858505	-0.5472926	0.27923056	-0.98796993
ATR_013_set19__622	15134.316104105916	19453.44033525321	Pericyte	False	0.36006248	-0.5706423	0.3668878	-0.7870986	0.44210482	-0.41067365	0.38742155	-0.46112293	0.38528025	-0.6564327	0.13154171	-0.5124084	0.19605981	-0.46971568	0.48339498	0.99906904	0.3728516	-1.4456929	0.11266638	-1.5793278
ATR_013_set19__653	14937.073212808096	19555.339859596526	vCM-LV-Compact I	False	0.38074026	-0.30464336	0.4266424	-0.10235005	0.5012991	0.46649694	0.48022488	0.8788269	0.44299826	0.16593938	1.418474	3.287307	1.093727	3.2357569	0.42371693	-0.06773889	0.56445867	0.56215644	0.47568506	-0.29049164
ATR_013_set19__656	14891.59156058375	19492.301115510392	Compact vFibro	False	0.42444667	0.2575961	0.3941866	-0.47427237	0.43506435	-0.5150029	0.37841934	-0.5911022	0.43963155	0.11797016	0.2496749	-0.1636157	0.26359978	-0.190918	0.43063116	0.055860214	0.4371266	-0.7721555	0.71889657	0.57298946
ATR_013_set19__674	15074.198572212066	19582.919189762528	vCM-RV-AV	False	0.27701235	-1.6389995	0.364611	-0.8131893	0.3541027	-1.7147335	0.47317365	0.77701706	0.31511906	-1.6560965	0.76115847	1.3465586	0.606823	1.2258703	0.3127823	-2.0508125	0.41449738	-1.0092871	0.15163921	-1.4409614
ATR_014_set19__117	15078.011814914866	19259.452882930695	vCM-RV-Hybrid	False	0.3584853	-0.590931	0.38160834	-0.6184109	0.48376834	0.20671757	0.47045755	0.7378005	0.4148504	-0.23511401	1.4275162	3.3140047	1.1181226	3.3364594	0.41067147	-0.30094022	0.5339845	0.24281761	0.38510257	-0.6120894
ATR_014_set19__2	15179.165835446338	19329.87828440484	vCM-RV-Hybrid	False	0.38504073	-0.24932204	0.40245533	-0.37951797	0.48101088	0.16585614	0.50002164	1.1646643	0.4343436	0.04262698	0.8579962	1.6324757	0.70560896	1.6336479	0.40233275	-0.45000362	0.52406	0.13881913	0.4017842	-0.552864
ATR_014_set19__212	14963.4842645948	19286.791360047264	vCM-LV-Compact I	False	0.34719345	-0.73618954	0.40112114	-0.39480692	0.46483576	-0.07383499	0.43853685	0.27691033	0.40367144	-0.39439312	1.3480226	3.0792968	1.0264047	2.957858	0.3904774	-0.66193074	0.5416114	0.32273975	0.46459135	-0.32987797
ATR_014_set19__265	15142.411245596077	19199.199136587562	vCM-RV-Hybrid	False	0.26367697	-1.8105458	0.21626203	-2.513172	0.34878013	-1.7936062	0.3966544	-0.32781354	0.2927308	-1.9750866	1.2164115	2.69071	0.9920794	2.8161666	0.32500502	-1.8323182	0.306972	-2.136045	0.20076963	-1.2665322
ATR_014_set19__290	15092.277593873918	19186.952380119503	vCM-LV-Compact II	False	0.3699563	-0.44336802	0.37745148	-0.6660458	0.48751	0.26216325	0.48757878	0.9850069	0.42162034	-0.13865542	1.443776	3.3620124	1.1122845	3.3123605	0.4186675	-0.1580029	0.5230267	0.12799111	0.32359552	-0.8304597
ATR_014_set19__311	15014.056435107284	19296.314766077372	BEC	False	0.27714375	-1.6373091	0.41526806	-0.23269239	0.37101382	-1.464136	0.29564655	-1.7862251	0.30213755	-1.8410583	0.10682038	-0.58539903	0.12825383	-0.7496114	0.42941636	0.034144346	0.19767942	-3.2813215	0.37974882	-0.63109696
ATR_014_set19__328	14978.368261819454	19216.20867465953	Epicardial	False	0.4217997	0.2235453	0.35452515	-0.9287666	0.41663837	-0.78804827	0.344518	-1.0805899	0.45276162	0.3050487	0.12613358	-0.5283761	0.19280775	-0.4831398	0.4483931	0.3733737	0.47417775	-0.38389683	0.9205358	1.2888753
ATR_014_set19__343	14934.182739533475	19307.646584855833	Epicardial	False	0.42606604	0.27842766	0.43994567	0.050096862	0.45475855	-0.22316416	0.36370462	-0.80356205	0.49255627	0.87204695	0.06441319	-0.7106078	0.2044938	-0.43490106	0.4376737	0.1817528	0.46167117	-0.51495314	0.73890334	0.64402014
ATR_014_set19__406	14920.79641650136	19314.02219141051	Compact vFibro	False	0.37439346	-0.38628852	0.35973054	-0.8691162	0.38046473	-1.3240876	0.29769343	-1.756671	0.3946702	-0.5226439	0.11151387	-0.5715413	0.18302652	-0.52351564	0.4107228	-0.30002284	0.43099642	-0.8363938	0.89766926	1.2076916
ATR_014_set19__488	14973.527914511755	19328.74251861466	vCM-RV-Hybrid	False	0.3410649	-0.81502724	0.38939676	-0.5291607	0.44653875	-0.34496945	0.428204	0.12771845	0.38964877	-0.59418964	1.3612902	3.11847	1.0326498	2.9836369	0.38682595	-0.727204	0.61585283	1.1007156	0.46727479	-0.3203509
ATR_014_set19__502	15099.166359719227	19267.327405710508	Trabecular vFibro	False	0.46179855	0.73809075	0.43486446	-0.008130452	0.48676002	0.25104976	0.40099972	-0.26507312	0.48231998	0.7261992	0.25110194	-0.15940231	0.2763986	-0.13808587	0.47665524	0.87858915	0.5859	0.78684014	0.8952338	1.199045
ATR_014_set19__521	15002.581896510423	19328.053133562087	vCM-RV-Hybrid	False	0.3187995	-1.1014495	0.37564692	-0.6867249	0.43321273	-0.5424411	0.4171032	-0.03256151	0.3796577	-0.73654354	1.3061762	2.9557438	1.0255239	2.954222	0.37776324	-0.8892095	0.50844055	-0.024857076	0.40821823	-0.53002113
ATR_018_set19__151	15233.899033870388	18995.015742165506	Epicardial	False	0.36453873	-0.51305985	0.2990759	-1.5641788	0.3692128	-1.4908243	0.28865585	-1.887161	0.31569526	-1.6478868	0.2117863	-0.27548322	0.22197579	-0.36273733	0.37022153	-1.0240256	0.42250288	-0.9253975	0.8508531	1.0414786
ATR_018_set19__168	15301.991082674742	18974.167436065847	EPDC	False	0.48747516	1.0683947	0.45744005	0.25057104	0.48975927	0.29549408	0.3955068	-0.34438324	0.50260484	1.01522	0.13869876	-0.49127692	0.22109406	-0.36637703	0.47565934	0.8607863	0.5725465	0.6469086	0.91748494	1.2780437
ATR_018_set19__173	15423.683041678674	19052.533426509828	Compact vFibro	False	0.46757656	0.8124191	0.44201532	0.07381373	0.49210566	0.33026418	0.39714363	-0.32074967	0.49716318	0.93768656	0.1236095	-0.53582853	0.23893008	-0.29275185	0.4954316	1.2142363	0.53572863	0.26109457	0.8866411	1.1685379
ATR_018_set19__234	15383.56949989622	19085.735930696366	Compact vFibro	False	0.35016787	-0.6979266	0.33192605	-1.1877376	0.40227365	-1.000912	0.32206655	-1.4047574	0.39811352	-0.47358298	0.15053417	-0.45633242	0.18229103	-0.52655166	0.4053913	-0.39532876	0.3892675	-1.2736708	0.7153846	0.5605208
ATR_018_set19__50	15318.59102321885	19033.85816819882	vCM-RV-Hybrid	False	0.33293676	-0.9195876	0.34113386	-1.082222	0.43067282	-0.5800787	0.4955199	1.0996656	0.37322006	-0.8282676	1.3041682	2.9498153	1.0171301	2.9195735	0.3408461	-1.5491424	0.4547851	-0.5871122	0.19095652	-1.3013719
ATR_018_set19__94	15489.040825408385	18942.07385750627	Epicardial	False	0.40681285	0.030754516	0.38214058	-0.6123118	0.4329047	-0.5470058	0.38191974	-0.54056126	0.41739398	-0.19887298	0.13113788	-0.5136007	0.22210155	-0.36221817	0.42125666	-0.111718826	0.45714095	-0.5624253	0.79767394	0.85267514
ATR_019_set19__114	15385.676604731301	19136.632888094235	vCM-RV-Hybrid	False	0.31732664	-1.1203964	0.3393044	-1.1031866	0.43569392	-0.5056736	0.42709208	0.11166381	0.3827313	-0.6927506	1.436974	3.3419294	1.0951036	3.2414396	0.38703215	-0.72351795	0.48340192	-0.28723675	0.32120377	-0.83895123
ATR_019_set19__119	15387.860979396008	19303.33938451406	EPDC	False	0.34571695	-0.7551832	0.26523	-1.9520308	0.4068613	-0.9329298	0.33530685	-1.213586	0.27044374	-2.292635	0.042084333	-0.7765346	0.065685235	-1.0078877	0.42167348	-0.10426781	0.17691281	-3.4989345	0.26479873	-1.0392077
ATR_019_set19__135	15373.1469923636	19115.36649047486	VIC	True	0.48294732	1.0101485	0.5374122	1.167	0.50017715	0.44987148	0.39585948	-0.33929104	0.49148336	0.85676	0.1419917	-0.48155436	0.20442806	-0.43517244	0.5025593	1.3416514	0.71828556	2.1741076	0.8762941	1.1318026
ATR_019_set19__158	15351.120626647808	19086.038803213884	vCM-RV-AV	False	0.38965827	-0.18992198	0.35334244	-0.94231963	0.4239403	-0.6798446	0.40551087	-0.19993846	0.3145502	-1.6642017	0.16605833	-0.41049674	0.1811588	-0.53122544	0.39409357	-0.5972876	0.29150054	-2.2981703	0.47017828	-0.31004253
ATR_019_set19__181	15334.799056063475	19122.479209899797	vCM-RV-Hybrid	False	0.34744096	-0.7330056	0.3686973	-0.76636314	0.44786647	-0.32529455	0.44577807	0.38146338	0.40189657	-0.41968173	1.3214715	3.0009036	1.0289123	2.968209	0.39365795	-0.6050748	0.5393989	0.29955536	0.27382728	-1.0071534
ATR_019_set19__224	15300.099265954306	19223.283165883146	vCM-LV-Compact I	False	0.43140936	0.34716412	0.4546975	0.21914312	0.5411991	1.0577554	0.53958076	1.7358426	0.4694541	0.542885	1.351425	3.0893426	1.1082551	3.2957277	0.44647616	0.3391063	0.628605	1.2343456	0.4380864	-0.42397934
ATR_019_set19__234	15293.6401484428	19241.49918183817	VIC	True	0.4003921	-0.051842175	0.33041078	-1.2051016	0.3873831	-1.2215676	0.4193908	0.00046817044	0.386956	-0.6325563	0.27312177	-0.09438793	0.21780917	-0.37993667	0.42619362	-0.023465414	0.4636217	-0.49451354	0.63100076	0.26093036
ATR_019_set19__298	15249.764552090888	19318.875689519668	VIC	True	0.56550115	2.0721214	0.58284074	1.6875812	0.58555025	1.7149733	0.5460617	1.8294182	0.59068274	2.2701628	0.366877	0.18242784	0.30689076	-0.01221756	0.59019595	2.908249	0.7995873	3.0260682	0.88651127	1.168077
ATR_019_set19__366	15194.472759576516	19271.224060853612	vCM-RV-Hybrid	False	0.3855899	-0.24225755	0.385089	-0.57852465	0.4944856	0.3655311	0.5077095	1.2756664	0.46075004	0.41886857	1.1711841	2.5571744	0.95501244	2.6631584	0.40665704	-0.37270242	0.6025255	0.96105826	0.26607215	-1.0346867
ATR_019_set19__44	15446.729067502898	19108.705520292384	vCM-LV-Compact II	False	0.34318614	-0.7877396	0.36623815	-0.79454327	0.39887962	-1.0512065	0.36416304	-0.7969431	0.32291475	-1.5450227	0.11585422	-0.55872625	0.1649291	-0.5982198	0.41084644	-0.29781246	0.27728248	-2.4471612	0.13075645	-1.5151021
ATR_019_set19__466	15344.519030904112	19361.172304633274	VIC	True	0.47800362	0.9465528	0.51824236	0.9473259	0.47792646	0.12014962	0.37210333	-0.68229645	0.5175673	1.2284063	0.20461519	-0.2966562	0.24861424	-0.2527767	0.4514456	0.4279404	0.6036096	0.9724191	0.7279523	0.6051403
ATR_019_set19__48	15447.682834041163	19123.294166075757	vCM-RV-Hybrid	False	0.37024418	-0.43966496	0.3232172	-1.2875351	0.41960013	-0.7441595	0.3736074	-0.66057986	0.27968636	-2.1609452	0.13849476	-0.49187922	0.124608845	-0.7646575	0.3923841	-0.62784606	0.23813976	-2.8573377	0.24803096	-1.0987388
ATR_019_set19__602	15252.237546815688	19195.916226176723	BEC	False	0.36239043	-0.5406956	0.34244183	-1.0672336	0.37798768	-1.3607938	0.3092343	-1.5900372	0.34690416	-1.2032192	0.15923129	-0.43065384	0.1615719	-0.612078	0.40768003	-0.35441533	0.26079252	-2.6199594	0.6435566	0.30550772
ATR_019_set19__642	15198.710325376362	19343.78788856502	vCM-RV-Hybrid	False	0.3331384	-0.9169937	0.31357375	-1.3980429	0.42602292	-0.64898336	0.49456242	1.0858408	0.3511935	-1.1421044	1.2898843	2.9076414	1.0476855	3.0457027	0.33821866	-1.5961105	0.41236615	-1.0316203	0.26718897	-1.0307215
ATR_019_set19__65	15431.670667772605	19271.31247678529	VIC	True	0.48378378	1.0209088	0.5859693	1.7234328	0.51172405	0.6209794	0.47773743	0.8429116	0.43718264	0.08307775	0.09994214	-0.6057072	0.16814242	-0.58495563	0.43740976	0.17703478	0.5246625	0.14513254	0.73050255	0.6141945
ATR_019_set19__68	15424.51500746198	19099.808492758264	vCM-LV-Compact I	False	0.5070023	1.3195918	0.5524065	1.3388245	0.5350885	0.9672053	0.46077293	0.5979681	0.5413394	1.5671139	0.45504794	0.44275585	0.4431653	0.55030894	0.5223355	1.6951723	0.4444745	-0.6951571	0.90271676	1.2256118
ATR_019_set19__89	15410.158192895504	19220.104218241624	vCM-RV-AV	False	0.38232183	-0.2842979	0.41288605	-0.25998867	0.41112518	-0.86974555	0.4157041	-0.05276255	0.40351054	-0.39668566	0.14463024	-0.473764	0.20900548	-0.41627738	0.3947542	-0.5854782	0.51363474	0.029572781	0.7029178	0.5162596
ATR_020_set19__141	15396.70770058429	19449.704410564867	VIC	True	0.40082473	-0.04627669	0.42768306	-0.09042468	0.4436246	-0.38815296	0.3532552	-0.95443684	0.43045703	-0.012749411	0.17091368	-0.39616114	0.18334402	-0.52220505	0.42315838	-0.07772365	0.48405474	-0.28039584	0.79246217	0.83417165
ATR_020_set19__176	15374.819262722885	19433.25000362847	VIC	True	0.4374579	0.42497241	0.47701547	0.4748926	0.43159628	-0.56639445	0.37898633	-0.58291566	0.44647685	0.21550262	0.2346646	-0.20793417	0.2638212	-0.19000395	0.41787946	-0.17208982	0.52487516	0.14736111	0.5943692	0.13087612
ATR_020_set19__197	15364.93314670662	19596.36526361956	VIC	True	0.5286724	1.5983561	0.65337044	2.4958055	0.55808157	1.3079286	0.4449997	0.3702247	0.5782188	2.0925756	0.18005402	-0.36917394	0.27391878	-0.1483223	0.53624713	1.943857	0.679316	1.7657456	0.9047703	1.2329026
ATR_020_set19__240	15341.595883254266	19544.670200532433	VIC	True	0.37363547	-0.39603934	0.41411757	-0.24587625	0.37964728	-1.336201	0.32215014	-1.4035504	0.42129713	-0.1432605	0.0683667	-0.6989349	0.1449369	-0.6807455	0.33068728	-1.7307417	0.45390752	-0.59630847	0.6759123	0.42038122
ATR_020_set19__274	15313.274935661691	19605.381294764204	VIC	True	0.4332962	0.37143648	0.46114433	0.29301968	0.44327718	-0.39330098	0.3911616	-0.40712196	0.42076108	-0.15089825	0.13730091	-0.49540412	0.20176262	-0.4461751	0.47945604	0.9286563	0.51270145	0.019792845	0.7907861	0.828221
ATR_020_set19__288	15303.654228728097	19540.91388819069	VIC	True	0.49662352	1.1860791	0.50978583	0.8504196	0.51315457	0.64217746	0.42872494	0.13524015	0.5314584	1.4263281	0.23535776	-0.2058876	0.28064597	-0.1205532	0.4658478	0.6853945	0.5889262	0.81855154	0.8975022	1.2070984
ATR_020_set19__409	15234.768894109842	19425.266485165845	VIC	True	0.44395766	0.50858545	0.5056123	0.8025938	0.4645978	-0.077361375	0.41167402	-0.11095123	0.50406164	1.0359765	0.16143447	-0.42414886	0.20232718	-0.44384465	0.44383478	0.29188883	0.5938344	0.86998457	0.5382925	-0.06821447
ATR_020_set19__485	15193.957619305536	19623.073124407103	VIC	True	0.36221838	-0.5429088	0.40904042	-0.30405712	0.3803872	-1.3252367	0.31756175	-1.4698005	0.39719304	-0.486698	0.13809271	-0.49306628	0.17909868	-0.53972936	0.3311896	-1.7217623	0.46174684	-0.5141602	0.41941693	-0.49026206
ATR_020_set19__509	15174.932291490506	19486.590494393753	Compact vFibro	False	0.2832614	-1.5586118	0.21750264	-2.4989552	0.33406723	-2.0116293	0.29091653	-1.85452	0.29520667	-1.9398103	0.16158819	-0.423695	0.27352753	-0.14993732	0.3394686	-1.5737666	0.3026138	-2.1817145	0.6022124	0.15872228
ATR_020_set19__575	15376.162987130316	19663.720830323513	VIC	True	0.43342188	0.3730532	0.45749947	0.25125203	0.4513076	-0.27430224	0.33880585	-1.1630653	0.47497132	0.6214948	0.11984305	-0.5469491	0.21072973	-0.4091598	0.4386574	0.19933774	0.52263343	0.12387003	0.8130571	0.9072905
ATR_020_set19__62	15452.768994966711	19476.828624981197	VIC	True	0.3748048	-0.38099715	0.35010147	-0.97945905	0.38698614	-1.2274501	0.33850217	-1.1674501	0.3909123	-0.5761868	0.09788107	-0.6117926	0.15217188	-0.6508803	0.4103064	-0.3074664	0.4768186	-0.35622346	0.5143393	-0.15325624
ATR_020_set19__620	15249.863472082656	19680.661085345822	VIC	True	0.37093705	-0.43075183	0.4133477	-0.2546986	0.3956807	-1.0986098	0.335393	-1.212342	0.34019852	-1.2987618	0.11785926	-0.5528063	0.1463208	-0.67503285	0.4393789	0.21223503	0.2622643	-2.6045365	0.54002833	-0.062051784
ATR_020_set19__625	15234.179057425292	19497.725636853807	VIC	True	0.5293596	1.607196	0.57386357	1.5847087	0.539205	1.0282062	0.4619468	0.6149169	0.55003047	1.6909451	0.19270946	-0.3318083	0.26045814	-0.20388635	0.5075609	1.4310604	0.6126943	1.0676175	0.8519525	1.0453819
ATR_020_set19__67	15446.696588974235	19412.039852329835	Trabecular vFibro	False	0.5232214	1.5282341	0.5860612	1.7244854	0.5443685	1.1047214	0.4744555	0.79552525	0.56852454	1.9544505	0.100985825	-0.6026257	0.20390788	-0.4373197	0.45932764	0.56883997	0.59298193	0.86105156	0.8510549	1.0421952
ATR_020_set19__765	15359.504097380604	19562.37667862532	VIC	True	0.5485102	1.8535496	0.5882675	1.7497684	0.5664284	1.4316164	0.44758105	0.4074959	0.5437389	1.6013023	0.14473683	-0.4734493	0.19665407	-0.46726266	0.517826	1.6145601	0.71509635	2.140688	0.80894303	0.89268416
ATR_020_set19__778	15393.569413243222	19585.70091862773	Proliferating vFibro	False	0.40893334	0.058032565	0.4507241	0.17361061	0.4260507	-0.6485718	0.35391495	-0.94491124	0.41842598	-0.18416901	0.3457645	0.120092385	0.28397056	-0.10682962	0.40891623	-0.33231694	0.42114988	-0.93957555	0.77563226	0.7744199
ATR_020_set19__840	15460.38504498528	19599.022404418894	VIC	True	0.42722464	0.29333183	0.4615085	0.297193	0.45402908	-0.23397383	0.38011855	-0.56656796	0.4847118	0.76027805	0.14808646	-0.46355936	0.21286355	-0.40035164	0.4374022	0.17689946	0.47436556	-0.38192874	0.760943	0.72226816
ATR_020_set19__909	15479.66681421997	19542.600227689927	VIC	True	0.45118672	0.6015801	0.54698855	1.2767384	0.50637794	0.54175794	0.41900817	-0.005056499	0.4856673	0.773892	0.25376022	-0.15155365	0.23329441	-0.31601527	0.48749936	1.0724391	0.58463156	0.77354807	0.86932886	1.1070738
ATR_020_set19__921	15393.801494817337	19482.66203103741	VIC	True	0.53145427	1.634142	0.54616433	1.2672936	0.583216	1.6803834	0.5382512	1.7166458	0.5324294	1.4401633	0.25731403	-0.1410609	0.28682545	-0.09504497	0.5027263	1.344637	0.6686363	1.6538335	0.9432128	1.3693862
ATR_021_set19__109	15406.915875789713	19710.997396501858	Trabecular vFibro	False	0.346425	-0.7460749	0.33685172	-1.1312926	0.36880758	-1.4968292	0.33628133	-1.1995159	0.32524768	-1.5117829	0.36132	0.16602059	0.3119192	0.008539362	0.4020074	-0.4558196	0.33162203	-1.8777374	0.7104433	0.54297763
ATR_021_set19__225	15290.358409501861	19740.090850452696	vCM-RV-Proliferating	False	0.45715776	0.67839164	0.47934407	0.50157684	0.57571656	1.5692527	0.56217915	2.0621316	0.47907513	0.67996633	1.3268381	3.016749	1.0903276	3.2217247	0.5029279	1.3482405	0.62636614	1.2108845	0.4061097	-0.5375072
ATR_021_set19__304	15241.057725783221	19972.120172348164	vCM-LV-Compact II	False	0.3905945	-0.17787819	0.35825828	-0.8859874	0.51101494	0.61047137	0.50067717	1.1741292	0.45042208	0.2717147	1.319976	2.996488	1.0623145	3.1060896	0.43214107	0.08285135	0.53721637	0.2766845	0.30225706	-0.9062183
ATR_021_set19__329	15215.113935814583	19720.60388973098	VIC	True	0.50340205	1.2732784	0.559869	1.42434	0.5335591	0.94454193	0.45965198	0.5817831	0.5428003	1.587929	0.16174623	-0.42322838	0.23042807	-0.3278472	0.4895104	1.1083883	0.6635481	1.6005142	0.8585253	1.0687175
ATR_021_set19__330	15220.132759078682	19969.82605604293	Proliferating vFibro	False	0.45194688	0.6113589	0.43505174	-0.0059843706	0.47151077	0.02507861	0.44444352	0.3621944	0.43310574	0.024989694	0.26419136	-0.12075532	0.2919607	-0.073847264	0.4626615	0.6284363	0.51097155	0.001665175	0.74174666	0.65411484
ATR_021_set19__331	15220.003189332354	19871.858112980313	Compact vFibro	False	0.482707	1.0070571	0.50289327	0.7714353	0.5052013	0.5243217	0.45874524	0.5686911	0.502943	1.0200378	0.28586298	-0.056769043	0.31607792	0.025706047	0.46689075	0.70403856	0.50163424	-0.0961804	0.8865798	1.1683203
ATR_021_set19__39	15475.298736353689	19818.52590241005	vCM-LV-Compact II	False	0.41464263	0.1314769	0.45472822	0.21949522	0.5359635	0.98017144	0.5114877	1.3302186	0.46059144	0.41660872	1.4489198	3.3771994	1.1467328	3.4545593	0.4773255	0.89057064	0.62243855	1.1697273	0.4076581	-0.5320098
ATR_021_set19__391	15481.001481793328	19828.39467040083	vCM-RV-Hybrid	False	0.33346134	-0.9128394	0.3529246	-0.94710803	0.4119812	-0.85706073	0.42723504	0.11372798	0.3612769	-0.99843496	0.8953103	1.7426468	0.65246844	1.4142896	0.37143955	-1.0022522	0.44105548	-0.7309849	0.25582838	-1.0710554
ATR_021_set19__394	15474.072719541964	19780.50567185458	Trabecular vFibro	False	0.34326863	-0.78667843	0.354291	-0.9314499	0.38206607	-1.3003582	0.32334733	-1.3862647	0.33340886	-1.3955015	0.07786991	-0.6708764	0.1748512	-0.55726254	0.4105874	-0.3024431	0.30129036	-2.1955829	0.4773843	-0.2844588
ATR_021_set19__451	15365.595703858657	19924.051846196217	vCM-RV-Trabecular	False	0.41098982	0.084487125	0.4754715	0.4571997	0.5315627	0.9149583	0.506939	1.2645413	0.4967079	0.93119955	1.2537607	2.800985	0.98283505	2.778007	0.43165293	0.074125476	0.6452338	1.4085987	0.41740572	-0.49740252
ATR_021_set19__490	15282.149976457718	19946.67785758737	EPDC	False	0.38801822	-0.2110196	0.32767108	-1.2364967	0.41125247	-0.86785936	0.35422587	-0.9404219	0.42289197	-0.12053703	0.286913	-0.05366881	0.24209139	-0.2797023	0.40487435	-0.4045698	0.43983045	-0.743822	0.6931685	0.48164642
ATR_021_set19__503	15261.588720146097	19891.33965790945	VIC	True	0.48168904	0.993962	0.49792704	0.7145256	0.5115417	0.61827755	0.38231066	-0.534917	0.48753148	0.80045325	0.096981294	-0.6144493	0.2466417	-0.26091912	0.48713702	1.065962	0.6085463	1.0241506	0.8051979	0.8793877
ATR_021_set19__510	15228.274122409288	19718.9972048985	vCM-RV-Proliferating	False	0.26211143	-1.8306849	0.19652763	-2.739315	0.35587052	-1.6885371	0.37092575	-0.69929904	0.29600668	-1.9284116	1.0067887	2.0717912	0.81738144	2.0950325	0.32351708	-1.8589166	0.2985246	-2.2245653	0.0913303	-1.6550779
ATR_021_set19__561	15405.9980627692	19915.026266842524	vCM-LV-Compact I	False	0.3955123	-0.11461558	0.45731097	0.24909195	0.503783	0.50330466	0.48453915	0.94111896	0.45316577	0.31080708	1.2057594	2.6592596	0.9560058	2.667259	0.4205998	-0.12346113	0.58323467	0.75891	0.53055805	-0.09567442
ATR_021_set19__587	15247.292663940356	19899.63644436348	vCM-LV-Compact I	False	0.43509534	0.39458057	0.4323896	-0.0364909	0.55393434	1.2464727	0.5600701	2.0316799	0.46418512	0.46781188	1.329465	3.024505	1.1400318	3.4268982	0.4511665	0.4229512	0.60315615	0.9676671	0.34433168	-0.7568395
ATR_021_set19__708	15429.332308454714	19888.443235857554	vCM-LV-Compact I	False	0.3709611	-0.43044245	0.41088507	-0.2829187	0.49616784	0.39045957	0.47976932	0.8722493	0.42764914	-0.052756447	1.522128	3.5933495	1.1609012	3.5130448	0.41983965	-0.13704939	0.55135155	0.42480698	0.45296368	-0.37116003
ATR_021_set19__725	15304.974637172823	19956.834960506912	Proliferating vFibro	False	0.46514547	0.7811455	0.41943496	-0.18494242	0.4695365	-0.0041768975	0.4156653	-0.053322807	0.4776571	0.65976214	0.22590727	-0.23379053	0.32119465	0.046827357	0.46059436	0.5914839	0.5406645	0.31281742	0.7890014	0.8218848
ATR_021_set19__785	15365.24200979301	19713.09102939363	VIC	True	0.44084832	0.46858695	0.5044109	0.78882664	0.4987089	0.42811435	0.42124683	0.027266625	0.48320767	0.73884714	0.25681967	-0.14252052	0.30183896	-0.033070806	0.44838434	0.37321705	0.5630261	0.54714423	0.6845578	0.4510755
ATR_021_set19__82	15429.057079096367	19718.85124413061	VIC	True	0.48736355	1.0669589	0.5438999	1.2413445	0.5121359	0.6270827	0.43731305	0.25924033	0.5353987	1.4824705	0.15278095	-0.44969872	0.23494264	-0.30921155	0.4964606	1.2326305	0.55785185	0.49292362	0.8902242	1.1812592
ATR_021_set19__821	15214.342246595894	19763.49918023887	vCM-RV-Proliferating	False	0.39281175	-0.14935568	0.48191926	0.53108686	0.49887517	0.43057817	0.4993041	1.1543039	0.4600601	0.40903804	1.128877	2.4322615	0.91965514	2.5172074	0.391924	-0.63607115	0.6096667	1.0358912	0.37417105	-0.6508999
ATR_022_set19__156	15713.00300014367	19902.7878507929	VIC	True	0.42478406	0.2619363	0.47831157	0.48974508	0.45777413	-0.17847781	0.30404687	-1.6649363	0.47458327	0.6159658	0.09870944	-0.60934687	0.14366077	-0.6860132	0.42301038	-0.08036928	0.38122943	-1.3579017	0.59506077	0.1333315
ATR_022_set19__159	15713.597070923064	19791.421842130563	VIC	True	0.45465598	0.64620864	0.5657911	1.4922031	0.45102108	-0.27854803	0.42126676	0.027554497	0.45357656	0.31666014	0.2246312	-0.23755816	0.26288122	-0.19388415	0.4433151	0.28259876	0.37643757	-1.4081156	0.9405594	1.3599657
ATR_022_set19__166	15707.689576950792	19790.237116147568	VIC	True	0.5414923	1.7632711	0.564309	1.4752196	0.53578705	0.977557	0.4129641	-0.09232424	0.5767574	2.0717528	0.14396784	-0.47571975	0.26520807	-0.18427917	0.4930927	1.1724257	0.51435226	0.037091676	0.8624762	1.0827447
ATR_022_set19__190	15695.392662893364	19910.486251636947	vEndocardial	False	0.53232515	1.6453451	0.5661601	1.4964317	0.53636557	0.9861299	0.45496786	0.514151	0.5096469	1.1155559	0.32084852	0.046527073	0.31736347	0.03101267	0.4841951	1.0133722	0.52553827	0.15430975	1.0128528	1.616631
ATR_022_set19__198	15685.36197500387	19863.653405374364	VIC	True	0.4052654	0.01084804	0.36765236	-0.77833736	0.41508076	-0.81112987	0.3750241	-0.64012456	0.40218183	-0.4156172	0.12403993	-0.53455764	0.18685311	-0.50771993	0.394289	-0.5937944	0.42799643	-0.86783063	0.6626785	0.37339672
ATR_022_set19__232	15663.644750302552	19768.299056621123	VIC	True	0.3861852	-0.23459959	0.33342645	-1.170544	0.46368578	-0.090876006	0.33784458	-1.1769447	0.4269475	-0.06275343	0.10051284	-0.60402226	0.13518158	-0.7210144	0.355346	-1.2899414	0.23943113	-2.8438053	0.839631	1.0016366
ATR_022_set19__238	15661.455258857346	19757.831104114506	VIC	True	0.5062558	1.309989	0.5079832	0.8297627	0.5180316	0.7144478	0.4683576	0.70747995	0.5090794	1.1074702	0.16572933	-0.41146815	0.19972192	-0.45459887	0.448199	0.3699039	0.673938	1.7093894	0.8084321	0.89087015
ATR_022_set19__258	15650.199166219538	19867.571467972386	VIC	True	0.40510955	0.0088433605	0.43139455	-0.047893405	0.4034416	-0.9836046	0.350243	-0.997929	0.40480277	-0.37827384	0.1029959	-0.5966909	0.14948593	-0.6619676	0.37282243	-0.9775316	0.38268432	-1.342656	0.83815336	0.99639046
ATR_022_set19__262	15646.381544909596	19900.076643035984	VIC	True	0.43252084	0.36146218	0.451469	0.18214679	0.42195207	-0.70930725	0.36428854	-0.7951311	0.44633082	0.21342196	0.08248053	-0.65726334	0.17560673	-0.5541438	0.39170057	-0.64006513	0.41066694	-1.0494262	0.7848889	0.8072841
ATR_022_set19__33	15794.812817535805	19934.74703407595	VIC	True	0.40389434	-0.006789226	0.46421906	0.32825416	0.45277852	-0.25250533	0.38509962	-0.4946483	0.38709855	-0.63052535	0.16308981	-0.4192614	0.278099	-0.1310668	0.48017046	0.9414273	0.256942	-2.660309	0.5120952	-0.16122358
ATR_022_set19__357	15584.722353962903	19803.188769038858	VIC	True	0.41712555	0.16341719	0.46330476	0.3177768	0.45015374	-0.29140067	0.36547926	-0.7779388	0.43105534	-0.004224609	0.048437983	-0.7577752	0.14263988	-0.6902273	0.42238927	-0.091472276	0.40610301	-1.0972515	0.5212554	-0.12870198
ATR_022_set19__373	15573.684412707891	19819.7926236565	VIC	True	0.51904017	1.474447	0.53905505	1.1858257	0.5452499	1.1177821	0.45392463	0.4990882	0.5388319	1.5313866	0.2982577	-0.020173153	0.32340103	0.055935074	0.52990574	1.8304977	0.6198909	1.1430308	0.8934588	1.192743
ATR_022_set19__410	15555.295864211665	19807.94521976467	VIC	True	0.39913094	-0.06806555	0.38837382	-0.5408829	0.4052373	-0.95699537	0.3210148	-1.4199433	0.42248568	-0.12632596	0.1741741	-0.38653463	0.19795169	-0.4619062	0.41786394	-0.17236738	0.45304713	-0.6053245	0.8360206	0.9888184
ATR_022_set19__443	15528.785537586553	19749.39270792778	VEC	True	0.4647993	0.77669257	0.55635595	1.3840828	0.4948289	0.37061864	0.44423473	0.35917968	0.42171502	-0.13730638	0.11021171	-0.575386	0.17372932	-0.5618935	0.46093115	0.59750444	0.50475776	-0.06344903	0.5660937	0.03048881
ATR_022_set19__490	15503.991007474575	19764.795819348805	Trabecular vFibro	False	0.4760304	0.9211694	0.47187385	0.415973	0.48938227	0.28990752	0.36156094	-0.8345138	0.49776164	0.94621354	0.1396035	-0.48860565	0.2473976	-0.25779885	0.48486722	1.0253868	0.51852125	0.08077847	0.79903543	0.8575089
ATR_022_set19__531	15777.318016456726	19701.337939896282	VEC	True	0.4742957	0.8988542	0.5145983	0.90556747	0.47328317	0.051342983	0.37670654	-0.61583257	0.515803	1.2032684	0.0947536	-0.62102664	0.18842149	-0.50124586	0.46560293	0.68101746	0.56491846	0.5669746	0.81428945	0.9116657
ATR_022_set19__555	15671.753365870418	19925.798863138756	VIC	True	0.4249154	0.26362586	0.474002	0.44036028	0.4323372	-0.5554152	0.35840657	-0.8800584	0.4334788	0.03030517	0.07146903	-0.68977517	0.17291412	-0.56525856	0.4188215	-0.15524966	0.46692663	-0.45988122	0.5857941	0.10043176
ATR_022_set19__560	15639.01045661639	19965.57202683124	vCM-RV-AV	False	0.4203902	0.20541348	0.41896927	-0.19027895	0.46133357	-0.12573221	0.41661578	-0.039599128	0.43489194	0.050439686	0.68879616	1.1329062	0.529943	0.90851784	0.44533646	0.31873295	0.3839699	-1.3291843	0.61638856	0.20905222
ATR_022_set19__569	15624.085023755151	19990.820905141827	VIC	True	0.39875507	-0.0729007	0.36769494	-0.7778493	0.41463235	-0.81777453	0.34777772	-1.0335242	0.43538812	0.057509292	0.30671713	0.004803597	0.2982493	-0.047888532	0.42222926	-0.0943326	0.43065527	-0.8399686	0.88172805	1.151095
ATR_022_set19__587	15552.048264549428	19793.073842557806	Trabecular vFibro	False	0.49089235	1.1123534	0.56418186	1.4737626	0.51329845	0.64430964	0.41916898	-0.00273458	0.47049087	0.5576569	0.118527085	-0.55083454	0.21217893	-0.40317768	0.46472567	0.66533554	0.4478702	-0.65957355	0.78832453	0.8194817
ATR_022_set19__688	15600.03801652102	19718.323103454488	VIC	True	0.4980145	1.2039729	0.51041603	0.8576413	0.52018464	0.7463526	0.43260056	0.19119857	0.5696878	1.9710245	0.16701877	-0.40766102	0.28365543	-0.10813044	0.47213957	0.79786664	0.6433959	1.3893392	0.91437393	1.2669986
ATR_022_set19__753	15599.705567257704	19858.4081729316	vCM-LV-Compact II	False	0.4186715	0.18330412	0.3926736	-0.49161008	0.46677017	-0.04516994	0.40478253	-0.21045466	0.45722494	0.36864248	0.30723134	0.006321819	0.3228979	0.05385824	0.46611264	0.69012904	0.5176462	0.07160877	0.72341305	0.5890245
ATR_022_set19__759	15517.111524123171	19940.71259086437	vCM-RV-Hybrid	False	0.2752908	-1.6611456	0.27988663	-1.7840753	0.37678564	-1.3786063	0.36544168	-0.77848136	0.32417625	-1.5270487	1.049351	2.1974578	0.84361935	2.2033398	0.3523271	-1.3439071	0.32212383	-1.977269	0.18721886	-1.314642
ATR_022_set19__794	15636.74498123738	19797.2061845358	VIC	True	0.4926076	1.1344184	0.52947575	1.0760533	0.52112675	0.7603133	0.42496058	0.08088806	0.51016486	1.1229359	0.20355503	-0.29978633	0.25730288	-0.21691093	0.50720507	1.4246994	0.57714033	0.6950475	0.77024436	0.7552911
ATR_022_set19__821	15703.248765512331	19762.45545780855	Trabecular vFibro	False	0.4980651	1.2046239	0.560147	1.4275256	0.5245234	0.8106463	0.44120908	0.31549352	0.47961044	0.68759346	0.11605062	-0.55814636	0.21909207	-0.374641	0.51869005	1.6300055	0.5568669	0.48260218	0.8252084	0.95043164
ATR_022_set19__830	15781.954213759936	19939.544851793864	VIC	True	0.46675518	0.8018529	0.5628641	1.4586623	0.48460302	0.21908619	0.42933345	0.1440261	0.47363907	0.6025128	0.19288215	-0.3312984	0.22504014	-0.35008803	0.4653391	0.67630106	0.58412886	0.7682802	0.775813	0.77506155
ATR_022_set19__843	15704.918527962636	19935.495531727625	VIC	True	0.3995843	-0.062233612	0.4535225	0.20567854	0.4182347	-0.76439303	0.3305382	-1.2824384	0.38587573	-0.6479482	0.15092409	-0.45518118	0.23075664	-0.3264909	0.40481225	-0.40568006	0.43988064	-0.743296	0.7879676	0.81821454
ATR_022_set19__852	15676.402827428736	19761.382650480973	VIC	True	0.41321373	0.11309549	0.39450553	-0.47061747	0.43220603	-0.5573588	0.3892012	-0.43542734	0.4346186	0.04654501	0.12072762	-0.54433733	0.20735356	-0.4230963	0.39387548	-0.6011863	0.5003237	-0.10991341	0.76945573	0.7524912
ATR_022_set19__857	15658.20078605638	19865.808740442593	VIC	True	0.4679101	0.8167099	0.5456852	1.2618027	0.4730636	0.048089083	0.37364545	-0.66003036	0.48307902	0.73701406	0.18515123	-0.35412425	0.26352167	-0.19124043	0.44983867	0.39921463	0.48752186	-0.24406399	0.86357504	1.0866458
ATR_022_set19__859	15624.598017469889	19760.89317523933	VIC	True	0.39377347	-0.13698411	0.37276977	-0.7196951	0.4359583	-0.5017559	0.3571175	-0.8986708	0.4244155	-0.098829694	0.07816056	-0.6700182	0.17426637	-0.55967665	0.41827592	-0.16500267	0.5079004	-0.030517172	0.67144936	0.40453625
ATR_022_set19__887	15778.72403650526	19839.389253269168	VIC	True	0.393787	-0.13681005	0.47412673	0.4417895	0.39686212	-1.0811028	0.38225356	-0.53574145	0.37133983	-0.85505724	0.11210974	-0.56978196	0.175907	-0.55290425	0.40055248	-0.48182783	0.5070975	-0.038931116	0.5622736	0.01692633
ATR_022_set19__928	15630.2601209526	19939.419560869574	VIC	True	0.37132335	-0.4257825	0.3917368	-0.50234526	0.4087453	-0.905012	0.33096552	-1.2762687	0.41276464	-0.26483235	0.27190384	-0.09798393	0.28042948	-0.121446826	0.43057266	0.054814428	0.5823828	0.7499833	0.82382935	0.9455355
ATR_023_set19__167	15634.040981065331	19441.006433110477	VEC	True	0.3572968	-0.6062201	0.4001579	-0.40584505	0.39565745	-1.0989542	0.351602	-0.9783071	0.33317596	-1.3988199	0.1120177	-0.57005376	0.13183191	-0.73484147	0.4127098	-0.26450294	0.34472728	-1.7404076	0.40198338	-0.5521569
ATR_023_set19__198	15613.483241878315	19545.24976439244	VIC	True	0.5412795	1.7605338	0.699509	3.0245237	0.57521945	1.5618863	0.5020547	1.1940187	0.5265373	1.356212	0.117269136	-0.5545487	0.15740259	-0.6292885	0.47674856	0.8802572	0.65247214	1.4844491	0.71815264	0.5703483
ATR_023_set19__249	15577.435228221173	19500.45178599198	VIC	True	0.47921118	0.96208686	0.39923555	-0.4164146	0.4903057	0.3035913	0.41976744	0.0059063486	0.53785574	1.5174785	0.10711121	-0.5845403	0.18276164	-0.5246091	0.4512168	0.42384994	0.5402932	0.3089268	0.9196752	1.2858198
ATR_023_set19__282	15542.720825543538	19503.06739901524	VEC	True	0.4694503	0.8365228	0.57008314	1.5413874	0.5027152	0.48748124	0.44805932	0.4144014	0.42880628	-0.036269475	0.1122608	-0.56933594	0.15818845	-0.6260445	0.46298388	0.6341991	0.5452127	0.3604779	0.47567356	-0.29053247
ATR_023_set19__347	15494.723620195306	19661.21230467976	VIC	True	0.5157553	1.4321904	0.4889113	0.61121106	0.5133754	0.64544994	0.4026767	-0.24085993	0.5359785	1.4907312	0.05554517	-0.736791	0.21824802	-0.37812513	0.4465476	0.34038326	0.62412983	1.1874502	0.8311794	0.9716305
ATR_023_set19__36	15753.10367772639	19510.123033864787	VIC	True	0.46956775	0.8380337	0.59303933	1.8044505	0.50458413	0.5151765	0.44265482	0.33636796	0.49583006	0.9186922	0.17476761	-0.38478225	0.20472115	-0.43396258	0.43873936	0.2008028	0.5276618	0.17656225	0.7255497	0.5966103
ATR_023_set19__37	15752.470780921354	19475.563978339607	VEC	True	0.494454	1.1581705	0.5599769	1.4255762	0.5198958	0.7420724	0.45586225	0.5270648	0.485586	0.7727336	0.124521464	-0.5331359	0.17865361	-0.54156655	0.45774412	0.54053295	0.5863538	0.79159516	0.60396934	0.16495988
ATR_023_set19__45	15747.12957144601	19461.054548810385	VEC	True	0.4587654	0.6990721	0.57427615	1.5894367	0.4888402	0.28187478	0.40901837	-0.14929517	0.3888775	-0.60517853	0.10046534	-0.6041625	0.16830277	-0.5842937	0.43971354	0.21821725	0.53651506	0.26933548	0.6646645	0.38044778
ATR_023_set19__477	15532.07815026558	19539.199980798287	VIC	True	0.53859514	1.7260022	0.5176884	0.9409778	0.53542084	0.9721303	0.42988756	0.15202673	0.542837	1.5884522	0.14004433	-0.48730406	0.25053775	-0.24483663	0.5001306	1.2982358	0.61366904	1.0778316	0.900975	1.219428
ATR_023_set19__486	15518.369317619836	19641.960412882367	VIC	True	0.57092035	2.1418338	0.5724337	1.5683235	0.533193	0.939117	0.43966514	0.2932012	0.6309215	2.8434885	0.24075973	-0.18993808	0.3218377	0.049481776	0.4439509	0.29396442	0.77817583	2.8016975	0.77774894	0.78193486
ATR_023_set19__503	15699.895735073556	19486.238105915127	VIC	True	0.36480552	-0.5096278	0.38934273	-0.52977985	0.39018804	-1.1800027	0.27227405	-2.1236913	0.44832617	0.24185197	0.044337917	-0.7698808	0.08498885	-0.92820454	0.4397937	0.21965036	0.42748943	-0.87314343	0.8105556	0.89840925
ATR_023_set19__504	15690.33500414613	19483.772291637186	VIC	True	0.5344457	1.6726239	0.5670638	1.5067879	0.53546804	0.9728299	0.442556	0.3349411	0.5465828	1.6418227	0.16632134	-0.4097202	0.2773834	-0.13402078	0.49475372	1.2021184	0.5738714	0.6607921	0.9031665	1.2272085
ATR_023_set19__525	15584.79146904629	19416.61471127126	VIC	True	0.4379238	0.43096575	0.44836682	0.14659779	0.46256092	-0.107544735	0.39153433	-0.40174013	0.46072596	0.4185255	0.1268255	-0.52633315	0.1933233	-0.4810117	0.42727214	-0.0041858	0.5273414	0.17320505	0.6788183	0.43069836
ATR_023_set19__561	15660.011583023128	19481.155302920204	VIC	True	0.43995923	0.45714965	0.43849716	0.03349786	0.44153574	-0.4191065	0.34392545	-1.0891455	0.47435954	0.61277807	0.12223892	-0.5398752	0.2125689	-0.40156797	0.44854602	0.37610722	0.4997346	-0.11608662	0.85685813	1.0627986
ATR_023_set19__62	15722.318058644747	19428.18469333458	VEC	True	0.30202746	-1.317205	0.27285329	-1.8646729	0.34056258	-1.9153779	0.2729212	-2.1143472	0.29583687	-1.9308311	0.11481315	-0.56180006	0.15316933	-0.6467629	0.34447554	-1.4842622	0.25248712	-2.7069917	0.3669025	-0.67670566
ATR_023_set19__661	15525.533249540134	19497.53701448224	VIC	True	0.37980142	-0.31672052	0.46946856	0.38841	0.40164652	-1.0102051	0.34954914	-1.0079473	0.43987435	0.12142959	0.11603215	-0.5582009	0.15248875	-0.64957225	0.3945542	-0.58905345	0.36095187	-1.5703902	0.62770224	0.2492195
ATR_023_set19__90	15702.380560211699	19501.669635094033	VIC	True	0.49266744	1.1351882	0.4996538	0.73431295	0.50717473	0.55356526	0.48231047	0.90894	0.48380345	0.74733585	0.105413735	-0.58955216	0.15446465	-0.64141595	0.44595626	0.3298125	0.57328266	0.654623	0.51843953	-0.13869916
ATR_024_set19__103	16012.341490235083	19591.506442809925	vCM-RV-AV	False	0.30300653	-1.3046103	0.33083257	-1.200268	0.4034298	-0.98377955	0.3887107	-0.44250926	0.3118817	-1.7022228	1.1802783	2.5840256	0.9845885	2.7852452	0.3384134	-1.5926296	0.43286103	-0.8168545	0.2363615	-1.1401693
ATR_024_set19__129	15994.912179994582	19610.455796063692	EPDC	False	0.3690591	-0.45490995	0.37137032	-0.73573196	0.37132433	-1.4595346	0.30355784	-1.6719971	0.385575	-0.6522331	0.10350415	-0.5951903	0.16867487	-0.5827577	0.41154528	-0.28532004	0.37789652	-1.3928273	0.82777095	0.95952946
ATR_024_set19__130	15991.915139798526	19540.70213526202	vCM-RV-Trabecular	False	0.3976476	-0.08714738	0.35460597	-0.9278404	0.50730604	0.55551106	0.52304995	1.4971609	0.41736877	-0.1992322	0.9777302	1.9859948	0.7917583	1.9892629	0.43792453	0.18623693	0.53203243	0.22236206	0.26115817	-1.052133
ATR_024_set19__165	15961.470157739821	19510.163144633334	VIC	True	0.53795725	1.7177964	0.48354363	0.54970115	0.51635015	0.68953127	0.45127192	0.46078685	0.50377756	1.031929	0.06503325	-0.70877707	0.16219766	-0.6094949	0.4972432	1.2466204	0.5499779	0.41041252	0.70184517	0.5124514
ATR_024_set19__173	15945.829789331094	19664.308594781094	vCM-RV-Hybrid	False	0.3674367	-0.47578025	0.39053908	-0.5160704	0.4987566	0.42882094	0.49386305	1.075743	0.425072	-0.0894756	1.2661662	2.8376129	1.0634544	3.110795	0.43423134	0.12021722	0.51557255	0.049879048	0.28475246	-0.9683654
ATR_024_set19__318	15801.598282776695	19529.882547047524	VIC	True	0.49494538	1.1644917	0.4931139	0.6593702	0.48824215	0.2730127	0.43263546	0.19170246	0.47199985	0.579157	0.16709211	-0.40744445	0.22651754	-0.34398946	0.49337286	1.1774341	0.5275006	0.17487335	0.88899326	1.176889
ATR_024_set19__329	16091.23594168073	19659.91431967392	Trabecular vFibro	False	0.34113497	-0.8141259	0.34645092	-1.021292	0.40086734	-1.0217514	0.3539121	-0.94495255	0.32424214	-1.5261098	0.30134854	-0.011047366	0.25838855	-0.2124294	0.3909177	-0.6540599	0.37738654	-1.3981714	0.5636677	0.021875821
ATR_024_set19__332	16092.006123842708	19649.702004112016	VIC	True	0.33568245	-0.8842671	0.39347938	-0.48237655	0.34251186	-1.8864924	0.2757218	-2.0739107	0.33788332	-1.331749	0.14906791	-0.4606616	0.12244826	-0.77357614	0.39371917	-0.60398054	0.43550488	-0.7891496	0.48814768	-0.24624524
ATR_024_set19__372	15846.344348429706	19657.499239738656	VIC	True	0.53249526	1.6475334	0.4574603	0.2508033	0.5298998	0.8903165	0.43361723	0.20587794	0.53429353	1.4667237	0.3050902	0.0	0.34143844	0.13039154	0.55012935	2.1920161	0.56619865	0.5803897	0.92975074	1.3215914
ATR_024_set19__39	16079.720341226355	19403.275539303995	VIC	True	0.35666272	-0.61437684	0.3765582	-0.67628205	0.37881497	-1.3485347	0.30944285	-1.5870259	0.43357036	0.03160962	0.23379141	-0.2105123	0.26171267	-0.19870779	0.3714727	-1.0016598	0.4397757	-0.7443957	0.8007129	0.8634644
ATR_024_set19__418	15888.528701809122	19560.850965382564	vCM-RV-AV	False	0.42568952	0.27358407	0.44270015	0.0816614	0.4604801	-0.1383795	0.4583698	0.56327015	0.43815175	0.096885756	0.2172819	-0.25925726	0.20084803	-0.44995043	0.46641842	0.695595	0.56061924	0.521923	0.62296325	0.23239455
ATR_024_set19__435	15925.505546011476	19547.777784987262	vCM-RV-AV	False	0.36818683	-0.46613064	0.37884194	-0.65011203	0.43905526	-0.45586348	0.37723458	-0.6082085	0.43845674	0.10123139	0.25403064	-0.15075521	0.23282684	-0.31794533	0.47230175	0.8007659	0.3666922	-1.5102375	0.2525804	-1.0825868
ATR_024_set19__497	15877.731372385673	19620.51265262978	vCM-LV-Compact I	False	0.29664183	-1.3864858	0.28320247	-1.746078	0.4270476	-0.63379896	0.46864656	0.7116522	0.37481418	-0.8055543	1.1632091	2.533628	1.0113513	2.8957193	0.4559475	0.50841624	0.39834902	-1.1785057	0.18721877	-1.3146421
ATR_024_set19__53	16066.371334429643	19516.62596056714	VIC	True	0.34558296	-0.75690687	0.35873923	-0.880476	0.3615259	-1.6047329	0.2935005	-1.8172109	0.37106442	-0.8589812	0.11796576	-0.55249184	0.18941794	-0.49713257	0.36995658	-1.0287617	0.36089125	-1.5710254	0.6669595	0.38859585
ATR_024_set19__548	15972.839134215612	19583.31054341393	Proliferating vFibro	False	0.3671093	-0.47999203	0.3060457	-1.4843093	0.39244044	-1.1466255	0.29688847	-1.7682935	0.3915938	-0.5664764	0.26784107	-0.10997941	0.22584203	-0.34677792	0.41841075	-0.16259252	0.4226029	-0.9243495	0.6215989	0.22755064
ATR_024_set19__586	15878.643529278754	19495.45384998459	VIC	True	0.39403427	-0.13362917	0.3240851	-1.2775899	0.43406403	-0.5298261	0.3509336	-0.98795754	0.46646017	0.50022703	0.24873938	-0.16637787	0.24914137	-0.25060079	0.3710829	-1.0086275	0.526856	0.16811833	0.69832796	0.49996412
ATR_024_set19__60	16059.406106389319	19570.528363047855	VIC	True	0.3810882	-0.30016744	0.3178286	-1.3492851	0.37678492	-1.3786169	0.37309867	-0.6679252	0.38857606	-0.60947365	0.19143997	-0.3355565	0.26281965	-0.1941383	0.32281578	-1.8714533	0.5152297	0.046286367	0.6302616	0.2583061
ATR_024_set19__704	16015.999776441728	19680.179084979038	BEC	False	0.31473902	-1.1536834	0.3778019	-0.6620303	0.38285667	-1.2886428	0.37209535	-0.6824118	0.31218195	-1.6979446	0.15800418	-0.43427694	0.19015574	-0.494087	0.43925324	0.20998897	0.26702014	-2.5547004	0.31448638	-0.8628001
ATR_024_set19__71	16045.891224932326	19568.767874555047	VIC	True	0.5325077	1.6476936	0.56308603	1.4612051	0.54784113	1.1561805	0.48535812	0.9529437	0.5539963	1.7474511	0.2454855	-0.17598507	0.28919503	-0.08526359	0.5068005	1.4174669	0.701505	1.9982642	0.8357659	0.9879142
ATR_024_set19__82	16029.1310755161	19462.57379833357	VIC	True	0.5011479	1.2442812	0.50883883	0.8395676	0.51993227	0.7426129	0.36455995	-0.7912123	0.5242858	1.3241324	0.24342977	-0.1820547	0.27908015	-0.12701671	0.49269202	1.1652634	0.5988384	0.92242134	0.8942092	1.1954072
ATR_025_set19__143	16007.742054733508	19269.576492693937	vCM-RV-Trabecular	False	0.30560198	-1.2712222	0.3440871	-1.0483799	0.42545453	-0.6574061	0.40570736	-0.19710147	0.32435912	-1.5244431	1.4560624	3.3982885	1.1246982	3.3636026	0.35758883	-1.2498484	0.46386042	-0.49201202	0.2746099	-1.0043749
ATR_025_set19__203	15944.448491239213	19138.96801902919	Compact vFibro	False	0.46797132	0.8174973	0.44751525	0.13683933	0.47059163	0.011458426	0.3798688	-0.5701739	0.46571326	0.489585	0.24083887	-0.18970442	0.28024012	-0.122228496	0.5146402	1.5576104	0.5216907	0.1139914	0.9479405	1.3861711
ATR_025_set19__223	15926.965170949941	19291.027912151614	VIC	True	0.51896834	1.4735231	0.5700802	1.541354	0.5300789	0.8929706	0.42810032	0.12622142	0.564116	1.8916372	0.25626498	-0.14415824	0.314949	0.02104602	0.50560004	1.3960078	0.7053135	2.0381734	0.84757394	1.0298367
ATR_025_set19__226	15927.533597469566	19319.902470532572	VIC	True	0.34415498	-0.77527636	0.5480256	1.2886225	0.38024312	-1.3273715	0.33834815	-1.1696739	0.3779803	-0.7604432	0.04864545	-0.7571627	0.1268712	-0.75531876	0.38080463	-0.8348415	0.4241598	-0.9080347	0.6087703	0.18200493
ATR_025_set19__258	15902.838395067298	19182.661304660793	VIC	True	0.39209837	-0.15853259	0.3085328	-1.4558089	0.4116065	-0.86261326	0.39308912	-0.3792912	0.35809365	-1.0437901	0.33633682	0.092256844	0.31289896	0.012583669	0.41452235	-0.23210174	0.39995235	-1.1617043	0.6982282	0.4996099
ATR_025_set19__288	15870.250884848003	19083.54654318074	Proliferating vFibro	False	0.3622717	-0.542223	0.35967687	-0.86973125	0.41561997	-0.8031395	0.33000314	-1.2901641	0.43477157	0.048724618	0.20605285	-0.29241142	0.23007156	-0.32931885	0.42004365	-0.13340273	0.44573998	-0.681896	0.8833513	1.1568582
ATR_025_set19__315	15852.048949083966	19307.51683094171	VIC	True	0.46316844	0.75571305	0.47240302	0.42203695	0.46259373	-0.10705851	0.3743647	-0.64964545	0.47756332	0.65842587	0.14068756	-0.4854049	0.198593	-0.4592589	0.45883787	0.56008476	0.5059367	-0.051095136	0.75771177	0.71079624
ATR_025_set19__344	15827.936645370224	19219.38806582101	VIC	True	0.34228832	-0.7992892	0.4245132	-0.12674926	0.37713414	-1.3734419	0.32326967	-1.3873861	0.3436392	-1.2497387	0.1470552	-0.46660423	0.16906367	-0.5811528	0.3904089	-0.66315496	0.38568917	-1.3111682	0.5757799	0.06487813
ATR_025_set19__469	15847.693577423439	19216.70049669896	vCM-LV-Compact I	False	0.37919703	-0.3244954	0.37280306	-0.7193136	0.56502134	1.4107655	0.5728024	2.2155168	0.58527833	2.1931603	1.4182572	3.2866673	1.186497	3.6187015	0.46974444	0.7550513	0.69783026	1.9597566	0.3212055	-0.8389451
ATR_025_set19__501	15988.03674600267	19133.42855768827	Proliferating vFibro	False	0.41621432	0.15169506	0.396835	-0.4439233	0.46046907	-0.1385429	0.4295278	0.14683211	0.46036944	0.41344568	0.30262825	-0.00726897	0.28565434	-0.09987919	0.4521837	0.44113442	0.4766288	-0.35821217	0.8088997	0.8925303
ATR_025_set19__525	16050.264901745935	19312.69601931501	VIC	True	0.42058212	0.20788242	0.4965722	0.69899994	0.4636464	-0.09145939	0.40639165	-0.18722127	0.483018	0.73614484	0.250804	-0.16028197	0.24859515	-0.2528555	0.434998	0.13392216	0.53259563	0.22826387	0.76885223	0.75034857
ATR_025_set19__551	15814.709367330091	19085.278844933004	vCM-LV-Compact I	False	0.38734964	-0.21962029	0.5337128	1.1246071	0.56219363	1.3688632	0.41794568	-0.020397257	0.4947151	0.90280604	1.0483085	2.1943798	0.7321412	1.74317	0.32499188	-1.832553	0.61254734	1.0660774	0.44686684	-0.39280584
ATR_025_set19__560	15956.63332071877	19243.00400798675	vCM-RV-Proliferating	False	0.3618855	-0.54719114	0.34948495	-0.986524	0.4987737	0.42907444	0.4912309	1.0377384	0.41806334	-0.18933587	1.2890269	2.9051096	1.0437069	3.0292795	0.4070116	-0.36636433	0.6065435	1.003163	0.35432065	-0.72137535
ATR_025_set19__595	15815.526811416044	19296.74990908626	VSMC	False	0.47976294	0.9691847	0.5319331	1.1042132	0.47777474	0.1179013	0.37662446	-0.6170176	0.5069183	1.0766788	0.10564264	-0.5888763	0.2033898	-0.43945828	0.45784867	0.5424018	0.53641003	0.26823494	0.8119532	0.9033712
ATR_025_set19__637	15979.542737979209	19169.9100163524	Compact vFibro	False	0.41011456	0.07322772	0.37064818	-0.74400723	0.4467946	-0.3411781	0.37885827	-0.58476466	0.43478772	0.048954766	0.29754207	-0.022286117	0.30738765	-0.010166435	0.4377803	0.18365844	0.4500234	-0.63701	0.76057124	0.72094834
ATR_025_set19__678	15996.759720938768	19187.25803815435	vCM-RV-AV	False	0.3643311	-0.5157308	0.44728404	0.13418986	0.47867915	0.13130333	0.42545658	0.088049605	0.40691033	-0.3482451	0.82320905	1.5297652	0.65700394	1.4330117	0.3616365	-1.1774921	0.5019048	-0.09334536	0.40860054	-0.5286638
ATR_025_set19__711	15894.852867655523	19230.91246390128	VIC	True	0.41351074	0.11691623	0.4166173	-0.21723098	0.42877138	-0.6082553	0.3919493	-0.3957486	0.41151145	-0.28268787	0.42381173	0.3505298	0.33709666	0.11246914	0.41396633	-0.24204122	0.5180487	0.07582667	0.79126066	0.82990587
ATR_026_set19__135	15680.495009543334	19239.783811622292	VIC	True	0.44107005	0.47143927	0.4817224	0.5288311	0.4605696	-0.1370533	0.3631288	-0.81187594	0.48156813	0.71548676	0.13113576	-0.5136069	0.21638411	-0.38581917	0.42154086	-0.10663854	0.5207692	0.10433451	0.8258926	0.95286083
ATR_026_set19__176	15645.42491893415	19183.461236908606	VIC	True	0.57538563	2.1992753	0.5838407	1.6990404	0.5961761	1.8724324	0.52905	1.583793	0.59315115	2.305333	0.17851837	-0.373708	0.25633	-0.2209268	0.50481045	1.3818932	0.66366935	1.6017846	0.9212337	1.2913531
ATR_026_set19__214	15618.258460929459	19229.994809612548	VIC	True	0.5289167	1.601499	0.57193494	1.5626079	0.50990415	0.5940111	0.44529483	0.374486	0.5541924	1.7502451	0.2050747	-0.29529947	0.26285622	-0.19398735	0.41234758	-0.27097794	0.64138764	1.3682947	0.7155535	0.56112057
ATR_026_set19__221	15611.418545848777	19222.432809711157	VIC	True	0.49041027	1.1061519	0.5021544	0.7629685	0.47745457	0.11315692	0.41142806	-0.11450253	0.5373235	1.5098946	0.23931895	-0.19419204	0.27159682	-0.1579071	0.45547864	0.50003505	0.6653408	1.6192995	0.71248126	0.55021304
ATR_026_set19__222	15612.349045941235	19185.020388197612	VIC	True	0.4998868	1.2280582	0.57043236	1.5453893	0.5430877	1.0857421	0.50173366	1.1893835	0.5326985	1.4439976	0.21269833	-0.27279043	0.21559669	-0.38906956	0.4988762	1.2758124	0.7281528	2.2775064	0.81977296	0.931134
ATR_026_set19__37	15768.099966949832	19202.14224886925	vCM-RV-Proliferating	False	0.4157218	0.14535937	0.44141522	0.06693698	0.5261105	0.8341646	0.49389336	1.0761806	0.48134857	0.71235853	0.9297481	1.8443258	0.7690257	1.8954252	0.43176812	0.07618455	0.5438024	0.3456993	0.32254493	-0.83418965
ATR_026_set19__406	15723.155469406543	19301.99963298886	VIC	True	0.36505494	-0.50641936	0.38996333	-0.5226682	0.3819891	-1.3014989	0.28625843	-1.9217764	0.40319026	-0.4012491	0.088459864	-0.6396091	0.17826547	-0.5431688	0.40577486	-0.3884723	0.400636	-1.1545405	0.68402314	0.44917732
ATR_026_set19__424	15678.080479826529	19172.63012110695	VIC	True	0.43500343	0.39339826	0.4415901	0.06894099	0.4421831	-0.4095135	0.3392331	-1.1568965	0.48146728	0.7140498	0.22958395	-0.22293499	0.17374621	-0.5618238	0.41582718	-0.20877643	0.5123257	0.015855389	0.6961022	0.49206197
ATR_026_set19__467	15535.103138856488	19274.954969452345	VIC	True	0.43166566	0.35046116	0.4665233	0.35465908	0.4393791	-0.45106477	0.35188276	-0.97425324	0.45287436	0.30665508	0.1778533	-0.37567165	0.24755631	-0.2571437	0.45673162	0.52243334	0.51016235	-0.0068143504	0.7183974	0.5712172
ATR_026_set19__612	15491.556135017792	19353.233064325563	VEC	True	0.36769977	-0.47239617	0.42704135	-0.097778186	0.39165258	-1.1583004	0.27864364	-2.0317233	0.38560024	-0.65187347	0.13856167	-0.49168167	0.17791444	-0.5446178	0.38903162	-0.6877754	0.39641032	-1.1988213	0.6295249	0.25569052
ATR_026_set19__732	15756.13418007738	19275.019522725113	VIC	True	0.3850354	-0.24939068	0.5088013	0.8391373	0.43688533	-0.4880187	0.3796809	-0.572887	0.4361401	0.06822347	0.08716594	-0.64342946	0.22111146	-0.36630517	0.4530086	0.45588034	0.5547637	0.46056265	0.7643683	0.7344291
ATR_026_set19__83	15728.226672156363	19097.411613315602	vCM-RV-AV	False	0.38364202	-0.2673151	0.36966047	-0.75532573	0.5169776	0.69882923	0.47410044	0.79039866	0.40274262	-0.40762702	0.9778672	1.9863992	0.8584525	2.2645695	0.42259586	-0.08777927	0.5679965	0.5992294	0.4391019	-0.42037392
ATR_027_set19__170	15642.619381757833	19056.242464825697	vCM-LV-Compact I	False	0.3938303	-0.136253	0.4689165	0.38208377	0.48496637	0.2244705	0.4603614	0.59202605	0.45525852	0.34062478	0.8992166	1.7541803	0.6977873	1.6013608	0.39297435	-0.61729497	0.5403587	0.30961323	0.46438047	-0.33062667
ATR_027_set19__210	15600.163889136662	18801.413319815296	Epicardial	False	0.40440944	-0.00016293529	0.4581198	0.25836068	0.44112718	-0.42516077	0.34536532	-1.0683559	0.35515076	-1.0857208	0.24850209	-0.16707847	0.30116102	-0.03586928	0.46798152	0.72353715	0.41124225	-1.0433977	0.75256395	0.6925198
ATR_027_set19__253	15557.476629129511	18899.59541927003	Epicardial	False	0.44394225	0.5083872	0.36805183	-0.77375966	0.42695758	-0.6351331	0.35486507	-0.9311927	0.4470081	0.22307202	0.09318933	-0.6256452	0.16747352	-0.58771676	0.41980308	-0.13770308	0.44347697	-0.70561004	0.7374323	0.63879746
ATR_027_set19__317	15770.487316629518	18970.868697564267	Compact vFibro	False	0.37417033	-0.38915887	0.29463255	-1.6150967	0.3880623	-1.211503	0.30246246	-1.6878129	0.36887103	-0.89023286	0.15673831	-0.43801445	0.24657224	-0.26120582	0.45623544	0.51356363	0.4391816	-0.7506213	0.9552535	1.4121345
ATR_027_set19__35	15768.794245513296	18946.504833341547	Neuronal	False	0.49689016	1.1895093	0.5002998	0.74171597	0.50963354	0.59000117	0.4200471	0.009944319	0.5225973	1.3000747	0.19746341	-0.3177721	0.2804245	-0.12146737	0.48952523	1.1086537	0.547595	0.3854424	0.89707524	1.2055826
ATR_027_set19__390	15626.005047966722	19055.89969262533	Compact vFibro	False	0.48793426	1.0743006	0.4776587	0.4822635	0.48280576	0.1924535	0.40953088	-0.14189523	0.45679682	0.36254272	0.18919966	-0.34217113	0.23622791	-0.30390608	0.5207398	1.6666468	0.5581859	0.49642387	0.9112603	1.2559443
ATR_027_set19__407	15582.498122525003	18996.16819031084	Epicardial	False	0.35899827	-0.58433235	0.32665038	-1.2481933	0.395733	-1.0978347	0.31589133	-1.4939189	0.37638497	-0.7831735	0.14994274	-0.45807862	0.18987547	-0.49524397	0.33311415	-1.6873591	0.38590926	-1.3088619	0.769581	0.752936
ATR_027_set19__432	15490.826187010682	18966.495528636442	LEC	False	0.4829236	1.0098433	0.5272424	1.0504607	0.49584678	0.38570192	0.42636234	0.10112739	0.48237526	0.72698694	0.21318239	-0.2713612	0.29653692	-0.05495706	0.4983686	1.266738	0.48166382	-0.3054503	0.87146425	1.1146551
ATR_027_set19__520	15758.646042710168	18870.725670512144	Epicardial	False	0.43146402	0.34786722	0.44095588	0.0616732	0.43485957	-0.5180373	0.33396566	-1.2329509	0.46016833	0.41058028	0.06699058	-0.702998	0.17414592	-0.5601738	0.39968848	-0.49727273	0.5200749	0.09705921	0.7880951	0.8186672
ATR_027_set19__543	15733.72454480436	18985.784803774928	Neuronal	False	0.4673353	0.8093157	0.45683777	0.24366938	0.49164197	0.32339293	0.39052233	-0.41635197	0.49579585	0.9182047	0.123372585	-0.536528	0.21974291	-0.3719544	0.4686536	0.7355511	0.5551541	0.46465376	0.84384775	1.0166074
ATR_027_set19__652	15772.443483719075	18863.262878353624	Epicardial	False	0.48475054	1.0333452	0.4649725	0.336888	0.5158226	0.6817136	0.39953282	-0.2862531	0.5111448	1.1368984	0.1447398	-0.4734405	0.254235	-0.2295748	0.4741807	0.83435404	0.52868974	0.18733405	0.9380046	1.3508954
ATR_028_set19__277	15872.47913470808	18955.789850747842	EPDC	False	0.49098355	1.1135266	0.51746213	0.938385	0.49240455	0.33469325	0.37066433	-0.7030737	0.5061263	1.0653938	0.13506228	-0.50201374	0.24273251	-0.27705583	0.44136465	0.24773256	0.47372487	-0.38864252	0.829396	0.96529895
ATR_028_set19__447	15923.988249978813	18953.168086109108	EPDC	False	0.4894003	1.0931597	0.46228078	0.30604267	0.51240885	0.6311271	0.41321266	-0.088735506	0.5316374	1.4288784	0.13969776	-0.48832732	0.24820942	-0.25444776	0.47111684	0.77958435	0.46668893	-0.4623721	0.8751113	1.1276033
ATR_028_set19__491	15796.78878977574	18870.790665664288	Epicardial	False	0.42115048	0.21519381	0.42306817	-0.14330831	0.4392539	-0.45292002	0.3537198	-0.9477289	0.44991574	0.2645003	0.13069117	-0.5149196	0.2086344	-0.4178091	0.4522533	0.4423789	0.53742546	0.2788756	0.8607491	1.0766128
ATR_028_set19__681	16046.957359084041	19021.70991336297	BEC	False	0.3329558	-0.91934264	0.3859962	-0.56812894	0.37071016	-1.4686357	0.33644485	-1.1971549	0.3268906	-1.4883745	0.19990416	-0.31056568	0.18161222	-0.52935374	0.4383849	0.1944663	0.24971196	-2.7360725	0.29477423	-0.9327848
ATR_028_set19__685	16002.301492440896	18958.916277944558	Compact vFibro	False	0.40174407	-0.03445027	0.4281332	-0.08526643	0.43637285	-0.4956129	0.35005298	-1.0006726	0.45489764	0.33548295	0.26589382	-0.11572875	0.32108092	0.046357907	0.57511413	2.6386454	0.47243315	-0.40217847	0.6812373	0.4392866
ATR_028_set19__686	16001.297779458502	18822.43330744906	Compact vFibro	False	0.49053317	1.107733	0.4536006	0.20657331	0.4927412	0.33968186	0.4177444	-0.023303527	0.49903315	0.9643302	0.08335858	-0.65467083	0.20986722	-0.41272017	0.4677912	0.72013503	0.5200588	0.09689057	0.8989405	1.2122049
ATR_028_set19__8	16103.700757130056	18862.322073848507	BEC	False	0.4023633	-0.02648446	0.43533558	-0.00273178	0.46981838	0.0	0.42314067	0.054611135	0.40093008	-0.43345237	0.35479864	0.14676607	0.2907564	-0.07881841	0.4586866	0.55738056	0.25587466	-2.6714938	0.44860375	-0.38663924
ATR_029_set19__336	16133.208754134865	18867.403934350277	Compact vFibro	False	0.43992072	0.4566543	0.37784818	-0.66149986	0.4664831	-0.04942412	0.40615052	-0.19070286	0.46785027	0.5200333	0.29991806	-0.015270917	0.30749363	-0.009728973	0.46011093	0.5828422	0.50409734	-0.070369564	0.8565595	1.0617384
ATR_029_set19__359	16116.573625302144	19030.881694759977	Compact vFibro	False	0.40033832	-0.052533787	0.405728	-0.34201515	0.4391633	-0.45426258	0.3926909	-0.3850409	0.43247747	0.016038144	0.3028521	-0.006608058	0.3134728	0.014952434	0.4402963	0.22863461	0.425841	-0.89041734	0.78800225	0.8183375
ATR_029_set19__375	16100.157619243091	18978.028115587425	Trabecular vFibro	False	0.33045626	-0.95149684	0.26891038	-1.9098561	0.38312075	-1.2847295	0.317479	-1.470995	0.36750636	-0.90967697	0.7469838	1.3047074	0.54825103	0.98409146	0.34068537	-1.5520155	0.32189897	-1.9796253	0.7288566	0.608351
ATR_029_set19__423	16358.8928951971	18955.617330815483	Compact vFibro	False	0.47828138	0.9501259	0.45301923	0.19991137	0.49694183	0.40192902	0.41805354	-0.018839987	0.48916817	0.8237729	0.17234911	-0.39192298	0.260815	-0.20241329	0.4810297	0.95678693	0.5215796	0.11282716	0.91107154	1.255274
ATR_029_set19__433	16328.462743739366	18825.17621273325	vCM-RV-Hybrid	False	0.36995947	-0.44332737	0.33210173	-1.1857244	0.46219614	-0.112950236	0.528444	1.5750432	0.3401594	-1.2993194	0.99001366	2.022262	0.7356027	1.7574587	0.4581182	0.54722	0.3994996	-1.1664488	0.20720579	-1.2436817
ATR_029_set19__436	16315.347080911783	19076.00520744213	Pericyte	False	0.3373173	-0.86323655	0.32186055	-1.3030816	0.35627425	-1.6825545	0.29378065	-1.813166	0.3601643	-1.0142871	0.113851316	-0.5646399	0.1574311	-0.6291708	0.39406192	-0.5978534	0.2921803	-2.291047	0.9841069	1.5145737
ATR_029_set19__441	16317.468685884687	18981.218020659053	vCM-LV-Compact I	False	0.37383747	-0.3934408	0.39501706	-0.4647557	0.4870618	0.25552166	0.45372605	0.49622107	0.4296213	-0.024656788	1.2913766	2.9120474	0.9893127	2.8047462	0.40238777	-0.44902015	0.52931	0.1938336	0.41961992	-0.4895414
ATR_029_set19__454	16294.062448781453	18815.113874553517	vCM-LV-Compact I	False	0.43987465	0.45606163	0.44594732	0.118871875	0.558794	1.318486	0.54830956	1.8618742	0.48862422	0.8160226	1.3637458	3.1257203	1.0993633	3.2590232	0.46422404	0.6563683	0.6320239	1.2701718	0.38983732	-0.59527946
ATR_029_set19__476	16180.297058606753	18999.47545703185	vCM-RV-Hybrid	False	0.31524712	-1.1471473	0.304401	-1.5031565	0.40470332	-0.96490794	0.414791	-0.06594662	0.3572317	-1.0560712	1.2133036	2.6815338	0.9330572	2.5725296	0.35204136	-1.3490151	0.44004872	-0.7415347	0.18802072	-1.311795
ATR_029_set19__530	16387.66495105768	18943.218384151667	Compact vFibro	False	0.38077536	-0.30419174	0.40115142	-0.39445993	0.4121575	-0.8544481	0.35735255	-0.89527696	0.43317893	0.026032578	0.10320412	-0.59607613	0.19231446	-0.48517606	0.3854416	-0.75195074	0.47263786	-0.4000333	0.80544186	0.8802538
ATR_029_set19__595	16383.947327420059	18895.665592804322	Compact vFibro	False	0.5071008	1.3208593	0.55075437	1.3198923	0.5494557	1.180106	0.4522472	0.47486854	0.5378942	1.5180262	0.14725007	-0.46602884	0.28410468	-0.10627603	0.49591395	1.2228588	0.6155014	1.097033	0.7882785	0.8193183
ATR_029_set19__601	16255.881805162571	18952.46234941983	vCM-LV-Compact I	False	0.28778958	-1.5003611	0.33431473	-1.1603647	0.38431874	-1.266977	0.39184663	-0.39723098	0.33974302	-1.3052518	1.2867261	2.8983166	0.94550294	2.6239042	0.3341963	-1.6680144	0.42370486	-0.9128019	0.38312688	-0.6191037
ATR_029_set19__628	16241.003277947873	18939.651131933835	BEC	False	0.34140235	-0.81068623	0.360651	-0.8585685	0.34814048	-1.8030847	0.30429325	-1.661379	0.2843932	-2.0938818	0.17239863	-0.3917768	0.17416714	-0.56008625	0.40756854	-0.35640833	0.24355479	-2.8005939	0.480868	-0.27209046
ATR_029_set19__81	16333.996684259451	18755.4539653688	vCM-LV-Compact I	False	0.32524094	-1.0185868	0.31880003	-1.3381531	0.39777967	-1.0675061	0.3541546	-0.94145113	0.3143452	-1.6671224	0.32894436	0.070430316	0.31129727	0.005972042	0.3674435	-1.0736856	0.3060567	-2.1456363	0.18756919	-1.313398
ATR_030_set19__144	16302.992841456295	18516.834855940626	Compact vFibro	False	0.48957026	1.0953461	0.4830352	0.54387486	0.4895955	0.29306737	0.4231086	0.054148126	0.48948643	0.82830745	0.09854276	-0.609839	0.2221751	-0.36191455	0.46048588	0.58954465	0.58560365	0.7837346	0.8981687	1.2094647
ATR_030_set19__206	16261.09491774407	18566.243385788923	vCM-LV-Compact II	False	0.38702792	-0.22375885	0.40488118	-0.35171932	0.50772613	0.5617362	0.488392	0.9967486	0.43776995	0.09144587	1.4856722	3.4857125	1.1374658	3.4163063	0.42710993	-0.007085547	0.5283325	0.18359022	0.43504462	-0.43477863
ATR_030_set19__309	16172.160347132278	18485.106404118287	vCM-LV-Compact I	False	0.34789813	-0.72712463	0.35110995	-0.96790254	0.46031663	-0.14080182	0.46639818	0.6791888	0.40009326	-0.44537547	1.2687918	2.845365	0.9523156	2.6520262	0.36288813	-1.1551178	0.48072657	-0.31527176	0.25865492	-1.0610203
ATR_030_set19__330	16163.708285291148	18645.290484570276	vCM-LV-Compact I	False	0.2711345	-1.7146121	0.26024646	-2.009139	0.39241245	-1.1470402	0.4740261	0.7893255	0.29967117	-1.8761995	1.1056054	2.363551	0.8196527	2.104408	0.2485201	-3.1995666	0.3363726	-1.8279561	0.111508526	-1.5834385
ATR_030_set19__360	16135.912095193593	18567.41309106615	BEC	False	0.40364686	-0.00997279	0.38390297	-0.59211594	0.44743168	-0.33173746	0.37656033	-0.61794364	0.34959924	-1.1648194	0.27190197	-0.09798947	0.23006509	-0.32934555	0.47256687	0.8055052	0.31895408	-2.0104847	0.50812024	-0.17533605
ATR_030_set19__425	16091.28446564006	18738.307798013848	vCM-LV-Compact II	False	0.3916628	-0.16413565	0.37586275	-0.6842516	0.5215603	0.76673806	0.55729425	1.9916005	0.4489086	0.25015044	1.353353	3.095035	1.0272944	2.9615304	0.42635605	-0.020561937	0.5736256	0.6582169	0.3453145	-0.75335014
ATR_030_set19__446	16377.181905577008	18468.03424387582	BEC	False	0.30965194	-1.2191236	0.27998608	-1.7829357	0.36280793	-1.5857351	0.3300415	-1.2896103	0.21081206	-3.1422732	0.10823938	-0.58120936	0.099861346	-0.86681247	0.3504668	-1.3771623	0.17395937	-3.5298836	0.21960959	-1.1996441
ATR_030_set19__546	16201.411192071912	18645.886117147027	vCM-LV-AV	False	0.45680302	0.6738283	0.46330115	0.3177355	0.5087415	0.5767824	0.39699605	-0.32288054	0.40186554	-0.4201238	0.6474598	1.010859	0.58585566	1.1393193	0.5095319	1.4662943	0.46731713	-0.45578918	0.5038722	-0.19041793
ATR_030_set19__591	16120.46886366026	18674.15439740462	Pericyte	False	0.48933142	1.0922737	0.46112645	0.2928148	0.49381435	0.35558435	0.39430833	-0.36168748	0.45631492	0.3556765	0.16577767	-0.41132542	0.30826023	-0.00656451	0.46167368	0.61077785	0.48681915	-0.25142768	1.0289836	1.6739007
ATR_030_set19__729	16304.586160656378	18464.74313821873	vCM-LV-Compact I	False	0.34717017	-0.736489	0.33655134	-1.1347347	0.45256823	-0.25562146	0.4543811	0.50567913	0.39286613	-0.54834825	1.2628865	2.8279295	0.9693532	2.7223554	0.3717489	-0.9967223	0.48913518	-0.22715802	0.41076142	-0.520992
ATR_030_set19__782	16191.720239996832	18505.79483334117	vCM-LV-Compact I	False	0.2979454	-1.3697164	0.3566903	-0.9039555	0.42072028	-0.7275605	0.38062453	-0.5592623	0.35144168	-1.138568	1.3553063	3.1008022	1.0340239	2.989309	0.36504066	-1.116639	0.47964978	-0.32655543	0.41085583	-0.5206568
ATR_030_set19__815	16264.083672627034	18534.955940507723	vCM-LV-Compact I	False	0.31004506	-1.2140665	0.33849168	-1.1124997	0.41856003	-0.75957227	0.4300309	0.15409648	0.34405074	-1.243875	1.4173551	3.2840035	1.0005362	2.8510754	0.35066867	-1.3735535	0.45026958	-0.6344304	0.29978153	-0.91500723
ATR_031_set19__185	15911.413916179617	18497.467368430887	EPDC	False	0.4349222	0.39235315	0.44671804	0.1277038	0.42120573	-0.7203669	0.3902026	-0.42096826	0.398209	-0.47222248	0.062040187	-0.71761423	0.18033722	-0.5346168	0.38323846	-0.7913341	0.33664936	-1.8250561	0.72445744	0.5927324
ATR_031_set19__298	15972.767165589878	18587.02198442406	EPDC	False	0.49237436	1.131418	0.5646251	1.4788417	0.50918406	0.5833405	0.42769265	0.120335296	0.48770937	0.8029878	0.2127887	-0.27252358	0.2711573	-0.1597214	0.4874253	1.0711151	0.5202916	0.09933025	1.0647948	1.8010423
ATR_031_set19__311	15843.861075707726	18570.33005112081	LEC	False	0.33775383	-0.85762084	0.2794166	-1.7894617	0.42087534	-0.72526276	0.34048215	-1.138862	0.29374215	-1.9606768	0.114453346	-0.5628624	0.10284138	-0.85451126	0.4309826	0.062142376	0.17723218	-3.4955878	0.27262938	-1.0114063
ATR_031_set19__425	15879.758405687166	18754.195425234513	VSMC	False	0.45171136	0.60832906	0.49509886	0.68211645	0.46660855	-0.047564875	0.37595806	-0.62663966	0.49035445	0.8406751	0.14913355	-0.4604678	0.23293346	-0.31750524	0.4527874	0.4519263	0.4576825	-0.55675054	0.8378404	0.99527925
ATR_031_set19__465	15815.229985515918	18576.140554567446	EPDC	False	0.489114	1.0894766	0.5214044	0.9835607	0.46042868	-0.1391413	0.3759983	-0.62605876	0.49901378	0.9640542	0.05503045	-0.73831064	0.21635768	-0.38592827	0.432588	0.09084097	0.4933784	-0.1826933	0.9151546	1.2697701
ATR_031_set19__469	16063.411756974894	18475.08540500675	BEC	False	0.4107829	0.08182534	0.45264485	0.19562127	0.46421707	-0.08300314	0.41301897	-0.09153205	0.3687347	-0.89217556	0.2189504	-0.25433093	0.19216734	-0.48578334	0.36672166	-1.0865893	0.4420436	-0.72063035	0.3281572	-0.8142643
ATR_031_set19__522	16034.263853414663	18585.781376585684	vCM-LV-Compact I	False	0.3425214	-0.7962908	0.40267655	-0.3769829	0.4601841	-0.14276573	0.4377862	0.26607186	0.39888808	-0.46254694	1.3419929	3.0614939	1.0196176	2.9298413	0.3783599	-0.8785433	0.5273604	0.17340367	0.45604107	-0.3602343
ATR_032_set19__146	15784.189188175378	18641.23609295741	VSMC	False	0.44833457	0.56489015	0.45612824	0.23553859	0.45590326	-0.20620131	0.37577346	-0.62930495	0.43355367	0.031371832	0.15132517	-0.45399696	0.21741039	-0.3815828	0.42801535	0.009099866	0.37296146	-1.4445417	0.78742343	0.81628245
ATR_032_set19__195	15732.4701715207	18741.82104068147	EPDC	False	0.5402624	1.7474499	0.5325527	1.1113133	0.52734053	0.8523923	0.45825583	0.56162465	0.524558	1.3280109	0.124931686	-0.53192466	0.2668899	-0.17733675	0.4864939	1.0544652	0.47874475	-0.3360393	0.95016956	1.3940849
ATR_032_set19__201	15724.203820202762	18688.659250261262	EPDC	False	0.48420665	1.0263486	0.46754596	0.36637816	0.49855292	0.4258029	0.3859251	-0.48272932	0.4969815	0.93509805	0.10550649	-0.58927834	0.20829503	-0.41921	0.4787292	0.91566306	0.4837916	-0.28315344	0.90477574	1.2329218
ATR_032_set19__28	15753.913661777597	18738.08775461137	VSMC	False	0.41297388	0.11001007	0.48417178	0.55689925	0.43809918	-0.47003126	0.3921538	-0.39279586	0.34937984	-1.1679454	0.06930391	-0.6961678	0.15548259	-0.637214	0.42233106	-0.092512734	0.4472315	-0.6662664	0.33360463	-0.794924
ATR_032_set19__87	15596.503405877716	18731.383078535568	Epicardial	False	0.429679	0.32490486	0.5417995	1.2172753	0.46425965	-0.08237206	0.4022963	-0.24635231	0.4054055	-0.36968622	0.2548944	-0.14820492	0.2809224	-0.11941206	0.48686236	1.0610521	0.44140875	-0.72728294	0.80564964	0.8809915
ATR_032_set19__98	15769.096223423125	18682.2811730055	VSMC	False	0.3500849	-0.6989939	0.30230084	-1.5272231	0.3344054	-2.0066183	0.32442057	-1.3707687	0.31138536	-1.7092946	0.04035216	-0.7816489	0.122833975	-0.771984	0.42956185	0.03674522	0.25647405	-2.6652126	0.80882716	0.8922728
ATR_033_set19__21	15214.83388618031	17849.62823591167	aCM-RA	False	0.33984026	-0.830781	0.43010715	-0.06264618	0.37975806	-1.3345594	0.31695208	-1.4786031	0.31648052	-1.6366982	0.17271255	-0.39084992	0.17956378	-0.5378095	0.40257752	-0.44562814	0.33176878	-1.8761996	0.50159496	-0.19850294
ATR_034_set19__122	15201.645867625588	17807.10803592674	aCM-RA	False	0.38668928	-0.22811516	0.43381298	-0.020179791	0.4501216	-0.29187673	0.41346633	-0.08507276	0.3849262	-0.6614772	0.5177675	0.6279377	0.4253682	0.47684443	0.45453742	0.4832098	0.43288487	-0.8166047	0.28849813	-0.95506704
ATR_034_set19__129	15198.972895125025	17725.500286972747	aCM-RA	False	0.3867881	-0.22684388	0.45970705	0.27654943	0.5280324	0.8626451	0.46611074	0.6750385	0.43022028	-0.016122645	1.3622711	3.121366	1.0517838	3.06262	0.45398217	0.47328416	0.5902508	0.8324319	0.46880424	-0.3149208
ATR_034_set19__138	15187.397858548426	17620.678795581745	aCM-LA	False	0.43657106	0.41356426	0.5112122	0.8667652	0.5618111	1.3631945	0.50484204	1.2342643	0.4744748	0.6144201	1.13578	2.4526427	0.8976535	2.426387	0.48657978	1.0560006	0.6535734	1.4959892	0.49841097	-0.20980716
ATR_034_set19__143	15188.690830890453	17847.95558174531	aCM-LA	False	0.33516452	-0.89092976	0.42165378	-0.15951627	0.45874187	-0.16413733	0.41182733	-0.108737744	0.39241004	-0.5548467	0.854424	1.6219286	0.67873406	1.5227113	0.40351096	-0.42894197	0.45228505	-0.6133103	0.32731187	-0.81726545
ATR_034_set19__188	15146.941200826897	17663.708821650962	aCM-LA	False	0.4018255	-0.033402883	0.47870794	0.49428722	0.5405774	1.0485431	0.4872998	0.98097885	0.44025138	0.12680155	1.4326477	3.3291557	1.1486645	3.462533	0.45442438	0.48118907	0.5661519	0.57989997	0.5102009	-0.16794896
ATR_034_set19__278	15158.316281388035	17820.370389203614	aCM-RA	False	0.30467764	-1.2831131	0.4191992	-0.18764415	0.4434388	-0.39090604	0.3881123	-0.45114934	0.3543239	-1.097502	1.0394582	2.168249	0.82756674	2.1370764	0.36043808	-1.198915	0.4699273	-0.42843714	0.30435362	-0.8987748
ATR_034_set19__364	15195.380665842331	17597.46444516636	aEndocardial	False	0.4647372	0.7758936	0.568302	1.5209764	0.49825925	0.4214511	0.44322568	0.34461045	0.4442995	0.18447942	0.100223474	-0.6048766	0.17029276	-0.57607925	0.46365905	0.6462685	0.4580242	-0.5531697	0.7312094	0.6167041
ATR_034_set19__47	15296.71369304593	17746.94988547858	Epicardial	False	0.41714734	0.16369744	0.43134627	-0.048446663	0.44443738	-0.37610847	0.32382652	-1.3793459	0.37874576	-0.7495367	0.29294744	-0.035851914	0.25549018	-0.22439353	0.50155514	1.323701	0.36255118	-1.553631	0.5597174	0.00785096
ATR_034_set19__86	15243.855286927097	17770.177835563423	aCM-RA	False	0.4151513	0.13802038	0.48853618	0.60691243	0.5477162	1.1543293	0.49540547	1.0980133	0.45493865	0.33606726	1.3631098	3.1238425	1.1246333	3.363335	0.46511352	0.6722687	0.5921082	0.85189563	0.56699234	0.033679347
ATR_034_set19__97	15228.234507034571	17735.808343782865	aCM-RA	False	0.39144608	-0.16692357	0.4465407	0.12567179	0.5270944	0.84874535	0.48630574	0.96662605	0.4177363	-0.19399571	1.5301206	3.6169481	1.26743	3.9527838	0.45898294	0.56267816	0.5037985	-0.0735013	0.6717956	0.40576553
ATR_036_set19__192	15202.242102315284	17478.09034308513	aCM-LA	False	0.38398954	-0.26284453	0.4119481	-0.27073684	0.5103926	0.60124934	0.44508693	0.3714842	0.419591	-0.16756952	1.4419122	3.3565092	1.2292367	3.7951264	0.43001506	0.044846717	0.46554443	-0.4743653	0.4755958	-0.29080853
ATR_036_set19__335	15282.508719391577	17501.4260444116	aCM-LA	False	0.37425122	-0.3881184	0.4447772	0.10546296	0.49828675	0.42185873	0.45034796	0.44744614	0.40808877	-0.33145455	1.2050215	2.6570807	0.98473424	2.7858467	0.4330058	0.09830956	0.5539705	0.45225114	0.4336181	-0.43984324
ATR_036_set19__362	15274.299712996091	17534.714612340395	aCM-LA	False	0.55114937	1.8874999	0.6912586	2.9299793	0.6063721	2.0235224	0.5861392	2.408081	0.5582392	1.8079042	0.3070837	0.005885904	0.39686885	0.35920227	0.4945357	1.1982213	0.59514254	0.88369256	0.86618376	1.0959076
ATR_038_set19__25	15497.304999891341	16957.399148624605	aEndocardial	False	0.4409251	0.4695745	0.5556616	1.3761262	0.47663966	0.1010811	0.4006749	-0.269763	0.43341666	0.029419823	0.11400151	-0.56419647	0.18005505	-0.53578156	0.43708026	0.17114472	0.43880236	-0.75459534	0.6512626	0.33286652
ATR_038_set19__52	15519.054067204206	16967.12299982979	aCM-LA	False	0.39810702	-0.081237234	0.45509967	0.22375187	0.53165936	0.91639096	0.48552626	0.9553715	0.42792925	-0.048765384	1.4944509	3.511632	1.2280537	3.790243	0.44468948	0.3071675	0.53219205	0.22403473	0.5120128	-0.16151625
ATR_038_set19__63	15488.951325443875	17127.556478014834	aCM-LA	False	0.33823103	-0.8514822	0.41828555	-0.19811398	0.467687	-0.03158376	0.42104343	0.024329802	0.38676065	-0.6353398	1.3379568	3.0495772	1.0404261	3.0157368	0.39931366	-0.5039731	0.4931455	-0.1851339	0.4210905	-0.4843203
ATR_039_set19__102	15549.59889407885	16822.615318640343	aCM-LA	False	0.40422004	-0.002599297	0.4792903	0.50096077	0.5370475	0.99623513	0.47752407	0.83983105	0.44397244	0.17981955	1.299529	2.9361176	1.0325159	2.9830842	0.4412853	0.24631438	0.55723906	0.48650214	0.45882714	-0.35034284
ATR_039_set19__142	15510.572822418842	16707.154574858752	aCM-LA	False	0.38093507	-0.30213723	0.4625611	0.30925497	0.5095006	0.5880315	0.45137843	0.46232477	0.41248065	-0.2688786	1.2527033	2.797863	1.0177282	2.9220421	0.42976838	0.040437162	0.53229535	0.22511716	0.5600658	0.009087856
ATR_039_set19__298	15529.434752823923	16767.498825947874	aCM-LA	False	0.35594994	-0.62354606	0.44077304	0.059578005	0.4808222	0.1630602	0.41115305	-0.118473366	0.40392828	-0.39073366	0.9893514	2.0203068	0.7673563	1.8885341	0.4149915	-0.22371522	0.5844632	0.7717836	0.36477524	-0.6842581
ATR_039_set19__321	15511.254640049377	16837.235717392123	aCM-LA	False	0.38283855	-0.27765092	0.4383798	0.032152973	0.520073	0.7446983	0.45666403	0.5386413	0.40443075	-0.38357446	1.4756005	3.4559753	1.1626041	3.5200741	0.4412694	0.2460299	0.5211492	0.10831694	0.42860162	-0.45765337
ATR_039_set19__341	15479.846383610706	16792.038138459906	aCM-LA	False	0.39168885	-0.16380057	0.46401915	0.32596326	0.53758913	1.0042613	0.47797444	0.8463338	0.4376868	0.09026116	1.453463	3.3906136	1.1629151	3.521358	0.46043605	0.5886539	0.56989545	0.6191284	0.49950007	-0.20594051
ATR_039_set19__400	15592.810293899007	16685.512834183362	aCM-LA	False	0.37606063	-0.36484203	0.45405576	0.21178928	0.51608807	0.6856476	0.4563221	0.5337044	0.42636725	-0.07102091	1.3881665	3.1978233	1.0910287	3.2246187	0.42071992	-0.12131362	0.56794006	0.5986379	0.4664437	-0.32330155
ATR_039_set19__539	15621.257210284079	16836.975295725093	aCM-LA	False	0.29463753	-1.412269	0.36898372	-0.76308084	0.43886757	-0.45864484	0.34829062	-1.0261185	0.3797648	-0.7350175	1.1939273	2.6243248	0.8585716	2.265061	0.38682857	-0.7271572	0.5550888	0.46396983	0.45293248	-0.37127084
ATR_039_set19__69	15592.303359849624	16646.943015885663	aCM-LA	False	0.42488638	0.26325244	0.48697323	0.589002	0.56339073	1.3866024	0.502316	1.1977917	0.46759883	0.5164507	1.3775859	3.1665835	1.1326776	3.3965406	0.4702601	0.7642695	0.572648	0.6479723	0.5178851	-0.14066762
ATR_039_set19__88	15567.497153989472	16638.47800030245	aCM-LA	False	0.3745118	-0.38476613	0.4347585	-0.009344539	0.5065868	0.54485285	0.4492932	0.43221685	0.41063908	-0.29511756	1.353569	3.0956728	1.0973077	3.2505376	0.4123524	-0.27089164	0.5008327	-0.10457998	0.46546042	-0.32679248
ATR_039_set19__94	15555.225892809038	16626.053688440443	aCM-LA	False	0.39571783	-0.11197181	0.47129726	0.4093657	0.53160816	0.91563225	0.47232082	0.76470345	0.43187627	0.007472153	1.444352	3.363713	1.1267405	3.3720329	0.42979774	0.040961917	0.5833737	0.7603672	0.4869519	-0.2504907
ATR_040_set19__105	15378.456695450244	16799.479066869637	aEndocardial	False	0.4412673	0.47397685	0.53617734	1.1528491	0.4678935	-0.028523734	0.43158793	0.1765777	0.42087445	-0.14928298	0.105316766	-0.5898385	0.17631051	-0.55123866	0.437862	0.18511923	0.46748555	-0.45402437	0.6103022	0.18744367
ATR_040_set19__207	15449.446573077628	16846.490796385202	aCM-RA	False	0.28711396	-1.5090522	0.34741384	-1.0102576	0.405799	-0.9486716	0.3527504	-0.9617258	0.35184714	-1.132791	0.9187588	1.8118795	0.7591347	1.8545964	0.34661224	-1.4460664	0.53908676	0.29628435	0.3839695	-0.6161122
ATR_040_set19__326	15350.221635106487	16825.08216716974	aCM-LA	False	0.33995155	-0.82934946	0.43426767	-0.014969294	0.4583415	-0.17007013	0.39648607	-0.3302439	0.39364287	-0.5372812	0.998497	2.0473094	0.79229105	1.9914621	0.4097555	-0.31731424	0.5439551	0.34729952	0.36796093	-0.6729479
ATR_040_set19__37	15432.553818013052	16656.488768776722	aCM-LA	False	0.3740911	-0.39017826	0.44920266	0.15617591	0.51017034	0.5979557	0.43518662	0.22853774	0.42387253	-0.10656597	1.2442583	2.772929	0.9846065	2.7853193	0.40589476	-0.38632905	0.5686548	0.60612744	0.40749747	-0.5325801
ATR_040_set19__370	15377.473801923265	16870.589040120252	aCM-LA	False	0.22878665	-2.2593749	0.21401659	-2.538903	0.32847407	-2.0945115	0.35847363	-0.87909025	0.24263264	-2.6888902	0.9994449	2.0501082	0.95884275	2.6789694	0.28734186	-2.5055869	0.29075786	-2.3059528	0.2915854	-0.9441062
ATR_040_set19__374	15359.161875674037	16864.103020599036	aCM-RA	False	0.40079734	-0.04662901	0.4407012	0.058754615	0.52963567	0.8864028	0.4859923	0.96210057	0.44763118	0.23194969	1.1369228	2.456017	0.9325274	2.5703425	0.4392684	0.21026014	0.6450493	1.406665	0.470847	-0.30766833
ATR_040_set19__39	15429.257698842794	16712.245981356773	aFibro	False	0.47943863	0.9650128	0.5042737	0.78725433	0.5135445	0.6479557	0.39610958	-0.33567992	0.5490772	1.677363	0.09524165	-0.61958563	0.20368113	-0.4382557	0.39944404	-0.50164235	0.54027283	0.3087132	0.78540325	0.80911016
ATR_040_set19__401	15407.170919817012	16824.01220295152	aEndocardial	False	0.5012227	1.2452434	0.50904757	0.8419596	0.5198969	0.74208915	0.3744319	-0.6486751	0.5734351	2.0244172	0.11227574	-0.56929183	0.23679808	-0.30155253	0.4301423	0.04712155	0.5584729	0.4994313	0.8106893	0.8988839
ATR_040_set19__71	15408.970553715204	16663.07393160326	aCM-LA	False	0.3488068	-0.71543545	0.4768823	0.47336668	0.48686883	0.25266212	0.4111682	-0.11825477	0.4037118	-0.39381817	1.2014276	2.6464696	0.9244784	2.5371172	0.39140904	-0.6452765	0.5749195	0.67177564	0.40761688	-0.5321561
ATR_041_set19__127	15285.69753883247	16975.535715889902	aCM-RA	False	0.36708707	-0.48027802	0.4375054	0.022132916	0.45245457	-0.25730583	0.41975743	0.005761767	0.40222076	-0.41506264	0.52160627	0.6392718	0.44303894	0.54978734	0.42779747	0.0052049467	0.46144673	-0.5173051	0.2959947	-0.9284517
ATR_041_set19__161	15155.634794050464	17210.96028252586	aFibro	False	0.4394209	0.4502247	0.45299983	0.19968905	0.4392989	-0.45225316	0.31367573	-1.5259091	0.48674753	0.78928345	0.07540787	-0.67814565	0.18999077	-0.494768	0.40477902	-0.40627405	0.46897277	-0.43843976	0.8722582	1.1174738
ATR_041_set19__204	15342.758159122237	17197.01918349897	aCM-LA	False	0.38418043	-0.260389	0.4875347	0.59543616	0.53701407	0.99573964	0.48680377	0.9738169	0.43428338	0.04176881	1.4523451	3.3873131	1.0862446	3.2048705	0.43624443	0.15620327	0.596783	0.9008827	0.4538549	-0.36799595
ATR_041_set19__239	15363.920139177366	17030.892054179858	aCM-LA	False	0.3960603	-0.10756642	0.46835837	0.37568787	0.53418165	0.95376754	0.46792513	0.70123583	0.44496673	0.19398637	1.3594162	3.112937	1.0678861	3.1290886	0.45215344	0.4405937	0.59882843	0.922317	0.4757253	-0.2903488
ATR_041_set19__318	15414.83368793914	17021.218881391207	EPDC	False	0.4449664	0.521562	0.4348084	-0.008772842	0.43613088	-0.49919844	0.34734324	-1.0397975	0.4381254	0.09651039	0.06222651	-0.7170641	0.16390835	-0.6024334	0.42669785	-0.014451852	0.30632398	-2.1428356	0.92947483	1.3206118
ATR_041_set19__329	15384.107069258776	17052.069977035855	BEC	False	0.3959017	-0.10960638	0.38645306	-0.5628935	0.44598407	-0.353189	0.3934638	-0.37388143	0.3941407	-0.53018826	0.12015219	-0.54603636	0.17196536	-0.56917495	0.46903944	0.7424486	0.37622964	-1.4102945	0.81795645	0.92468476
ATR_041_set19__355	15359.738445323479	17076.767834143877	aCM-LA	False	0.322744	-1.0507072	0.42098585	-0.16717032	0.4417446	-0.4160116	0.36998332	-0.71290654	0.37738556	-0.7689171	0.88898706	1.7239773	0.69746923	1.600048	0.38590485	-0.7436697	0.5609615	0.5255095	0.3322035	-0.7998985
ATR_041_set19__78	15361.558537943536	17040.132026426138	aCM-LA	False	0.41441393	0.12853485	0.502304	0.7646829	0.5529682	1.2321562	0.48628357	0.9663059	0.4634899	0.4579062	1.3493189	3.0831242	1.0819759	3.18725	0.4803404	0.94446504	0.6102847	1.042367	0.5001192	-0.20374234
ATR_041_set19__8	15450.681331562573	17091.87017014348	BEC	False	0.3426477	-0.79466605	0.30735797	-1.4692718	0.39608714	-1.0925869	0.34448996	-1.0809947	0.30941272	-1.737401	0.09168773	-0.6300787	0.10826907	-0.83210635	0.43644643	0.15981424	0.20707369	-3.1828787	0.28347585	-0.97289777
ATR_042_set19__148	14958.854242708148	17218.620155804	aCM-LA	False	0.39835382	-0.07806249	0.45613918	0.23566392	0.5392354	1.0286567	0.47160614	0.75438434	0.44238845	0.15725066	1.4517031	3.3854172	1.146136	3.4520957	0.45219946	0.44141623	0.5583702	0.49835512	0.48430812	-0.2598769
ATR_042_set19__179	15058.681591968612	17148.911313871577	aEndocardial	False	0.48907328	1.0889529	0.57909876	1.6447005	0.5116508	0.6198939	0.45538086	0.5201141	0.44691676	0.22177054	0.1415812	-0.48276642	0.22457385	-0.3520128	0.5040827	1.3688834	0.5078792	-0.030739529	0.6822449	0.44286394
ATR_042_set19__249	15088.792932989245	17180.147728104104	aCM-LA	False	0.3723823	-0.41215995	0.44669396	0.12742785	0.5181606	0.71635914	0.4417018	0.32260773	0.43009454	-0.017914142	1.4214473	3.2960858	1.1102169	3.3038254	0.43522972	0.13806428	0.55515105	0.4646219	0.46740103	-0.3199027
ATR_042_set19__255	15058.843524631073	17174.61361598039	aCM-LA	False	0.4051729	0.00965842	0.47765926	0.48226997	0.5405567	1.0482366	0.47377995	0.78577113	0.4511597	0.28222418	1.3309537	3.0289004	1.0385146	3.0078464	0.47255722	0.8053326	0.61959195	1.1398978	0.45768198	-0.3544085
ATR_042_set19__310	14958.778827663182	17235.549569489252	aCM-LA	False	0.3433843	-0.7851905	0.440277	0.053893827	0.41273147	-0.8459428	0.34157518	-1.1230803	0.3694791	-0.8815692	0.1520662	-0.45180902	0.19798726	-0.46175936	0.43982866	0.22027527	0.31629732	-2.0383248	0.22416247	-1.1834799
ATR_042_set19__70	14926.339742916762	17057.075409618796	aCM-LA	False	0.43926996	0.4482829	0.5149598	0.90971005	0.5773992	1.5941869	0.5073537	1.2705294	0.48043466	0.69933695	1.3680061	3.138299	1.091841	3.2279718	0.48495966	1.0270394	0.6387079	1.3402134	0.5189448	-0.13690528
ATR_042_set19__90	14911.91976781407	17236.861546978642	aCM-LA	False	0.30176762	-1.3205476	0.41920853	-0.18753725	0.43735793	-0.48101538	0.37982878	-0.57075185	0.35785484	-1.0471927	1.1440749	2.4771338	0.87562895	2.3354719	0.37870997	-0.87228566	0.49419948	-0.17408916	0.2687229	-1.0252756
ATR_042_set19__96	14890.71656120217	17212.067064464263	aCM-LA	False	0.364757	-0.510252	0.44492248	0.107127845	0.48033085	0.15577912	0.41309515	-0.0904322	0.42246726	-0.12658837	0.963131	1.94289	0.7938544	1.9979155	0.417184	-0.18452202	0.54709876	0.38024202	0.43514892	-0.4344083
ATR_043_set19__111	15008.676486720173	17313.391852612607	aEndocardial	False	0.5082724	1.3359306	0.6063037	1.9564513	0.5453265	1.118917	0.47467148	0.7986437	0.46017364	0.4106559	0.20146494	-0.30595744	0.2723682	-0.15472294	0.5165571	1.5918767	0.47452545	-0.38025326	0.7796291	0.78861004
ATR_043_set19__148	14964.158609721784	17476.98025246116	aCM-LA	False	0.40529853	0.011274355	0.48909265	0.61328924	0.55292875	1.2315714	0.4863279	0.96694577	0.45186418	0.29226193	1.5215831	3.5917406	1.18183	3.5994368	0.44731376	0.35407916	0.5865162	0.79329723	0.5341171	-0.083038606
ATR_043_set19__182	14934.779347463962	17333.335019780025	aCM-LA	False	0.40601537	0.020495726	0.46029314	0.28326568	0.5308242	0.9040148	0.46633363	0.67825675	0.4442759	0.18414311	1.2372583	2.7522612	0.99646395	2.8342657	0.43106422	0.063601576	0.5894353	0.8238862	0.5175402	-0.14189202
ATR_043_set19__202	14921.876845090694	17497.528837731876	aCM-RA	False	0.5023563	1.2598256	0.5779085	1.6310612	0.5195143	0.73641956	0.44418508	0.35846278	0.45768383	0.37518087	0.2782623	-0.07921038	0.33443114	0.101466164	0.5057681	1.3990124	0.4196996	-0.95477295	1.1122881	1.9696593
ATR_043_set19__208	14915.084843235107	17293.801651499387	aCM-LA	False	0.3698323	-0.44496325	0.4622382	0.30555466	0.5153019	0.6739975	0.43980742	0.29525548	0.41948777	-0.16904041	1.3996009	3.2315836	1.1043699	3.2796896	0.42099664	-0.11636706	0.55942386	0.50939673	0.42353418	-0.47564447
ATR_043_set19__244	14885.378504216902	17475.59643298218	aCM-LA	False	0.35776147	-0.6002425	0.41389865	-0.24838501	0.48772871	0.26540434	0.4393327	0.28840116	0.4005244	-0.43923238	1.4267954	3.3118763	1.1369325	3.4141045	0.41022593	-0.3089048	0.52977383	0.19869421	0.47567838	-0.29051533
ATR_043_set19__257	14859.578430335418	17330.990438374345	aCM-LA	False	0.4102882	0.075461656	0.4854945	0.5720567	0.5548018	1.2593275	0.50410086	1.2235626	0.44286123	0.16398694	1.5197347	3.5862834	1.2183611	3.7502332	0.46599692	0.6880604	0.5709428	0.6301038	0.5423828	-0.053692732
ATR_043_set19__311	15126.667701442124	17448.37021274585	aCM-LA	False	0.44580182	0.5323088	0.5633935	1.4647282	0.5890882	1.7674005	0.49310762	1.0648355	0.49740088	0.9410734	1.4225007	3.2991962	1.1086246	3.2972527	0.49775773	1.2558184	0.65216655	1.4812468	0.52104414	-0.12945196
ATR_043_set19__371	14952.512078554442	17441.129441468078	aCM-LA	False	0.4212055	0.21590152	0.50527865	0.7987702	0.5618195	1.363319	0.49603277	1.1070708	0.46149442	0.42947447	1.4305093	3.322842	1.1357193	3.4090967	0.4641483	0.6550146	0.60965353	1.0357531	0.51479095	-0.15165281
ATR_043_set19__393	14899.17657019317	17533.897919928077	aCM-LA	False	0.40483332	0.0052898377	0.465539	0.34337986	0.549614	1.182452	0.5020698	1.1942365	0.44109944	0.13888472	1.3962781	3.2217731	1.1535975	3.4828959	0.4537687	0.4694681	0.56848675	0.60436666	0.5483198	-0.032614283
ATR_043_set19__451	15023.165948336271	17291.653767297918	aCM-LA	False	0.2938201	-1.4227843	0.3790357	-0.6478915	0.4454954	-0.36043033	0.37732238	-0.6069408	0.35605288	-1.0728673	1.2757095	2.8657897	0.9904435	2.8094141	0.37606966	-0.91948396	0.50998205	-0.008703755	0.39048102	-0.5929941
ATR_043_set19__456	14892.896285913763	17499.316188799025	aCM-LA	False	0.48654762	1.0564629	0.58761203	1.7422571	0.56967735	1.4797608	0.50018597	1.167037	0.4770299	0.6508255	0.5545381	0.7365042	0.5287246	0.9034885	0.5069286	1.4197576	0.54287076	0.33593687	0.80442405	0.87664026
ATR_043_set19__564	14877.95434051061	17522.23707439302	aCM-RA	False	0.3669715	-0.48176476	0.37915865	-0.64648277	0.5052385	0.52487284	0.45753598	0.5512311	0.40583497	-0.3635669	1.3808645	3.1762638	1.1028546	3.2734349	0.43257368	0.09058472	0.46851906	-0.44319418	0.4515426	-0.37620538
ATR_043_set19__591	14988.457124797938	17303.60829432418	aCM-LA	False	0.4151686	0.13824312	0.5036448	0.78004766	0.55923635	1.3250406	0.48141804	0.89605457	0.46751338	0.51523334	1.3159804	2.9846911	1.0501251	3.0557733	0.4673473	0.71219975	0.6327141	1.2774047	0.5378869	-0.06965452
ATR_044_set19__101	15031.123721669095	17811.55545622946	Epicardial	False	0.5105337	1.3650197	0.51147956	0.8698286	0.52469486	0.8131874	0.43728945	0.25889954	0.52163917	1.286423	0.14225377	-0.4807806	0.25852007	-0.21188651	0.47318327	0.816524	0.547735	0.38690895	0.8941627	1.1952422
ATR_044_set19__145	14950.482525536698	17569.111227901496	aCM-LA	False	0.45210317	0.61336935	0.48098224	0.52034926	0.5708837	1.4976369	0.5152711	1.3848456	0.49577686	0.91793424	1.2404529	2.7616932	1.057522	3.0863068	0.483414	0.9994089	0.5883864	0.8128952	0.5435011	-0.049722392
ATR_044_set19__251	15044.650629952634	17679.891722443248	aCM-RA	False	0.38828257	-0.20761904	0.45103505	0.17717397	0.4986458	0.42717943	0.4514525	0.46339408	0.40243617	-0.41199344	1.0078735	2.074994	0.84398466	2.2048478	0.41393217	-0.24265175	0.53157985	0.2176195	0.4711393	-0.30663055
ATR_044_set19__257	15025.102209741888	17749.56451725415	aCM-RA	False	0.46166736	0.7364031	0.50797075	0.82961994	0.5857675	1.7181928	0.5360038	1.6841967	0.4915212	0.85729927	1.2890184	2.9050846	1.0789409	3.1747215	0.4763889	0.873828	0.60837334	1.022338	0.570814	0.04724754
ATR_044_set19__292	14951.127279065331	17771.508417805548	Epicardial	False	0.3811549	-0.29930943	0.48261738	0.5390868	0.42661312	-0.6402374	0.37950808	-0.57538235	0.39108545	-0.5737197	0.20338589	-0.30028573	0.19620125	-0.46913183	0.40323478	-0.43387893	0.38856524	-1.2810298	0.7557595	0.703865
ATR_044_set19__304	14884.05773411788	17687.27020136995	aCM-RA	False	0.3603046	-0.5675278	0.31668168	-1.3624281	0.4218737	-0.71046877	0.35868898	-0.87598085	0.39749497	-0.4823961	1.0276177	2.1332893	0.7413925	1.7813584	0.34876075	-1.4076595	0.46610096	-0.46853343	0.59534293	0.1343333
ATR_044_set19__307	14883.62123122183	17582.424358505465	aCM-RA	False	0.4491473	0.5753452	0.5260041	1.0362701	0.58260703	1.6713592	0.51832265	1.4289052	0.48575345	0.7751196	1.291204	2.9115376	1.048688	3.0498412	0.49197727	1.1524866	0.62907016	1.2392199	0.5826972	0.08943682
ATR_044_set19__40	15131.805360134436	17672.176849005285	aEndocardial	False	0.48775008	1.0719314	0.58039343	1.6595367	0.52096725	0.7579497	0.43196854	0.18207312	0.46015587	0.4104028	0.11492025	-0.5614838	0.19533843	-0.47269344	0.47566634	0.8609115	0.47117317	-0.41538182	0.68739885	0.46116218
ATR_044_set19__420	15050.333202267866	17588.520663261115	aEndocardial	False	0.48380786	1.0212185	0.5511923	1.3249105	0.5163559	0.689616	0.4477256	0.40958285	0.44211367	0.1533356	0.1115923	-0.57130975	0.18275355	-0.52464247	0.45871177	0.5578307	0.4172572	-0.98036706	0.7443421	0.6633295
ATR_048_set19__125	14785.430232892448	17330.48059130162	aCM-LA	False	0.41692242	0.1608041	0.48426375	0.5579532	0.5377122	1.0060852	0.46989408	0.7296647	0.476589	0.6445435	1.0688282	2.254965	0.92891914	2.555448	0.46146035	0.60696447	0.5879784	0.8086198	0.5038059	-0.19065346
ATR_048_set19__154	14817.133300071628	17425.309173439626	aCM-LA	False	0.3807849	-0.30406907	0.44515648	0.10980943	0.513613	0.64897054	0.4594255	0.5785132	0.4224142	-0.12734422	1.3150117	2.981831	1.038304	3.0069768	0.41836417	-0.1634252	0.55392784	0.45180392	0.46115863	-0.34206524
ATR_048_set19__70	14768.682305789765	17290.907466592274	aFibro	False	0.39909527	-0.06852445	0.37903702	-0.6478765	0.40926945	-0.8972447	0.33943942	-1.1539174	0.42813602	-0.045819324	0.09034673	-0.6340381	0.18069538	-0.53313833	0.39998448	-0.49198148	0.4551372	-0.5834227	0.81215405	0.9040843
ATR_049_set19__11	14817.487059638615	17209.05299872608	aFibro	False	0.45685452	0.67449075	0.43496585	-0.0069686174	0.45783672	-0.17755039	0.4162261	-0.04522578	0.4250778	-0.08939322	0.29495898	-0.029912775	0.3764564	0.2749419	0.4694606	0.7499774	0.42010114	-0.95056534	1.1472319	2.0937214
ATR_049_set19__68	14815.540405689693	17141.078513744334	Epicardial	False	0.46349114	0.7598643	0.50464267	0.79148227	0.46765575	-0.032047026	0.40457538	-0.2134457	0.49243534	0.87032384	0.14128663	-0.48363614	0.23335253	-0.3157754	0.4624195	0.6241104	0.47226265	-0.40396512	0.8767246	1.1333311
ATR_050_set19__110	15056.9358336987	16619.619060570476	aCM-LA	False	0.39477068	-0.12415592	0.44571826	0.11624699	0.50585765	0.534048	0.46319005	0.6328679	0.41696444	-0.20499311	1.0386736	2.1659324	0.8666284	2.2983186	0.41528255	-0.2185124	0.5549171	0.46217036	0.5145629	-0.15246247
ATR_050_set19__138	15024.894636053767	16814.94190870934	aCM-LA	False	0.37270752	-0.40797654	0.4522064	0.1905969	0.5064403	0.5426818	0.44789362	0.4120089	0.4209756	-0.14784178	1.2841444	2.8906941	1.010567	2.8924813	0.4103361	-0.30693522	0.5776263	0.7001398	0.43088663	-0.44954085
ATR_050_set19__79	15071.230156448908	16802.938136644403	aEndocardial	False	0.47691506	0.9325496	0.575148	1.5994272	0.50445247	0.5132254	0.42493153	0.08046851	0.4554553	0.34342858	0.106035665	-0.5877159	0.1719049	-0.5694245	0.45712164	0.5294054	0.43277183	-0.8177892	0.7205376	0.5788157
ATR_050_set19__92	15048.935957147693	16797.078674136737	aCM-LA	False	0.3794105	-0.32174927	0.45515507	0.22438675	0.5106051	0.60439813	0.43778548	0.2660615	0.43151128	0.0022717519	1.1367016	2.4553638	0.89678264	2.422792	0.43488386	0.13188174	0.6054764	0.9919808	0.4308732	-0.4495886
ATR_053_set19__78	15108.135710199247	16595.134446632623	aCM-LA	False	0.40717855	0.035458937	0.45269677	0.19621618	0.536014	0.98092043	0.4527743	0.4824789	0.43830603	0.09908405	1.3849887	3.1884406	1.102399	3.271554	0.4238162	-0.06596431	0.5118889	0.011278343	0.56445706	0.024678253
ATR_054_set19__128	15327.145360717643	16556.21928912062	aCM-LA	False	0.2547519	-1.925358	0.20024836	-2.696678	0.3119071	-2.3400092	0.38686764	-0.46912053	0.2553796	-2.5072706	1.1195853	2.404827	0.8240756	2.1226652	0.25090256	-3.1569777	0.2994865	-2.2144856	0.25201857	-1.0845815
ATR_054_set19__139	15308.487744188093	16556.263608183806	aCM-LA	False	0.31843233	-1.1061727	0.37636945	-0.67844516	0.379281	-1.3416286	0.35694912	-0.901102	0.27602255	-2.2131474	0.33069748	0.07560647	0.29692996	-0.05333466	0.3311908	-1.721741	0.32840306	-1.911469	0.20815304	-1.2403187
ATR_054_set19__233	15148.147766478045	16447.415721434198	aFibro	False	0.3930588	-0.14617749	0.36075348	-0.85739404	0.4208933	-0.72499645	0.32097277	-1.42055	0.42536652	-0.08527944	0.1080582	-0.5817443	0.19596976	-0.47008738	0.40354815	-0.42827708	0.46267998	-0.50438184	0.7583565	0.7130853
ATR_054_set19__238	15138.82928964346	16557.701421870213	aCM-LA	False	0.3039253	-1.2927911	0.14237277	-3.3598948	0.3562057	-1.6835701	0.34209737	-1.1155404	0.380713	-0.72150755	0.71499324	1.2102541	0.599343	1.1949935	0.31078047	-2.0865972	0.3907912	-1.2577039	0.48212746	-0.267619
ATR_054_set19__301	15361.594113734362	16436.775859738133	aCM-LA	False	0.3861041	-0.23564276	0.4478676	0.14087707	0.5122977	0.6294798	0.44516724	0.37264386	0.42976588	-0.022596924	1.1190714	2.4033098	0.9125903	2.4880445	0.42234853	-0.09220055	0.5675128	0.5941608	0.44107687	-0.41336212
ATR_054_set19__33	15425.628721207559	16384.26595189788	aCM-LA	False	0.3979029	-0.08386298	0.47870734	0.4942804	0.53521544	0.96908665	0.47174925	0.7564507	0.43816563	0.097083636	1.3475869	3.0780103	1.0881099	3.21257	0.43884662	0.20272015	0.5929716	0.86094356	0.5012812	-0.1996169
ATR_054_set19__344	15206.554040592755	16389.455193829395	aFibro	False	0.5307931	1.6256365	0.530292	1.0854067	0.5371414	0.99762625	0.4556979	0.5246917	0.58523583	2.1925547	0.108010486	-0.58188516	0.22680515	-0.34280223	0.46360594	0.6453191	0.5694465	0.61442393	0.8193965	0.9297974
ATR_054_set19__490	15270.898465852855	16390.876578743937	aCM-LA	False	0.36164635	-0.55026734	0.45692635	0.24468435	0.49503994	0.37374577	0.43301752	0.19721895	0.40919036	-0.31575906	1.2062826	2.6608043	0.9632841	2.6973028	0.4405056	0.2323761	0.5583324	0.49795914	0.44025123	-0.41629344
ATR_054_set19__78	15380.326290529712	16371.382039666907	aCM-LA	False	0.4157712	0.14599462	0.49627885	0.6956384	0.5573368	1.2968923	0.495115	1.0938195	0.456829	0.36300132	1.4321278	3.3276207	1.139464	3.4245543	0.44466543	0.30673757	0.5848795	0.7761464	0.5234587	-0.12087938
ATR_056_set19__45	15304.493440672097	16308.607168304152	aCM-RA	False	0.3326388	-0.9234206	0.33217221	-1.1849166	0.3737302	-1.4238831	0.34077105	-1.1346906	0.24454656	-2.6616206	0.15455125	-0.44447184	0.1278659	-0.7512127	0.3838852	-0.77977294	0.19819184	-3.2759519	0.31929812	-0.8457169
ATR_056_set19__59	15354.940115479287	16299.9007639515	aCM-LA	False	0.34126142	-0.8124992	0.40298238	-0.37347826	0.3977338	-1.0681857	0.35324925	-0.9545229	0.42258802	-0.1248678	0.34005848	0.10324517	0.28693748	-0.094582535	0.34260768	-1.5176522	0.38120803	-1.3581259	0.4687749	-0.31502494
ATR_057_set19__37	15741.23671408206	16287.71843783063	Epicardial	False	0.3513278	-0.68300515	0.41076317	-0.2843155	0.39448407	-1.116342	0.31387776	-1.522992	0.33616292	-1.3562614	0.10208802	-0.5993715	0.18457459	-0.5171254	0.37432286	-0.9507099	0.25835115	-2.6455426	0.76553273	0.73856324
ATR_058_set19__104	15817.71599500551	16284.2739132456	Epicardial	False	0.47348094	0.888373	0.48785633	0.5991218	0.4757818	0.0883689	0.37650284	-0.6187737	0.50783086	1.0896808	0.12044302	-0.54517764	0.2300162	-0.32954738	0.46642005	0.69562435	0.5507896	0.41891828	0.90806526	1.2446008
ATR_059_set19__101	15913.567246742808	16462.128409471356	aCM-LA	False	0.38872313	-0.20195158	0.47364885	0.4363133	0.5259723	0.83211726	0.45954046	0.5801729	0.4390837	0.110164255	1.1812826	2.5869908	0.9292392	2.5567694	0.44311246	0.27897662	0.60862243	1.0249482	0.43457747	-0.43643716
ATR_059_set19__215	15895.209436349984	16420.51899345094	aCM-LA	False	0.4072994	0.03701353	0.47690287	0.47360232	0.54040277	1.0459552	0.49580747	1.1038177	0.44220057	0.15457381	1.3804679	3.1750927	1.0802716	3.1802146	0.4378732	0.18531954	0.5749624	0.67222476	0.44503933	-0.39929408
ATR_059_set19__236	15830.323462119422	16526.85002966866	aCM-LA	False	0.32953864	-0.963301	0.44623533	0.12217227	0.4520362	-0.26350537	0.39948174	-0.28699064	0.3772187	-0.7712946	1.1128778	2.385023	0.8155444	2.0874496	0.36447525	-1.1267463	0.51021266	-0.006287191	0.37806982	-0.63705796
ATR_060_set19__124	15483.958097578516	16380.699341108775	aCM-LA	False	0.41216552	0.09961135	0.44909266	0.15491539	0.4335931	-0.5368047	0.38894385	-0.439143	0.401473	-0.42571697	0.17618522	-0.38059673	0.22653413	-0.343921	0.38415784	-0.77489936	0.43544602	-0.7897664	0.6691871	0.39650458
ATR_060_set19__152	15462.176130788614	16308.753128980152	aFibro	False	0.41125512	0.087899946	0.37709123	-0.670174	0.41777888	-0.77114767	0.36371738	-0.80337787	0.4475688	0.23106094	0.11586481	-0.55869496	0.20669349	-0.425821	0.41118062	-0.29183877	0.46148804	-0.5168722	0.7300833	0.612706
ATR_060_set19__189	15749.980868668901	16416.462382842434	aFibro	False	0.45109302	0.60037476	0.49510375	0.6821725	0.45055416	-0.28546697	0.3861576	-0.47937253	0.48187894	0.7199152	0.09625436	-0.61659557	0.21071385	-0.40922537	0.45658013	0.5197254	0.5014581	-0.09802609	0.98048806	1.5017257
ATR_060_set19__208	15665.94814498449	16487.12931488499	aCM-LA	False	0.3945827	-0.12657426	0.47837296	0.4904486	0.5217908	0.7701536	0.4599815	0.58654094	0.44091192	0.13621296	1.1029316	2.3556566	0.8980109	2.4278622	0.45171094	0.43268344	0.60845053	1.023147	0.46821117	-0.3170264
ATR_060_set19__242	15533.512622744833	16411.088763688625	aFibro	False	0.42013454	0.20212486	0.40741596	-0.32267243	0.44304448	-0.3967492	0.35442954	-0.93748116	0.47219935	0.5819995	0.11956096	-0.547782	0.22609934	-0.34571573	0.4614661	0.6070673	0.4883396	-0.23549484	0.91304046	1.2622644
ATR_060_set19__255	15505.298661995635	16422.046736085656	aCM-LA	False	0.40673435	0.0297447	0.48343956	0.5485086	0.5493704	1.1788422	0.48475197	0.94419175	0.445356	0.19953285	1.5473145	3.6677136	1.2325962	3.8089938	0.4486667	0.3782643	0.56940067	0.61394364	0.54923874	-0.029351797
ATR_060_set19__275	15468.626448933053	16581.717315254464	aCM-LA	False	0.5297369	1.6120496	0.54000604	1.1967235	0.55143255	1.2094	0.44142684	0.31863776	0.5532886	1.737367	0.15623038	-0.43951416	0.26016048	-0.20511508	0.47636497	0.8734002	0.575893	0.68197656	0.83502	0.98526603
ATR_060_set19__291	15515.834057911772	16522.27353363863	aFibro	False	0.3851715	-0.24763979	0.37834442	-0.65581334	0.4095484	-0.89311105	0.34490505	-1.0750015	0.43073952	-0.008724377	0.110428035	-0.57474726	0.18210801	-0.52730715	0.3959546	-0.5640196	0.45035627	-0.6335219	0.7860159	0.8112854
ATR_060_set19__301	15480.321645359063	16533.40114303709	aCM-LA	False	0.37094697	-0.43062416	0.433192	-0.0272956	0.51708376	0.7004023	0.46796024	0.7017427	0.4043497	-0.38472903	1.4082716	3.257184	1.1255248	3.3670146	0.43006027	0.045654897	0.5256938	0.15593933	0.4346827	-0.43606356
ATR_060_set19__59	15551.826543233477	16527.513520770473	aCM-LA	False	0.43334255	0.37203264	0.49533856	0.68486327	0.56028414	1.3405674	0.5100504	1.3094658	0.43148986	0.0019664455	1.2045486	2.6556845	0.9584613	2.6773949	0.46632126	0.6938583	0.57378566	0.65989393	0.64904225	0.3249836
ATR_061_set19__137	15939.476520165117	17063.144120482437	aCM-RA	False	0.33452788	-0.8991195	0.36603108	-0.7969161	0.44079465	-0.4300884	0.42588043	0.094169386	0.39789283	-0.47672734	0.9990067	2.0488143	0.76583964	1.8822736	0.3604372	-1.1989305	0.62570524	1.203959	0.30798432	-0.8858846
ATR_061_set19__187	15942.96238842215	17183.637072897025	Epicardial	False	0.4717841	0.8665451	0.46587712	0.34725434	0.48301372	0.19553517	0.4404027	0.30385035	0.4424202	0.15770331	0.29446974	-0.03135726	0.33555186	0.106092356	0.49607193	1.225683	0.5036479	-0.075079024	1.0210977	1.6459031
ATR_061_set19__194	15908.075433688844	17174.945901273408	aFibro	False	0.4480819	0.56163985	0.45308673	0.2006849	0.4114479	-0.8649632	0.3349438	-1.218828	0.46630538	0.4980215	0.07331319	-0.6843302	0.12381792	-0.76792234	0.4478061	0.36288014	0.42941016	-0.85301614	1.1177953	1.9892118
ATR_061_set19__195	15919.453597935368	17175.40695780505	Epicardial	False	0.45067447	0.5949906	0.48467687	0.5626872	0.4340308	-0.5303185	0.3543848	-0.93812704	0.43422833	0.040984526	0.08621601	-0.6462342	0.2015851	-0.44690788	0.43758434	0.18015562	0.3155711	-2.045935	0.8625177	1.082892
ATR_061_set19__211	15865.483704081358	17144.545786116294	aCM-RA	False	0.38913682	-0.19662993	0.4534693	0.20506895	0.51507616	0.6706526	0.47114804	0.7477702	0.41483352	-0.23535477	1.5318072	3.6219277	1.2311884	3.8031828	0.4314786	0.0710089	0.5176991	0.07216341	0.5200491	-0.13298467
ATR_064_set19__104	16378.245249661675	17442.28837660032	vCM-LV-Compact II	False	0.35567716	-0.6270551	0.3977715	-0.4331915	0.42193538	-0.70955455	0.404068	-0.22077163	0.34579957	-1.2189575	0.10429772	-0.5928472	0.13521802	-0.72086394	0.38482094	-0.7630457	0.2389342	-2.8490124	0.35983577	-0.70179486
ATR_064_set19__110	16336.731338654829	17427.572472077936	Epicardial	False	0.33432594	-0.90171725	0.2809905	-1.7714256	0.35037678	-1.769946	0.34423655	-1.0846536	0.3567664	-1.0627009	0.29145598	-0.0402555	0.29898268	-0.04486124	0.36289078	-1.1550704	0.34477395	-1.7399186	0.578581	0.07482282
ATR_065_set19__269	16247.561233690214	17600.71815846796	VSMC	False	0.4507762	0.59629905	0.46698207	0.35991636	0.46340495	-0.09503745	0.37083188	-0.7006545	0.4606715	0.41774967	0.09165421	-0.6301777	0.21507955	-0.39120427	0.43939117	0.21245453	0.3579589	-1.6017534	0.9060706	1.237519
ATR_065_set19__75	16368.24014611151	17752.307702248214	vCM-LV-Compact I	False	0.23226398	-2.2146425	0.26614043	-1.9415978	0.37585038	-1.3924655	0.43574426	0.23658915	0.33339792	-1.3956573	1.2741882	2.8612978	0.89185053	2.402433	0.32450172	-1.8413152	0.49807286	-0.13350005	0.32732746	-0.8172101
ATR_066_set19__144	16318.29046600229	18007.9079532965	vCM-LV-Compact I	False	0.30258963	-1.3099732	0.3396204	-1.0995651	0.41766062	-0.77290004	0.38082615	-0.5563513	0.36306724	-0.9729259	1.2852473	2.8939505	0.9600348	2.68389	0.35875776	-1.2289524	0.47505805	-0.37467217	0.41270494	-0.51409185
ATR_066_set19__21	16353.654795743714	17883.386038239798	vCM-LV-Compact II	False	0.32236508	-1.0555818	0.36454657	-0.81392765	0.4199793	-0.7385407	0.40367246	-0.22648261	0.38010404	-0.7301839	1.1000524	2.3471556	0.8595939	2.2692811	0.3794823	-0.8584795	0.46611673	-0.46836823	0.37285835	-0.65556043
ATR_066_set19__46	16244.889044644451	17863.88603435468	vCM-LV-Compact II	False	0.31487596	-1.1519219	0.35199824	-0.9577233	0.41144982	-0.8649349	0.41388538	-0.079022266	0.38089323	-0.71893936	0.9486741	1.9002055	0.7513591	1.8224995	0.36761326	-1.0706512	0.49630177	-0.15205933	0.41525093	-0.50505275
ATR_066_set19__99	16393.03458315638	18113.315055320185	BEC	False	0.2839896	-1.5492439	0.33095285	-1.1988897	0.37473962	-1.4089253	0.29026863	-1.8638747	0.26281944	-2.4012668	0.13056852	-0.51528174	0.16715008	-0.5890519	0.429365	0.03322642	0.24002375	-2.8375955	0.23610857	-1.1410673
ATR_069_set19__158	16211.007642987752	18247.959701204065	BEC	False	0.3603093	-0.5674672	0.39630497	-0.44999713	0.41837665	-0.7622896	0.37497592	-0.6408203	0.27115175	-2.2825472	0.16721869	-0.40707076	0.16516852	-0.59723157	0.36852044	-1.0544343	0.32342446	-1.9636397	0.4938283	-0.22607717
ATR_069_set19__188	16156.29851651085	18378.118393434877	vCM-LV-Compact II	False	0.34779194	-0.7284906	0.38941258	-0.52897936	0.45968997	-0.15008788	0.42234063	0.043059632	0.4106562	-0.2948734	1.036099	2.1583307	0.79561085	2.0051658	0.38592097	-0.7433815	0.45790035	-0.5544676	0.42556605	-0.46843067
ATR_069_set19__228	16371.261792103944	18207.829141040846	vCM-LV-Compact I	False	0.35619733	-0.62036365	0.40967837	-0.29674664	0.46057245	-0.1370109	0.46047497	0.59366596	0.41723093	-0.2011961	1.1240089	2.417888	0.8786278	2.3478508	0.39488813	-0.58308405	0.4957119	-0.15824065	0.44749534	-0.39057446
ATR_069_set19__244	16094.17890801869	18291.03991547191	Compact vFibro	False	0.48379186	1.0210127	0.46599147	0.34856474	0.51017326	0.597999	0.4164205	-0.04241891	0.50820535	1.0950166	0.14155437	-0.4828456	0.25833678	-0.21264309	0.49324337	1.1751193	0.5778764	0.70276064	0.9031797	1.2272555
ATR_069_set19__273	16319.674610662172	18161.12746434195	Pericyte	False	0.3526937	-0.66543424	0.32974374	-1.2127453	0.4278261	-0.6222628	0.43900567	0.28367946	0.38070753	-0.7215852	0.9345643	1.8585458	0.7215583	1.699485	0.3582045	-1.2388424	0.491819	-0.19903432	0.38821247	-0.6010482
ATR_069_set19__375	16348.839873376162	18456.972236116264	vCM-RV-Proliferating	False	0.32763278	-0.987818	0.3563185	-0.90821594	0.4428789	-0.39920285	0.4147575	-0.066430286	0.3874517	-0.6254935	1.3213528	3.0005534	0.96128154	2.6890366	0.35983294	-1.2097324	0.4727446	-0.39891464	0.3677928	-0.6735448
ATR_069_set19__380	16338.534090509995	18246.70604073815	Compact vFibro	False	0.37830874	-0.33592233	0.33160934	-1.1913668	0.39531967	-1.1039596	0.29338005	-1.8189502	0.4161149	-0.21709752	0.15809155	-0.43401897	0.18974312	-0.4957903	0.4220496	-0.09754401	0.4349023	-0.7954639	0.7663001	0.7412876
ATR_069_set19__414	16275.850010153876	18238.30033926282	vCM-LV-Compact I	False	0.25848186	-1.8773757	0.3099592	-1.4394633	0.3670335	-1.5231183	0.341693	-1.1213788	0.33990327	-1.3029686	1.0554214	2.2153807	0.79357433	1.9967594	0.295091	-2.3670628	0.47936797	-0.3295085	0.36249608	-0.6923499
ATR_069_set19__466	16218.723402134348	18426.86528038763	Proliferating vFibro	False	0.43540785	0.39860067	0.42086333	-0.16857429	0.462498	-0.10847701	0.37519446	-0.6376649	0.45754552	0.3732102	0.14627741	-0.46890065	0.24147598	-0.28224263	0.44117507	0.24434374	0.47237334	-0.40280524	0.8537789	1.0518663
ATR_069_set19__594	16098.520049548646	18350.35725854014	vCM-LV-Compact I	False	0.24527621	-2.0472531	0.18092827	-2.9180737	0.3232338	-2.1721642	0.284907	-1.941289	0.35440177	-1.0963924	1.0145777	2.0947886	0.7002285	1.611438	0.2688224	-2.8366416	0.4859351	-0.2606917	0.548421	-0.03225496
ATR_069_set19__63	16341.329417879906	18367.917954427405	vCM-LV-Compact II	False	0.37523374	-0.3754792	0.41183534	-0.27202913	0.4931631	0.34593394	0.46660158	0.6821256	0.4348654	0.05006134	1.2546796	2.803698	0.98853105	2.8015196	0.40683156	-0.36958265	0.5583518	0.49816275	0.43234524	-0.4443623
ATR_069_set19__639	16321.28206591532	18319.379513270003	vCM-LV-Compact I	False	0.27574772	-1.6552676	0.2885329	-1.6849946	0.39655235	-1.0856931	0.3941859	-0.36345518	0.3249843	-1.5155354	1.3619205	3.1203308	1.0140426	2.9068284	0.34112552	-1.5441474	0.4750768	-0.37447572	0.37663636	-0.64214724
ATR_069_set19__726	16293.05050445035	18178.23341468795	BEC	False	0.3663029	-0.49036545	0.4652288	0.33982503	0.41411486	-0.82544297	0.3911976	-0.40660214	0.32302538	-1.5434464	0.13884546	-0.49084377	0.17360081	-0.562424	0.3924945	-0.62587273	0.36815768	-1.4948804	0.35388103	-0.72293615
ATR_069_set19__736	16290.642397049372	18308.6677928275	vCM-LV-Compact I	False	0.3250918	-1.0205051	0.3980908	-0.42953253	0.40796718	-0.9165424	0.40161854	-0.2561383	0.38894054	-0.6042805	0.82149506	1.5247046	0.6886482	1.5636358	0.2908178	-2.443451	0.5373742	0.27833843	0.42077196	-0.48545128
ATR_069_set19__84	16314.928743317825	18370.78820591622	vCM-LV-Compact II	False	0.32185915	-1.06209	0.32953694	-1.2151151	0.44163597	-0.4176213	0.4575975	0.55211926	0.37658608	-0.7803081	1.1842486	2.595748	0.93419784	2.5772378	0.3592007	-1.2210346	0.4607241	-0.52487767	0.22457793	-1.1820048
ATR_070_set19__141	16607.55941797895	17962.99711952914	vCM-LV-Hybrid	False	0.31791544	-1.1128219	0.3308832	-1.1996878	0.42426807	-0.6749876	0.40957636	-0.14123859	0.36887553	-0.8901688	1.1574258	2.5165527	0.88231796	2.3630834	0.3588701	-1.2269444	0.49671173	-0.14776336	0.3873878	-0.603976
ATR_070_set19__180	16574.94851487103	17863.39983336808	vCM-LV-Compact II	False	0.3096551	-1.219083	0.26620677	-1.9408376	0.36895293	-1.4946753	0.3782022	-0.5942374	0.2781366	-2.183026	0.42494676	0.35388097	0.33143964	0.08911759	0.30588186	-2.1741648	0.23883432	-2.8500593	0.19977742	-1.2700548
ATR_070_set19__198	16563.221286705586	17986.019291344408	vCM-RV-Trabecular	False	0.33740798	-0.8620699	0.41115716	-0.27980065	0.44504595	-0.3670905	0.44646004	0.39131	0.4007682	-0.43575895	0.86876464	1.6642698	0.6954711	1.5918	0.3479455	-1.4222327	0.5906822	0.83695275	0.4831763	-0.2638953
ATR_070_set19__239	16525.453714101965	18031.907230990575	vCM-LV-Compact I	False	0.2793233	-1.6092712	0.2646542	-1.9586293	0.38099468	-1.3162346	0.39777273	-0.3116664	0.3293241	-1.4537016	1.2648824	2.8338225	0.9745474	2.7437966	0.32795116	-1.7796528	0.3635019	-1.5436684	0.27418458	-1.0058849
ATR_070_set19__323	16447.676177685993	17865.939494402566	vCM-LV-Compact I	False	0.3230064	-1.0473319	0.3717273	-0.7316413	0.44693223	-0.33913866	0.41483122	-0.06536572	0.37109977	-0.8584776	1.3906282	3.2050915	1.0385094	3.0078247	0.3885502	-0.6963814	0.5025569	-0.08651165	0.40001127	-0.55915856
ATR_070_set19__447	16637.439293855226	17989.64228404581	vCM-LV-Compact I	False	0.3069093	-1.254405	0.35310557	-0.94503397	0.42666924	-0.63940585	0.40237042	-0.24528214	0.36449397	-0.9525978	1.3587672	3.1110206	1.0219716	2.9395585	0.37664226	-0.9092483	0.49900982	-0.12368171	0.39772582	-0.56727266
ATR_070_set19__510	16507.63288950531	17983.33911381717	vCM-LV-Compact I	False	0.3305048	-0.9508723	0.37671453	-0.67449075	0.45307484	-0.24811426	0.43369764	0.20703891	0.3861894	-0.643479	1.2941468	2.9202266	0.9731541	2.7380452	0.37712666	-0.900589	0.5284899	0.18523978	0.41033405	-0.5225093
ATR_070_set19__667	16489.625767466852	17908.73950472219	BEC	False	0.27913663	-1.6116726	0.31729057	-1.3554505	0.3530046	-1.7310057	0.30117446	-1.7064098	0.32551524	-1.5079706	0.1722026	-0.39235556	0.15362366	-0.6448875	0.36302817	-1.1526145	0.19533353	-3.3059037	0.102612674	-1.6150217
ATR_070_set19__838	16604.734708756558	18049.407301140065	BEC	False	0.32770926	-0.9868342	0.28196833	-1.7602205	0.3837968	-1.2747111	0.33058137	-1.2818154	0.24713008	-2.6248102	0.057444792	-0.7311823	0.059665192	-1.0327377	0.3717573	-0.996572	0.18259412	-3.4394	0.24161693	-1.1215107
ATR_071_set19__272	16797.051172786487	17926.130849525925	vCM-LV-Compact I	False	0.33532554	-0.8888584	0.38478342	-0.58202654	0.4615719	-0.122200534	0.4234837	0.05956393	0.38628614	-0.6421007	1.4581097	3.404333	1.093771	3.2359385	0.38478154	-0.76375	0.5179385	0.07467179	0.4081562	-0.53024143
ATR_071_set19__523	16852.303554899787	17981.711095643695	vCM-LV-Compact I	False	0.38303408	-0.2751356	0.41241273	-0.26541263	0.50207365	0.4779748	0.48498714	0.9475873	0.4322196	0.01236385	1.4733882	3.4494433	1.1179177	3.3356135	0.41988018	-0.13632485	0.5296534	0.1974319	0.42655498	-0.46491966
ATR_071_set19__541	16784.451440060664	17875.56100808443	vCM-LV-Compact I	False	0.35783947	-0.5992392	0.40033466	-0.4038195	0.47889492	0.1345007	0.45748574	0.5505056	0.40468144	-0.3800025	1.3736316	3.1549084	1.0409606	3.017943	0.3916049	-0.64177525	0.5281292	0.18146035	0.45015404	-0.3811352
ATR_071_set19__606	16877.6446964536	17843.52223131345	Proliferating vFibro	False	0.4099994	0.07174635	0.3672284	-0.78319573	0.42435777	-0.6736583	0.3892496	-0.43472853	0.4105393	-0.2965392	0.19485576	-0.32547125	0.2849829	-0.10265085	0.3918619	-0.6371814	0.4439464	-0.70069104	0.79133976	0.8301867
ATR_072_set19__183	16878.078283260806	17593.117527771203	vCM-LV-Trabecular II	False	0.32346243	-1.0414655	0.35825083	-0.88607275	0.4410941	-0.42565095	0.42102224	0.024023857	0.37900132	-0.7458955	1.3244983	3.0098405	1.0208496	2.934927	0.37574074	-0.9253639	0.49485892	-0.16717894	0.41429934	-0.5084312
ATR_072_set19__238	16830.249312073327	17576.277660515807	VSMC	False	0.3555957	-0.6281029	0.34841058	-0.9988356	0.37524778	-1.4013951	0.30743885	-1.6159608	0.27465522	-2.2326293	0.1036194	-0.59485	0.15877143	-0.6236381	0.39117125	-0.64952725	0.24417982	-2.794044	0.4162741	-0.50142014
ATR_072_set19__254	16823.55368077859	17541.707083893907	vCM-LV-Compact I	False	0.29031554	-1.4678671	0.34614512	-1.0247962	0.38965222	-1.1879427	0.3847439	-0.4997844	0.32164443	-1.5631224	1.2268572	2.7215514	0.93889815	2.5966403	0.33550915	-1.6445458	0.44537452	-0.6857257	0.29325226	-0.9381883
ATR_072_set19__336	16761.880675965767	17651.823168238705	vCM-LV-Hybrid	False	0.32301512	-1.0472196	0.35018727	-0.9784758	0.4356837	-0.50582504	0.4349783	0.22552992	0.37833515	-0.7553872	1.508472	3.5530295	1.1242287	3.3616648	0.37448487	-0.94781387	0.47296453	-0.3966102	0.41983283	-0.4887855
ATR_072_set19__365	16747.503309343272	17680.46149804426	vCM-LV-Compact I	False	0.4257996	0.27500027	0.46388888	0.3244705	0.45265758	-0.25429747	0.44892073	0.4268389	0.44233537	0.15649441	0.54743505	0.71553224	0.4828595	0.7141623	0.44155028	0.25105104	0.47831988	-0.3404914	0.84763116	1.0300398
ATR_072_set19__413	16714.56777676442	17565.87181891439	vCM-LV-Hybrid	False	0.38301858	-0.27533495	0.4015092	-0.39036006	0.4733718	0.05265638	0.42360497	0.061314836	0.46819085	0.52488595	0.7753982	1.3886019	0.66293824	1.4575077	0.37032005	-1.0222644	0.5530732	0.44284847	0.36807856	-0.67253023
ATR_072_set19__475	16910.449414471237	17700.911784916494	vCM-LV-Trabecular I	False	0.349862	-0.7018612	0.3071246	-1.4719458	0.4054322	-0.9541071	0.3820372	-0.53886545	0.31339374	-1.680679	0.5520039	0.729022	0.41193	0.421373	0.3875714	-0.71387845	0.31993926	-2.0001612	0.24669115	-1.1034956
ATR_072_set19__484	16903.208816494247	17731.738248501435	vCM-LV-Trabecular II	False	0.31902534	-1.0985442	0.35160413	-0.9622395	0.4387432	-0.46048772	0.4067797	-0.18161829	0.37855265	-0.7522883	1.374538	3.1575844	1.017517	2.9211702	0.3545157	-1.3047837	0.52086294	0.105317004	0.39449355	-0.5787483
ATR_072_set19__499	16867.726007608853	17770.25064066053	vCM-LV-Trabecular II	False	0.35990337	-0.5726892	0.4103614	-0.28891945	0.47986814	0.14892243	0.44600877	0.38479435	0.41540983	-0.22714333	1.4031924	3.2421877	1.0619512	3.1045897	0.38157764	-0.8210231	0.5304227	0.20549358	0.45566246	-0.3615785
ATR_072_set19__592	16717.963742702632	17788.96320156719	BEC	False	0.29424715	-1.4172909	0.34806848	-1.0027559	0.3424676	-1.8871483	0.3124338	-1.5438406	0.26340565	-2.3929143	0.11083204	-0.57355446	0.14978296	-0.6607415	0.41621187	-0.20189972	0.22600475	-2.9845004	0.31052676	-0.8768581
ATR_072_set19__726	16915.62897680282	17782.904788410833	vCM-RV-Compact	False	0.3132891	-1.1723351	0.3697122	-0.75473285	0.4180551	-0.76705474	0.40197963	-0.25092474	0.38202456	-0.7028201	1.088067	2.3117683	0.8558391	2.2537816	0.35959947	-1.213906	0.5289095	0.18963695	0.43043068	-0.45115963
ATR_072_set19__769	16708.796814622983	17787.888127198014	vCM-LV-Compact I	False	0.32358485	-1.0398905	0.30251035	-1.5248222	0.42124537	-0.71977955	0.39599514	-0.33733228	0.3850681	-0.6594556	0.94206893	1.8807034	0.7496354	1.8153843	0.33703893	-1.6171993	0.53274536	0.22983286	0.4993665	-0.20641474
ATR_072_set19__89	16946.314788508	17611.834570347964	vCM-RV-Trabecular	False	0.30768722	-1.2443978	0.33489802	-1.1536807	0.4265301	-0.6414678	0.43840575	0.27501744	0.3666158	-0.92236567	1.2846045	2.8920527	0.9628878	2.695667	0.34414992	-1.490083	0.48031306	-0.3196049	0.2974693	-0.92321646
ATR_073_set19__190	16513.608182799755	17555.972438176592	vCM-LV-Compact I	False	0.2745286	-1.6709504	0.38083032	-0.6273265	0.38091877	-1.3173594	0.35312256	-0.9563521	0.34349775	-1.2517539	0.9625642	1.9412165	0.745029	1.7963694	0.32951155	-1.7517592	0.47019002	-0.42568424	0.3403346	-0.7710305
ATR_073_set19__38	16672.18749421635	17709.02334236001	vCM-LV-Compact II	False	0.3066714	-1.2574651	0.29949743	-1.5593485	0.39266366	-1.1433177	0.37943897	-0.5763802	0.3497029	-1.1633425	1.1778642	2.5768979	0.9018778	2.4438245	0.3545155	-1.3047875	0.3864316	-1.3033882	0.28369066	-0.9721351
ATR_073_set19__381	16597.207920104054	17541.52063431919	Pericyte	False	0.29878542	-1.3589106	0.31249478	-1.4104072	0.36418945	-1.565263	0.22622363	-2.7885945	0.27989137	-2.158024	0.06823279	-0.69933033	0.112674154	-0.81392264	0.35700542	-1.2602774	0.28435394	-2.3730595	0.82485765	0.9491863
ATR_073_set19__458	16631.591001387365	17654.993111749875	vCM-RV-Proliferating	False	0.3277304	-0.98656243	0.36398265	-0.8203898	0.4400376	-0.4413066	0.41369042	-0.08183731	0.39455006	-0.5243556	1.153344	2.504501	0.8927463	2.4061306	0.36492354	-1.1187327	0.5437211	0.34484735	0.40148628	-0.5539218
ATR_073_set19__707	16541.663657427453	17573.486926935944	vCM-LV-Compact I	False	0.27320012	-1.6880399	0.35720307	-0.8980794	0.3817404	-1.3051842	0.3459099	-1.060493	0.35300097	-1.1163511	1.068397	2.253692	0.80066234	2.026018	0.32182997	-1.8890755	0.48401457	-0.28081682	0.37108427	-0.661859
ATR_073_set19__74	16636.935353994188	17610.307730907058	vCM-LV-Compact II	False	0.34968632	-0.70412123	0.37555432	-0.687786	0.4662162	-0.05337888	0.4514066	0.4627314	0.40020943	-0.44372028	1.3699067	3.1439104	1.0437063	3.029277	0.39758107	-0.53494495	0.51465756	0.040290862	0.40770823	-0.53183186
ATR_074_set19__108	16520.64748156382	17310.684390889648	vCM-LV-Compact I	False	0.28330153	-1.5580953	0.3282666	-1.2296726	0.39553756	-1.1007309	0.3608962	-0.84411174	0.3297347	-1.4478512	1.1173621	2.3982632	0.86448044	2.289452	0.346255	-1.4524524	0.49074695	-0.2102683	0.41271994	-0.5140386
ATR_074_set19__15	16679.688694509838	17407.505381777788	vCM-LV-Compact I	False	0.32613316	-1.0071092	0.36599082	-0.7973775	0.43797353	-0.47189316	0.39649191	-0.33015954	0.3740155	-0.8169339	1.2752726	2.8644998	0.9649179	2.704047	0.3532637	-1.3271644	0.5311199	0.21279949	0.41366568	-0.5106809
ATR_074_set19__16	16673.73822507521	17272.502331699576	vCM-LV-Compact II	False	0.42186558	0.22439295	0.44506118	0.10871726	0.534148	0.95326847	0.52583265	1.5373392	0.48239225	0.72722894	1.1012566	2.350711	0.90807295	2.4693973	0.4439301	0.29359257	0.5711041	0.631794	0.4796933	-0.2762611
ATR_074_set19__22	16663.025086519847	17239.169909723492	BEC	False	0.47670907	0.9298997	0.4777436	0.48323646	0.47689736	0.10489984	0.44661954	0.393613	0.4188295	-0.17841958	0.1453867	-0.47153053	0.21815139	-0.37852404	0.45447624	0.48211604	0.40162987	-1.1441257	0.51749057	-0.1420683
ATR_074_set19__498	16667.491727978453	17477.46877016517	Pericyte	False	0.38520992	-0.24714561	0.417591	-0.206073	0.41209164	-0.85542405	0.3576224	-0.8913806	0.35739747	-1.0537094	0.17198251	-0.39300537	0.22730885	-0.340723	0.4225836	-0.08799823	0.36536092	-1.5241878	1.0302867	1.6785271
ATR_074_set19__503	16481.907532891193	17501.418609954104	Compact vFibro	False	0.43869543	0.44089216	0.48098508	0.5203817	0.4637328	-0.09017912	0.388511	-0.44539273	0.45100155	0.27997112	0.086331025	-0.6458946	0.21296987	-0.39991277	0.45655552	0.5192853	0.5127347	0.02014137	0.81748027	0.92299414
ATR_074_set19__76	16586.042406010438	17258.741501752025	vCM-LV-Compact II	False	0.35289326	-0.6628671	0.35362718	-0.9390568	0.4485469	-0.3152118	0.43923575	0.28700137	0.4122976	-0.27148667	0.95146406	1.908443	0.837502	2.178088	0.46621868	0.6920246	0.5330628	0.23315947	0.36185026	-0.6946427
ATR_075_set19__156	16883.699798287456	17416.565657009978	vCM-LV-Hybrid	False	0.42306638	0.23983997	0.4281059	-0.08557927	0.5371999	0.9984936	0.50775295	1.2762938	0.45802954	0.38010654	1.4202445	3.2925346	1.0811566	3.1838677	0.45068172	0.414285	0.5839295	0.76619095	0.46198744	-0.33912274
ATR_075_set19__274	16777.936361648543	17298.93174008927	vCM-LV-Compact II	False	0.3750818	-0.37743366	0.43728247	0.019578382	0.47201517	0.03255313	0.43098077	0.16781113	0.42999086	-0.01939142	0.9035178	1.7668798	0.74600244	1.8003877	0.38327605	-0.7906623	0.57022387	0.6225699	0.49385855	-0.22596976
ATR_075_set19__325	16733.501932358675	17255.619910534555	Compact vFibro	False	0.39230207	-0.1559122	0.34604335	-1.0259625	0.42771244	-0.62394714	0.3232662	-1.387436	0.44431987	0.18476985	0.24159041	-0.18748547	0.26218048	-0.19677673	0.41795093	-0.1708123	0.42466664	-0.90272343	0.74667454	0.6716104
ATR_075_set19__441	16853.53474176932	17340.22471512217	vCM-LV-Compact II	False	0.3961648	-0.10622192	0.44547036	0.11340626	0.48900068	0.28425294	0.47778288	0.84356785	0.46639612	0.4993145	0.9910233	2.025243	0.7937687	1.9975617	0.38336268	-0.78911364	0.6004479	0.9392873	0.4280165	-0.4597307
ATR_075_set19__466	16778.723097909184	17454.755574049777	vCM-LV-Compact I	False	0.302263	-1.3141751	0.3347349	-1.1555501	0.42840478	-0.61368775	0.39515564	-0.3494535	0.36160517	-0.99375767	1.4477212	3.3736608	1.0655894	3.1196082	0.36093983	-1.1899457	0.47807643	-0.34304258	0.43265623	-0.4432582
ATR_075_set19__583	16743.01812552668	17394.356330872255	vCM-LV-Compact I	False	0.30623248	-1.2631116	0.30313972	-1.5176102	0.41650248	-0.79006207	0.3878384	-0.45510426	0.3677951	-0.90556276	1.3779947	3.1677904	1.0197233	2.9302778	0.35229692	-1.3444468	0.416975	-0.9833242	0.30908224	-0.8819866
ATR_075_set19__610	16774.48001208893	17502.03273031186	vCM-LV-Compact I	False	0.30898374	-1.2277193	0.32502365	-1.2668345	0.42135927	-0.71809167	0.40707192	-0.17739916	0.36291188	-0.9751395	1.4239675	3.3035269	1.0722287	3.1470141	0.3560965	-1.2765251	0.43869194	-0.7557524	0.38992658	-0.59496254
ATR_075_set19__660	16906.490295355063	17300.89952894107	vCM-LV-Compact I	False	0.34040543	-0.8235106	0.35290435	-0.9473399	0.4591776	-0.15768032	0.43742695	0.26088497	0.38818166	-0.6150932	1.2158301	2.6889935	0.86933714	2.3095	0.34581542	-1.4603105	0.53879505	0.29322755	0.3986775	-0.5638939
ATR_075_set19__667	16881.615017602293	17476.97911037984	Proliferating vFibro	False	0.43941766	0.4501829	0.43337506	-0.025198014	0.4550377	-0.21902744	0.377088	-0.6103247	0.4794666	0.6855438	0.1865036	-0.3501313	0.24554117	-0.26546198	0.43168154	0.074636914	0.520455	0.10104226	0.79185855	0.8320286
ATR_075_set19__721	16825.218109680787	17325.63586025569	vCM-LV-Compact II	False	0.31301233	-1.1758956	0.3590332	-0.8771073	0.40101716	-1.0195314	0.387856	-0.45484996	0.3608101	-1.0050858	0.89859986	1.7523595	0.689428	1.5668545	0.33252406	-1.6979074	0.50815356	-0.02786451	0.46408474	-0.3316766
ATR_076_set19__149	16933.64230389883	17178.035295056306	BEC	False	0.40299147	-0.018403636	0.40144938	-0.39104548	0.4314598	-0.56841666	0.32597348	-1.3483468	0.32231057	-1.5536311	0.1115159	-0.5715353	0.1363171	-0.7163271	0.43628713	0.1569667	0.38979256	-1.2681687	0.42954457	-0.45430562
ATR_076_set19__151	16931.20886676877	17093.92529453873	vCM-LV-Compact I	False	0.2825962	-1.5671687	0.32855278	-1.226393	0.376039	-1.3896704	0.34923235	-1.0125214	0.32815552	-1.4703517	1.0124887	2.0886207	0.7801462	1.9413295	0.3190458	-1.9388454	0.46298394	-0.50119674	0.38749537	-0.6035941
ATR_076_set19__293	16936.624399411194	16972.221720303198	vCM-LV-Compact I	False	0.290687	-1.4630888	0.2891294	-1.6781591	0.40394592	-0.97613144	0.37032506	-0.7079722	0.37431607	-0.8126515	0.7551407	1.328791	0.6564257	1.4306248	0.3107671	-2.0868359	0.53406894	0.24370266	0.37119234	-0.6614753
ATR_076_set19__375	16938.833764867075	17183.815925057377	vCM-LV-Compact II	False	0.35474494	-0.63904715	0.38266703	-0.60627896	0.4145914	-0.81838137	0.3651335	-0.78293115	0.2709102	-2.2859888	0.09208482	-0.6289063	0.12423308	-0.7662086	0.3742658	-0.95173013	0.28078133	-2.410497	0.19177446	-1.298468
ATR_076_set19__440	16763.229035081666	17193.733350154063	vCM-LV-Compact II	False	0.37699652	-0.3528028	0.437438	0.02136075	0.4285715	-0.6112173	0.36563742	-0.77565515	0.35882685	-1.0333434	0.15810503	-0.43397915	0.20434935	-0.43549734	0.40315312	-0.43533865	0.35762152	-1.6052889	0.32583472	-0.8225098
ATR_078_set19__35	16488.451212269276	16633.706260092185	aCM-LA	False	0.35951892	-0.57763475	0.3455851	-1.0312136	0.42741328	-0.6283802	0.35455772	-0.93563044	0.33079836	-1.4326962	0.13256355	-0.50939137	0.16263413	-0.60769325	0.424417	-0.055224646	0.31827757	-2.017574	0.5123657	-0.16026327
ATR_078_set19__38	16477.51544862546	16660.802333225434	aCM-LA	False	0.5032814	1.2717264	0.47292668	0.4280377	0.49750566	0.41028413	0.4568804	0.5417653	0.44984624	0.26351005	0.46426105	0.46995792	0.47477108	0.6807742	0.5162721	1.5867826	0.33967695	-1.79333	0.9054646	1.2353675
ATR_083_set19__139	17169.481359818943	17066.670052430098	vCM-LV-Compact I	False	0.3064895	-1.2598053	0.34997833	-0.9808702	0.41785166	-0.77006924	0.39378417	-0.36925566	0.3621343	-0.98621845	1.2227061	2.709295	0.93266565	2.5709133	0.34663478	-1.4456636	0.5273379	0.1731682	0.4278719	-0.4602441
ATR_083_set19__260	17015.018185433553	16953.708937189214	vCM-LV-Compact I	False	0.3280876	-0.9819673	0.39182714	-0.5013101	0.4413704	-0.42155665	0.39723757	-0.31939337	0.38565102	-0.65114987	1.1376364	2.458124	0.8816453	2.360307	0.3673594	-1.0751891	0.54110086	0.31739008	0.455641	-0.36165467
ATR_083_set19__321	17064.488729575718	16920.419047121955	Pericyte	False	0.41892016	0.18650302	0.46219966	0.30511308	0.43650424	-0.49366575	0.32989	-1.2917975	0.41407824	-0.24611607	0.258198	-0.13845095	0.29851353	-0.04679783	0.51813704	1.6201198	0.3395018	-1.7951654	0.93300724	1.333153
ATR_083_set19__394	17190.764263351193	17151.14464036504	vCM-LV-Compact I	False	0.3156549	-1.1419015	0.37370142	-0.709019	0.41604054	-0.7969073	0.37664816	-0.61667556	0.3674648	-0.9102689	1.05757	2.2217247	0.8217548	2.1130853	0.3514578	-1.3594469	0.5137991	0.031294797	0.4129445	-0.51324135
ATR_083_set19__421	17109.0749669865	17126.201493218236	vCM-LV-Trabecular II	False	0.36499912	-0.5071374	0.37906203	-0.64759	0.43823454	-0.46802542	0.41616032	-0.04617546	0.36058235	-1.0083308	0.6572856	1.03987	0.5083441	0.81936	0.39271596	-0.6219139	0.4410903	-0.73062015	0.21720812	-1.20817
ATR_083_set19__54	17260.572008318817	17024.686613753696	vCM-LV-Compact I	False	0.28771165	-1.5013636	0.34615412	-1.0246931	0.38649356	-1.2347493	0.35230282	-0.96818805	0.35284308	-1.1186008	1.0572112	2.2206652	0.81726855	2.0945666	0.3055745	-2.1796591	0.5213268	0.110177614	0.4047923	-0.5421843
ATR_083_set19__597	17031.11656479568	17041.21343930401	vCM-LV-Compact I	False	0.2691102	-1.7406527	0.3434367	-1.0558331	0.3785197	-1.3529099	0.35017076	-0.998972	0.32572067	-1.5050436	0.96236795	1.9406371	0.7240307	1.7096907	0.305103	-2.1880877	0.50093997	-0.10345571	0.40906775	-0.5270051
ATR_083_set19__66	17248.68826018786	17080.396498390903	vCM-LV-Compact I	False	0.35156286	-0.67998147	0.40820438	-0.31363764	0.46683425	-0.044220444	0.43610322	0.24177216	0.40518534	-0.37282294	1.2868401	2.8986533	0.97233295	2.7346556	0.39044043	-0.66259134	0.549159	0.40183118	0.45903546	-0.34960324
ATR_083_set19__777	17175.795197777636	16958.086118425177	vCM-LV-Compact I	False	0.37296695	-0.40463924	0.44308832	0.08610964	0.47278577	0.04397225	0.45738044	0.54898536	0.4100955	-0.30286232	1.0762963	2.277015	0.9118203	2.484866	0.3896004	-0.6776079	0.5204027	0.1004945	0.21272652	-1.2240812
ATR_084_set19__262	17366.839066388056	16935.276151203485	vCM-LV-Compact I	False	0.33751544	-0.86068743	0.40655166	-0.3325767	0.44999304	-0.2937819	0.42957708	0.14754383	0.39908543	-0.45973507	1.0789517	2.2848551	0.8529397	2.2418132	0.38910988	-0.6863764	0.5559602	0.4731008	0.43418074	-0.43784568
ATR_084_set19__483	17477.519672688824	17103.869136795027	vCM-LV-Compact I	False	0.2867621	-1.5135788	0.3453817	-1.0335444	0.40145904	-1.0129833	0.36095297	-0.843292	0.3511411	-1.1428509	1.1690459	2.5508616	0.86440045	2.2891219	0.33143258	-1.7174188	0.50117713	-0.10097044	0.39872482	-0.5637259
ATR_084_set19__516	17530.56085563639	17189.478635359963	vCM-LV-Compact II	False	0.32894918	-0.97088385	0.2970645	-1.5872281	0.38534272	-1.2518032	0.33717078	-1.1866735	0.23656817	-2.7752974	0.081071	-0.66142505	0.08632042	-0.9227079	0.36761662	-1.070591	0.20219162	-3.2340379	0.21170412	-1.2277111
ATR_084_set19__639	17508.0346661116	17124.63263410041	vCM-LV-Compact I	False	0.30292562	-1.3056511	0.3517182	-0.96093255	0.41162682	-0.8623121	0.37393692	-0.65582204	0.37257528	-0.8374544	1.1913657	2.6167614	0.8756566	2.335586	0.34740832	-1.4318355	0.4762717	-0.36195445	0.4009353	-0.555878
ATR_084_set19__657	17476.116038352553	17023.882501884575	Pericyte	False	0.29433656	-1.4161408	0.3134896	-1.3990074	0.36750993	-1.5160584	0.338411	-1.1687664	0.3486879	-1.1778044	0.19682801	-0.31964812	0.1855787	-0.5129805	0.35991773	-1.2082168	0.35308743	-1.6528016	0.09882858	-1.6284565
ATR_084_set19__73	17568.784302624226	17076.542978848618	vCM-LV-Compact I	False	0.26697707	-1.7680932	0.32210794	-1.3002467	0.3717976	-1.4525217	0.33750334	-1.1818718	0.32988858	-1.4456588	1.1708351	2.5561442	0.87736297	2.3426297	0.28217322	-2.5979817	0.4650687	-0.4793505	0.45418343	-0.3668295
ATR_084_set19__749	17506.14098949091	17098.291011277735	BEC	False	0.33872843	-0.8450836	0.31194308	-1.4167293	0.36096957	-1.6129768	0.3080201	-1.6075681	0.27559876	-2.2191856	0.15325499	-0.4482991	0.14393663	-0.6848745	0.33605275	-1.6348284	0.20940883	-3.1584089	0.40541133	-0.53998655
ATR_085_set19__235	17468.139231099118	16885.610541558643	Compact vFibro	False	0.40850478	0.0525196	0.44089454	0.060970366	0.40305698	-0.98930424	0.34447822	-1.0811644	0.44858253	0.24550462	0.19603342	-0.3219942	0.20983757	-0.41284257	0.36565274	-1.1056974	0.3789599	-1.3816842	0.80763376	0.8880358
ATR_086_set19__34	17781.343882094596	16833.56970625342	VSMC	False	0.30204457	-1.3169849	0.30274105	-1.5221786	0.3552386	-1.6979014	0.24300101	-2.5463529	0.28227913	-2.124003	0.07526396	-0.6785705	0.12544881	-0.76119024	0.36796725	-1.0643232	0.27412432	-2.4802556	0.90592736	1.2370105
ATR_086_set19__98	17810.943742539966	16882.08886987782	VSMC	False	0.40663996	0.028530544	0.42020988	-0.17606235	0.41740716	-0.7766561	0.4003027	-0.27513704	0.36153728	-0.994725	0.12684351	-0.52628	0.19716235	-0.4651645	0.45639357	0.5163904	0.29954356	-2.2138875	0.5223683	-0.12475069
ATR_087_set19__205	17681.734501399715	16993.077396824236	Proliferating vFibro	False	0.4822282	1.0008976	0.5169586	0.9326148	0.49809167	0.41896784	0.4442216	0.3589899	0.5028788	1.0191232	0.15487017	-0.44353023	0.22886273	-0.33430877	0.47280523	0.8097661	0.5228283	0.12591183	0.94581425	1.3786222
ATR_087_set19__239	17908.51220002798	16967.109044974095	vCM-LV-Compact I	False	0.3931239	-0.14534019	0.40415093	-0.36008745	0.4422816	-0.40805393	0.37755793	-0.6035397	0.41370627	-0.25141585	0.12936725	-0.5188285	0.21467848	-0.39285982	0.40454304	-0.41049236	0.35906288	-1.5901849	0.5134419	-0.15644233
ATR_087_set19__255	17893.950558926208	16961.050838323757	vCM-LV-Compact I	False	0.31898165	-1.0991062	0.38880593	-0.5359312	0.44514248	-0.36566004	0.41885754	-0.0072312537	0.38690835	-0.63323534	1.1972312	2.6340795	0.92604727	2.5435932	0.36709535	-1.0799092	0.5209408	0.10613273	0.4041387	-0.54450476
ATR_087_set19__264	17881.179313044842	16929.564187396278	Epicardial	False	0.37455916	-0.38415694	0.39916992	-0.4171666	0.40749824	-0.9234914	0.32073542	-1.4239769	0.37749064	-0.7674199	0.05771418	-0.7303869	0.16464475	-0.5993936	0.40534225	-0.39620566	0.5362427	0.2664817	0.8000508	0.8611138
ATR_087_set19__291	17837.179910722847	17198.447364444455	vCM-LV-Compact I	False	0.3138885	-1.1646247	0.391383	-0.50639975	0.43934143	-0.45162296	0.4128547	-0.093903884	0.39470655	-0.52212584	1.2682157	2.843664	0.94779134	2.6333504	0.35683456	-1.2633317	0.5101551	-0.006890551	0.36562523	-0.6812404
ATR_087_set19__295	17822.08633070359	16902.290374135184	Epicardial	False	0.5205533	1.4939119	0.48219904	0.534293	0.5236487	0.79768455	0.43439752	0.21714416	0.5499208	1.6893826	0.075819366	-0.6769306	0.22953545	-0.33153188	0.49079967	1.1314355	0.56488705	0.5666454	0.8805525	1.1469213
ATR_087_set19__379	17743.4353145716	16970.280107841307	vCM-LV-Compact II	False	0.24643655	-2.0323265	0.24140735	-2.2250228	0.32681248	-2.119134	0.352005	-0.9724881	0.35345274	-1.1099143	1.2047278	2.6562135	0.89131194	2.4002097	0.22341496	-3.6483476	0.33262858	-1.8671898	0.28342783	-0.97306824
ATR_087_set19__52	17795.17944788978	16890.99747457772	EPDC	False	0.48755223	1.0693861	0.48190856	0.53096426	0.51021934	0.59868175	0.41194004	-0.10711034	0.51259	1.1574894	0.12340838	-0.5364223	0.24141112	-0.2825104	0.49773267	1.2553703	0.55112094	0.42239043	0.91510034	1.2695776
ATR_088_set19__131	17835.428305402726	17510.03413835359	vCM-LV-Compact II	False	0.29047823	-1.4657743	0.257872	-2.0363488	0.3888653	-1.1996039	0.42323598	0.055987246	0.34035948	-1.2964684	1.0143672	2.094167	0.8469167	2.216951	0.34935963	-1.3969539	0.30813655	-2.1238415	0.108222924	-1.5951035
ATR_088_set19__165	17798.36930314934	17398.323935905788	vCM-LV-Compact I	False	0.39172223	-0.16337119	0.3889076	-0.534766	0.50754476	0.5590485	0.48699558	0.97658634	0.4325405	0.016936228	1.3693781	3.1423497	1.0399503	3.0137725	0.44769537	0.360901	0.53148794	0.21665637	0.3730344	-0.6549354
ATR_088_set19__287	17714.981920779377	17284.517892100983	vCM-LV-Compact I	False	0.32355943	-1.0402176	0.3836809	-0.5946606	0.4405385	-0.43388417	0.40254024	-0.24283028	0.38936704	-0.59820366	1.2353241	2.7465506	0.9494932	2.6403756	0.36816344	-1.060816	0.44013333	-0.7406481	0.39335245	-0.5827996
ATR_088_set19__385	17638.330712821553	17242.822889124913	vCM-LV-Compact I	False	0.29429936	-1.4166192	0.329195	-1.2190337	0.41156057	-0.8632938	0.37968662	-0.5728044	0.34648865	-1.2091392	1.4835413	3.4794207	1.1006618	3.2643828	0.33219117	-1.7038583	0.43428963	-0.8018842	0.37495857	-0.6481039
ATR_088_set19__578	17823.829441704183	17358.885949806136	Compact vFibro	False	0.39846888	-0.07658227	0.34089786	-1.0849265	0.4389118	-0.45798945	0.38373658	-0.51432866	0.4101369	-0.3022725	0.2771373	-0.08253192	0.25352246	-0.23251611	0.41220257	-0.2735703	0.4511071	-0.62565386	0.78640324	0.81266046
ATR_088_set19__647	17741.176180375784	17362.08218069177	vCM-LV-Hybrid	False	0.33237576	-0.9268043	0.40724137	-0.32467303	0.42655495	-0.64109945	0.41006738	-0.1341489	0.3812503	-0.7138519	1.0222561	2.1174593	0.84080756	2.1917331	0.3351124	-1.6516383	0.57391816	0.6612824	0.46503672	-0.32829675
ATR_088_set19__686	17922.148139253593	17478.9069126371	vCM-RV-Trabecular	False	0.34044597	-0.8229892	0.34955904	-0.985675	0.4440963	-0.38116288	0.33293074	-1.2478937	0.41455257	-0.23935772	1.0191771	2.1083682	0.7586989	1.8527973	0.3588558	-1.2271997	0.409297	-1.063782	0.6569205	0.35295397
ATR_088_set19__727	17721.19580897387	17479.03149275821	Pericyte	False	0.3531316	-0.6598013	0.29333457	-1.6299707	0.3644457	-1.561466	0.2560341	-2.3581731	0.33977437	-1.304805	0.0877236	-0.64178294	0.15764356	-0.6282938	0.3741519	-0.9537663	0.31000346	-2.1042783	0.9339737	1.3365844
ATR_088_set19__769	17757.62181297003	17444.667003222512	vCM-LV-Compact II	False	0.22085102	-2.361459	0.16299824	-3.1235402	0.28988197	-2.6663888	0.34731665	-1.0401813	0.25089076	-2.5712278	0.98087394	1.9952767	0.7735017	1.9139017	0.22608414	-3.600633	0.22797656	-2.9638376	0.12974732	-1.5186847
ATR_088_set19__89	17864.08141250001	17206.807328808467	vCM-LV-Compact II	False	0.42228082	0.22973454	0.39988706	-0.40894872	0.46197918	-0.11616527	0.37692904	-0.61261994	0.4071704	-0.34453982	0.34825742	0.12745287	0.35014006	0.16631089	0.43644327	0.15975776	0.52850586	0.18540718	0.8181388	0.92533207
ATR_088_set19__99	17861.023029816533	17387.04653091419	Pericyte	False	0.34130374	-0.81195486	0.375292	-0.69079196	0.4137368	-0.8310454	0.39377403	-0.36940196	0.37938967	-0.7403622	0.58899	0.8382247	0.4445478	0.5560158	0.38816515	-0.7032645	0.41812807	-0.97124106	0.294206	-0.93480223
ATR_089_set19__116	17857.586181830342	17665.212170866504	vCM-LV-Trabecular I	False	0.33786574	-0.85618126	0.41435954	-0.24310349	0.44668722	-0.34276927	0.40285075	-0.23834695	0.39470962	-0.5220821	1.0921916	2.3239462	0.85479933	2.2494895	0.35640782	-1.2709601	0.5400935	0.30683377	0.45912302	-0.34929237
ATR_089_set19__133	17829.243256575533	17571.918624043974	vCM-LV-Trabecular I	False	0.43045267	0.3348573	0.49506524	0.6817312	0.54150194	1.0622432	0.51020783	1.3117387	0.47665536	0.6454892	1.2297137	2.7299852	0.9744566	2.7434218	0.43573868	0.14716254	0.6123801	1.0643247	0.5346734	-0.08106359
ATR_089_set19__140	17826.033020939594	17561.73173505694	vCM-LV-Trabecular II	False	0.33184615	-0.9336173	0.38690168	-0.55775267	0.44850817	-0.31578547	0.42690706	0.10899249	0.3913135	-0.57047045	1.2740539	2.8609016	0.95274353	2.6537926	0.3558097	-1.2816523	0.52902627	0.19086052	0.4619787	-0.33915374
ATR_089_set19__163	17797.650956914047	17715.03783141194	vCM-LV-Trabecular II	False	0.36366615	-0.5242847	0.39373642	-0.47943097	0.47241393	0.038462084	0.46170798	0.6114689	0.40339023	-0.3983999	1.4615659	3.4145374	1.0913798	3.2260678	0.40875164	-0.33525932	0.4862561	-0.2573279	0.4553066	-0.36284193
ATR_089_set19__207	17768.736338985356	17802.71213249736	vEndocardial	False	0.500874	1.2407572	0.5590503	1.4149585	0.5491157	1.175068	0.5076279	1.2744882	0.5106322	1.1295948	0.29035306	-0.043511923	0.3247429	0.061474208	0.5033376	1.3555647	0.479728	-0.32573563	0.6303084	0.2584722
ATR_089_set19__247	17735.08817803581	17584.446066615426	vCM-LV-Hybrid	False	0.35931456	-0.58026356	0.39411366	-0.47510806	0.47836062	0.12658323	0.44484112	0.36793506	0.408832	-0.32086477	1.3624563	3.121913	1.0399376	3.0137203	0.37498397	-0.93889195	0.53039473	0.20520064	0.42355824	-0.4755591
ATR_089_set19__444	17819.295665746573	17542.5444366083	vCM-LV-Hybrid	False	0.3287913	-0.972915	0.35501662	-0.9231347	0.4493426	-0.3034204	0.435713	0.23613776	0.38433218	-0.6699409	1.4689199	3.4362504	1.1014136	3.2674866	0.37453392	-0.94693696	0.4752857	-0.37228653	0.4127687	-0.51386553
ATR_089_set19__502	17882.727414434892	17752.650780789216	vCM-LV-Compact II	False	0.32216936	-1.0580995	0.3696241	-0.7557424	0.4319103	-0.56174105	0.39847264	-0.3015607	0.37609732	-0.787272	1.1924365	2.6199229	0.89527243	2.416558	0.3292051	-1.7572374	0.42773986	-0.8705192	0.4203819	-0.4868361
ATR_089_set19__538	17933.232727210154	17645.458609312547	vCM-LV-Trabecular I	False	0.4401859	0.4600656	0.3783392	-0.65587306	0.50495493	0.5206712	0.55620545	1.9758798	0.47255936	0.58712894	0.74866813	1.3096805	0.70402473	1.6271083	0.39403027	-0.5984192	0.71235794	2.1119921	0.6063115	0.17327534
ATR_089_set19__577	17703.041428451295	17745.74963698515	vEndocardial	False	0.41324764	0.113531776	0.44536188	0.11216315	0.527482	0.85448825	0.48108786	0.8912872	0.47149178	0.571918	1.3179282	2.990442	1.0179428	2.922928	0.44789648	0.36449596	0.55472803	0.46018913	0.5359358	-0.07658156
ATR_089_set19__648	17886.180783304888	17714.196723675523	vEndocardial	False	0.35469073	-0.6397445	0.39739177	-0.4375431	0.45981458	-0.14824145	0.43328503	0.20108135	0.38168183	-0.70770335	1.0972427	2.3388598	0.85796124	2.2625415	0.4353903	0.14093472	0.40681526	-1.089788	0.34607777	-0.7506403
ATR_089_set19__651	17793.622433887398	17742.086051905968	vCM-LV-Compact I	False	0.2845653	-1.5418383	0.3448174	-1.040011	0.40759668	-0.9220327	0.37317818	-0.66677713	0.33311415	-1.3997006	1.2941915	2.9203584	0.9597184	2.682584	0.34408566	-1.4912317	0.45363918	-0.5991204	0.3798269	-0.63081974
ATR_090_set19__176	18109.786910878152	17550.345730995108	Compact vFibro	False	0.39364877	-0.13858816	0.34036666	-1.0910137	0.39033028	-1.1778948	0.34295297	-1.1031868	0.43421444	0.04078665	0.08674584	-0.64466983	0.2166605	-0.38467824	0.4484817	0.37495756	0.51520246	0.046000924	0.92134285	1.2917407
ATR_090_set19__220	18081.92512296203	17681.85646918606	vEndocardial	False	0.4929784	1.1391883	0.5597902	1.423437	0.5207883	0.7552982	0.45903534	0.5728797	0.4532266	0.31167373	0.14825155	-0.46307194	0.2054273	-0.43104768	0.47915006	0.92318654	0.48370317	-0.28408003	0.7253947	0.5960601
ATR_090_set19__271	18036.831711063125	17670.621660317353	vCM-LV-Trabecular II	False	0.37199014	-0.41720483	0.34735397	-1.0109437	0.42686614	-0.636488	0.37398845	-0.655078	0.2827292	-2.1175904	0.12300843	-0.5376032	0.13837327	-0.7078394	0.3969631	-0.545992	0.30065566	-2.2022338	0.3248921	-0.8258564
ATR_090_set19__322	17993.788602359073	17720.45540700877	vEndocardial	False	0.37540296	-0.37330237	0.41789997	-0.2025325	0.4939234	0.35720026	0.47767258	0.8419753	0.420868	-0.1493747	1.5036353	3.5387492	1.1373242	3.4157217	0.41575226	-0.21011576	0.5210017	0.10677107	0.5011922	-0.19993283
ATR_090_set19__333	17984.31622403379	17520.758567318222	vCM-LV-Compact I	False	0.37776396	-0.34293047	0.41164693	-0.2741882	0.48826334	0.27332667	0.46664053	0.682688	0.4220907	-0.13195354	1.4187872	3.288232	1.0793232	3.1762996	0.40442622	-0.41258073	0.5321336	0.223422	0.48044136	-0.2736052
ATR_090_set19__431	18180.434336298742	17518.894309519692	Pericyte	False	0.4262997	0.28143334	0.40658015	-0.3322502	0.42223948	-0.7050482	0.30359966	-1.6713934	0.47361562	0.6021786	0.116169445	-0.5577955	0.23244148	-0.31953606	0.41271278	-0.26444966	0.41386405	-1.0159237	0.79526913	0.8441373
ATR_090_set19__454	18143.47219469848	17716.130666113946	vCM-LV-Trabecular II	False	0.33759448	-0.85967076	0.4157094	-0.22763489	0.4539954	-0.23447287	0.40957722	-0.14122611	0.40012994	-0.44485274	1.3444694	3.068806	1.0127774	2.901606	0.3743659	-0.9499406	0.56040645	0.5196932	0.46841833	-0.31629094
ATR_090_set19__465	18123.49802381736	17730.188801296707	vCM-LV-Hybrid	False	0.3473116	-0.73466986	0.42740664	-0.093592234	0.46144503	-0.12408053	0.41583228	-0.050911814	0.40802535	-0.33235815	1.122518	2.413486	0.87696636	2.3409927	0.369291	-1.0406595	0.57067156	0.6272613	0.46661335	-0.3226992
ATR_090_set19__52	18211.420362641842	17696.90311079153	vCM-LV-Hybrid	False	0.3448108	-0.7668398	0.36630356	-0.7937936	0.46704397	-0.04111272	0.4435261	0.3489479	0.39375386	-0.5356999	1.4723978	3.4465194	1.1109015	3.3066514	0.3930383	-0.6161517	0.48127198	-0.3095564	0.43122685	-0.44833297
ATR_090_set19__533	17991.546085634272	17564.594153064383	vCM-LV-Compact I	False	0.3601135	-0.569986	0.36851913	-0.7684047	0.44554216	-0.3597374	0.396131	-0.33537054	0.4200023	-0.16170923	0.8397415	1.578578	0.65744734	1.434842	0.4161475	-0.20305046	0.41514337	-1.0025177	0.5755921	0.064211324
ATR_090_set19__565	17949.839452924985	17673.194326671706	vCM-LV-Trabecular II	False	0.34678265	-0.74147403	0.378049	-0.65919876	0.46117517	-0.12807946	0.4399257	0.29696333	0.39698017	-0.4897311	1.4755511	3.4558296	1.1039699	3.2780387	0.38939962	-0.681197	0.49820614	-0.13210346	0.44585937	-0.3963827
ATR_090_set19__586	18106.475107864295	17727.35588933452	vCM-LV-Trabecular II	False	0.3191747	-1.0966227	0.35301855	-0.9460312	0.4349087	-0.51730955	0.39860946	-0.2995852	0.3612899	-0.99824977	1.4027557	3.2408984	1.0384052	3.0073946	0.3664975	-1.0905967	0.45426056	-0.592609	0.43306562	-0.4418047
ATR_090_set19__663	18071.07343896473	17754.513296332356	vEndocardial	False	0.47894776	0.9586982	0.571468	1.5572569	0.53342223	0.942514	0.36137483	-0.83720106	0.47623825	0.6395461	0.4079348	0.30365258	0.39751625	0.36187464	0.55407125	2.2624817	0.35228077	-1.6612546	1.0968862	1.9149773
ATR_090_set19__682	18097.946435994865	17573.097620929857	Proliferating vFibro	False	0.34858042	-0.71834755	0.33904964	-1.1061059	0.41006157	-0.88550675	0.4123423	-0.1013021	0.39051303	-0.5818755	0.37263513	0.19942895	0.34054974	0.12672307	0.4210138	-0.11606019	0.4171064	-0.9819473	0.5350909	-0.07958122
ATR_090_set19__684	17985.85184079029	17777.934615008933	vCM-LV-Trabecular II	False	0.32010165	-1.0846986	0.3786302	-0.65253854	0.4174066	-0.7766645	0.3847496	-0.49970222	0.37557647	-0.7946932	0.98720896	2.013981	0.75951606	1.8561705	0.34696364	-1.4397848	0.5299649	0.20069668	0.4543865	-0.36610854
ATR_091_set19__144	18448.27654047752	17583.16870195895	vCM-LV-Compact II	False	0.38680133	-0.22667366	0.42797902	-0.08703309	0.50749725	0.55834454	0.48096085	0.88945323	0.4373086	0.08487265	1.4236895	3.3027062	1.0878544	3.2115154	0.42406565	-0.06150521	0.55377525	0.45020497	0.46548736	-0.32669684
ATR_091_set19__157	18440.329342442034	17696.984622069962	vCM-LV-Compact I	False	0.2939414	-1.421224	0.32108194	-1.312004	0.4130493	-0.84123284	0.392143	-0.39295164	0.3405717	-1.2934446	1.4886237	3.494427	1.0931368	3.2333207	0.34784797	-1.4239764	0.43899587	-0.7525676	0.35929096	-0.7037291
ATR_091_set19__180	18419.185096840403	17538.757562934094	vCM-LV-Compact II	False	0.4073659	0.037868846	0.42801687	-0.08659937	0.530856	0.9044865	0.51848906	1.431308	0.46020287	0.41107243	1.4518584	3.385876	1.136352	3.411708	0.44191206	0.25751808	0.54915416	0.4017806	0.47198737	-0.30361968
ATR_091_set19__381	18253.734824560113	17577.430440607422	vCM-LV-Compact I	False	0.32885048	-0.9721536	0.38505003	-0.5789714	0.452792	-0.25230572	0.40107226	-0.26402575	0.38195196	-0.70385456	1.3071282	2.9585545	1.0084858	2.8838906	0.37196687	-0.99282575	0.5495281	0.4056993	0.466316	-0.32375485
ATR_091_set19__459	18423.546303280535	17642.19033070721	vCM-LV-Compact I	False	0.37882802	-0.32924238	0.41567177	-0.22806624	0.50781995	0.56312644	0.4742185	0.79210305	0.42599976	-0.076256976	1.6208167	3.8847315	1.2248126	3.7768643	0.43438247	0.122918785	0.5310672	0.21224734	0.46461454	-0.32979563
ATR_091_set19__474	18375.99281017294	17706.034231731097	Pericyte	False	0.3020857	-1.3164558	0.3458173	-1.0285529	0.39798725	-1.0644301	0.38925254	-0.43468592	0.36661583	-0.9223652	1.1403972	2.466275	0.88784456	2.3858967	0.35906646	-1.2234342	0.5073611	-0.036168523	0.4355241	-0.4330763
ATR_091_set19__566	18491.7597408835	17604.990966950172	vCM-LV-Compact I	False	0.32828015	-0.9794903	0.34727782	-1.0118163	0.4411621	-0.42464316	0.4126759	-0.09648571	0.36716872	-0.91448754	1.4869905	3.4896047	1.1162384	3.3286815	0.37237692	-0.9854957	0.4874571	-0.24474262	0.3808299	-0.6272588
ATR_091_set19__568	18459.169507891565	17715.76537625454	vCM-LV-Compact II	False	0.28984985	-1.4738578	0.32219595	-1.2992382	0.39607352	-1.0927887	0.4016833	-0.25520325	0.35210934	-1.1290551	1.1414735	2.469453	0.875437	2.3346796	0.33521444	-1.6498141	0.4277051	-0.87088335	0.22519153	-1.1798264
ATR_091_set19__60	18516.933088893136	17607.221672685115	vCM-LV-Compact I	False	0.36074075	-0.56191707	0.3908704	-0.5122738	0.4841691	0.21265611	0.46089366	0.59971124	0.41357362	-0.25330585	1.4397278	3.3500597	1.0966042	3.247634	0.40950733	-0.32175043	0.51490104	0.04284234	0.45818594	-0.3526193
ATR_091_set19__648	18485.27642528121	17670.641457437898	BEC	False	0.3416603	-0.8073681	0.389502	-0.5279548	0.37492096	-1.406238	0.36052066	-0.849534	0.2660715	-2.354931	0.045866624	-0.76536727	0.08186903	-0.9410828	0.3568328	-1.2633631	0.15844703	-3.6924374	0.37715366	-0.6403106
ATR_092_set19__20	18229.009818586543	17279.50270467292	vCM-LV-Compact I	False	0.34221876	-0.800184	0.38044912	-0.63169485	0.45833018	-0.17023794	0.4218082	0.035372257	0.40538538	-0.36997283	1.3328826	3.0345955	1.0125203	2.9005446	0.3894214	-0.6808076	0.5240923	0.13915765	0.44905123	-0.38505054
ATR_092_set19__367	17939.230492989023	17398.95221750341	vCM-LV-Compact I	False	0.3076248	-1.245201	0.3460939	-1.0253832	0.42280638	-0.69664764	0.40075225	-0.26864636	0.36136353	-0.99720055	1.360539	3.116252	1.0425153	3.0243607	0.36298406	-1.1534029	0.5132625	0.025672175	0.39321554	-0.5832857
ATR_092_set19__420	18189.933490492873	17470.626851322624	Pericyte	False	0.34730807	-0.7347151	0.5102461	0.85569394	0.363063	-1.5819552	0.31481433	-1.5094693	0.4150856	-0.23176284	0.11969499	-0.5473862	0.18168844	-0.5290391	0.38483927	-0.7627181	0.3068949	-2.136853	0.69583523	0.49111414
ATR_092_set19__441	18149.283272043373	17206.070516697888	vCM-LV-Compact I	False	0.37679356	-0.35541362	0.43582588	0.0028868278	0.487533	0.2625042	0.45560732	0.523384	0.43481052	0.049279604	1.0681609	2.2529948	0.85242033	2.2396693	0.40695968	-0.36729237	0.55636173	0.47730872	0.5175698	-0.14178707
ATR_092_set19__489	18059.354793478502	17204.225937982734	vCM-LV-Compact I	False	0.35348108	-0.6553054	0.41444302	-0.2421469	0.46181792	-0.11855491	0.4368044	0.25189635	0.4025607	-0.41021892	1.1675073	2.5463188	0.9029269	2.448155	0.38727465	-0.719183	0.5501614	0.41233566	0.4835502	-0.26256782
ATR_092_set19__494	18038.81366524059	17320.458641414316	vCM-LV-Compact II	False	0.3688364	-0.45777455	0.37521255	-0.6917025	0.44152385	-0.4192827	0.40542927	-0.20111664	0.36891767	-0.8895683	0.4798106	0.51586854	0.42874104	0.49076718	0.40034747	-0.48549262	0.389371	-1.2725862	0.3430661	-0.76133275
ATR_092_set19__505	18012.00822597919	17351.531103490703	vCM-LV-Compact I	False	0.38306114	-0.2747875	0.42854562	-0.08054021	0.485481	0.2320965	0.46974462	0.72750676	0.420133	-0.15984726	1.1009631	2.3498445	0.86999446	2.3122134	0.4291013	0.028512133	0.49048463	-0.21301717	0.56899756	0.040798537
ATR_092_set19__580	18027.712847633746	17198.342131432008	vCM-LV-Compact I	False	0.2618726	-1.8337573	0.35728887	-0.89709616	0.37315586	-1.4323941	0.3341047	-1.2309436	0.34292802	-1.2598715	1.3146974	2.980903	0.9376806	2.5916145	0.3096204	-2.1073344	0.47224393	-0.40416124	0.44671345	-0.39335042
ATR_092_set19__656	18025.773506097652	17294.29281581619	vCM-LV-Compact I	False	0.3373498	-0.86281824	0.36601928	-0.79705137	0.46037027	-0.14000688	0.4361751	0.24281006	0.3835136	-0.6816041	1.4566915	3.4001458	1.089717	3.2192042	0.3834928	-0.7867876	0.5138891	0.032237936	0.42123985	-0.4837901
ATR_092_set19__748	18032.23087134328	17408.88784050539	Pericyte	False	0.4003867	-0.051911566	0.42148894	-0.1614052	0.43306094	-0.5446903	0.3620932	-0.8268286	0.3975542	-0.48155236	0.15823625	-0.43359172	0.21397965	-0.39574453	0.4291496	0.029375719	0.41817272	-0.9707732	1.0164086	1.6292553
ATR_092_set19__83	18179.734585236587	17483.701845367406	vCM-LV-Compact I	False	0.33859846	-0.8467555	0.4077976	-0.318299	0.45395288	-0.23510307	0.4111318	-0.11878017	0.3920371	-0.5601605	1.2133657	2.6817172	0.92727745	2.5486712	0.37602225	-0.92033154	0.5610089	0.52600604	0.450513	-0.37986073
ATR_093_set19__302	18420.856011592048	17257.67185884681	vCM-LV-Compact I	False	0.5374279	1.710987	0.70491517	3.0864747	0.6788713	3.0978515	0.5450196	1.8143722	0.46813944	0.5241535	0.9699321	1.9629705	0.83482265	2.167028	0.51005214	1.4755939	1.0036566	5.1645093	0.43702647	-0.4277424
ATR_093_set19__327	18444.97580407319	17226.16928085116	vCM-LV-Compact I	False	0.39260414	-0.1520263	0.44418332	0.098657586	0.40764314	-0.9213442	0.46214986	0.617849	0.41978186	-0.1648502	0.43230903	0.37561837	0.3464071	0.15090156	0.2851976	-2.543918	0.36840093	-1.4923315	0.6048238	0.1679936
ATR_093_set19__335	18422.00184244186	17206.999704341044	BEC	False	0.37126184	-0.42657378	0.4932588	0.66103065	0.41514778	-0.8101366	0.36287344	-0.8155632	0.39093283	-0.5758942	0.12567748	-0.5297227	0.16030966	-0.6172884	0.4254352	-0.037023313	0.33645982	-1.8270423	0.44338772	-0.40515786
ATR_093_set19__348	18390.79963894646	17215.061608838467	VSMC	False	0.49895328	1.2160493	0.49898762	0.7266791	0.49577293	0.38460758	0.43542728	0.23201245	0.49084547	0.8476713	0.11958542	-0.54770976	0.23905237	-0.29224706	0.49446186	1.1969012	0.46336207	-0.49723428	0.9184959	1.281633
ATR_093_set19__373	18476.835564237947	17237.708597980076	vCM-LV-Compact II	False	0.38143697	-0.2956808	0.4506055	0.17225172	0.4853698	0.23044878	0.44747865	0.40601736	0.4333238	0.028096687	0.9219477	1.8212949	0.77801466	1.9325308	0.40885726	-0.33337125	0.60240036	0.95974725	0.55317533	-0.015375607
ATR_093_set19__541	18327.49743765882	17325.591258107776	BEC	False	0.37357193	-0.3968567	0.3549568	-0.9238201	0.39143914	-1.1614633	0.34181836	-1.119569	0.3865233	-0.6387215	0.15852019	-0.43275338	0.21617876	-0.38666683	0.40266806	-0.44400966	0.35764405	-1.6050528	0.61655325	0.20963691
ATR_093_set19__614	18442.531601001043	17402.782090024783	vCM-LV-Compact I	False	0.3271332	-0.9942446	0.39328128	-0.4846466	0.4499699	-0.29412505	0.40321216	-0.23312865	0.3908598	-0.5769345	1.1214738	2.410403	0.8931183	2.4076662	0.38153344	-0.82181317	0.5750063	0.6726851	0.40633783	-0.5366972
ATR_093_set19__637	18554.40234865236	17427.612687741395	vCM-LV-Compact II	False	0.34692243	-0.739676	0.4005756	-0.40105835	0.46657974	-0.047991928	0.45426574	0.5040134	0.4132356	-0.25812197	1.0309453	2.1431143	0.8552663	2.251417	0.34177297	-1.5325735	0.4644771	-0.48554996	0.26617816	-1.0343102
ATR_094_set19__286	18672.441836660088	17471.663076805748	Pericyte	False	0.24811864	-2.010688	0.34451136	-1.0435181	0.28902456	-2.6790943	0.21557133	-2.9423988	0.24917522	-2.595671	0.41015545	0.3102091	0.3199714	0.04177797	0.40746114	-0.35832834	0.24617405	-2.7731464	0.80845207	0.8909411
ATR_096_set19__148	18359.415031823173	17163.679529743764	LEC	False	0.3431262	-0.78851056	0.34563547	-1.0306364	0.38815883	-1.2100726	0.3280854	-1.3178537	0.36456433	-0.95159525	0.09172147	-0.6299791	0.14406963	-0.6843255	0.3964931	-0.5543934	0.33795673	-1.8113562	0.593866	0.12908967
ATR_097_set19__106	18063.33967429777	17073.571753947643	vCM-RV-Proliferating	False	0.32356566	-1.0401375	0.33776778	-1.1207951	0.4190731	-0.7519692	0.4089063	-0.1509131	0.40090892	-0.43375385	1.0573	2.2209275	0.81303144	2.0770762	0.35449907	-1.305081	0.51408035	0.03424227	0.2822496	-0.97725135
ATR_097_set19__162	18023.63925621279	16984.787154376376	vCM-LV-Compact I	False	0.32867453	-0.97441703	0.3615335	-0.84845555	0.43450415	-0.52330416	0.414026	-0.076992095	0.3871583	-0.62967396	1.1773775	2.5754607	0.89373064	2.4101937	0.36218408	-1.1677034	0.5242836	0.141162	0.43025076	-0.45179838
ATR_097_set19__263	17969.526020869213	17180.289143944363	Compact vFibro	False	0.36579883	-0.4968499	0.39154255	-0.50457126	0.4019822	-1.005231	0.27101022	-2.1419392	0.40696308	-0.34749353	0.0738671	-0.6826948	0.1641404	-0.60147554	0.36348218	-1.1444986	0.37052828	-1.470039	0.7324533	0.62112033
ATR_097_set19__294	18114.85233881283	17070.3021338347	vCM-LV-Compact I	False	0.341611	-0.80800223	0.37964496	-0.6409099	0.4549453	-0.22039694	0.40671384	-0.18256925	0.38221833	-0.70005924	0.4955809	0.562431	0.4319817	0.5041443	0.44214067	0.2616048	0.42697725	-0.8785106	0.22920911	-1.1655625
ATR_102_set19__155	18978.45246199885	17706.86526545739	vCM-LV-Compact I	False	0.30248308	-1.3113438	0.33244228	-1.1818218	0.420751	-0.72710526	0.40034983	-0.27445674	0.3574467	-1.053008	1.3088051	2.9635057	0.9762381	2.7507756	0.36658797	-1.0889792	0.5173061	0.06804482	0.38928863	-0.59722745
ATR_102_set19__222	19000.221488817282	17755.715082118757	vCM-LV-Compact I	False	0.31642872	-1.1319472	0.32576734	-1.2583123	0.41273707	-0.84585977	0.44307044	0.342369	0.3649066	-0.9467184	1.1628488	2.5325644	0.9038046	2.451778	0.34471986	-1.4798948	0.41517672	-1.0021683	0.26231655	-1.0480202
ATR_102_set19__257	18962.47642162792	17780.85888058514	vCM-LV-Compact I	False	0.30380622	-1.2943231	0.28518087	-1.7234069	0.41709068	-0.7813457	0.3829429	-0.52578855	0.35450873	-1.0948684	1.369517	3.1427598	1.0192336	2.9282563	0.33153117	-1.7156565	0.42272538	-0.9230659	0.37606594	-0.6441724
ATR_102_set19__282	18886.617551692216	17578.9267779214	vCM-LV-Compact I	False	0.27064744	-1.7208776	0.29909307	-1.5639821	0.40282097	-0.9928015	0.36516568	-0.7824664	0.34242284	-1.2670693	1.3582673	3.1095448	1.0043813	2.8669477	0.32990265	-1.7447679	0.46898922	-0.43826735	0.37431133	-0.65040183
ATR_102_set19__29	18973.731717638817	17676.314126531266	vCM-LV-Compact II	False	0.31754538	-1.1175823	0.2818753	-1.7612864	0.40546158	-0.9536717	0.41137335	-0.115292564	0.34841338	-1.1817156	1.0282359	2.1351147	0.8019978	2.0315304	0.35216057	-1.3468841	0.50334185	-0.078286335	0.30116782	-0.91008544
ATR_102_set19__44	18949.39455373589	17690.73126091331	vCM-LV-Compact I	False	0.32612202	-1.0072526	0.36433673	-0.8163323	0.4479846	-0.32354397	0.42598072	0.095617354	0.37427607	-0.81322134	1.5218613	3.5925622	1.151208	3.4730325	0.37663737	-0.9093356	0.5040252	-0.07112533	0.41182208	-0.5172263
ATR_102_set19__98	18883.280136431677	17801.735777037247	vCM-LV-Compact II	False	0.32353032	-1.0405922	0.42216396	-0.15366988	0.44802186	-0.32299194	0.40552175	-0.1997814	0.37993318	-0.73261833	1.3705101	3.145692	1.0033503	2.8626916	0.37948346	-0.85845876	0.48939908	-0.22439262	0.3877043	-0.60285234
ATR_103_set19__119	18759.747920773247	17602.542531831416	vCM-LV-Compact II	False	0.4132547	0.113622636	0.46025944	0.2828794	0.53584534	0.97842085	0.51624787	1.3989483	0.5131648	1.1656796	0.92504513	1.83044	0.7804166	1.9424458	0.430741	0.057823922	0.6091954	1.0309526	0.33435214	-0.7922702
ATR_103_set19__130	18746.248594328128	17561.191458185684	vCM-LV-Compact I	False	0.37567073	-0.36985773	0.42153168	-0.16091546	0.5021637	0.47930938	0.47642684	0.82398856	0.4246046	-0.096135445	1.4821159	3.475212	1.1306777	3.3882854	0.42417577	-0.059536707	0.56750214	0.594049	0.45020118	-0.38096783
ATR_103_set19__264	18633.20488350297	17780.947155167887	vCM-LV-Compact II	False	0.32922378	-0.96735144	0.35331535	-0.94263005	0.4147539	-0.81597316	0.37623432	-0.62265074	0.355653	-1.0785649	0.1177456	-0.5531419	0.1754979	-0.55459297	0.3942852	-0.59386206	0.3245238	-1.9521197	0.09834071	-1.6301886
ATR_103_set19__282	18616.0453370417	17763.470728783155	Pericyte	False	0.42408112	0.2528936	0.40942153	-0.29968983	0.43346033	-0.5387721	0.33617654	-1.2010288	0.40471917	-0.37946492	0.18518661	-0.3540198	0.24904665	-0.25099173	0.37417832	-0.95329374	0.36923793	-1.4835606	0.9296961	1.3213973
ATR_103_set19__415	18630.747138556035	17575.389477690154	vCM-LV-Compact I	False	0.33332092	-0.91464585	0.36671233	-0.7891094	0.45377633	-0.23771927	0.43673995	0.2509656	0.39065233	-0.5798908	1.4839462	3.4806163	1.1174933	3.3338616	0.3858623	-0.7444305	0.51087135	0.0006152278	0.4046094	-0.5428336
ATR_103_set19__418	18627.1473997505	17721.233804575513	vCM-LV-Compact I	False	0.28226215	-1.571466	0.30140376	-1.537503	0.39501598	-1.1084598	0.42473304	0.07760269	0.32850546	-1.4653658	1.3711958	3.1477165	1.0179695	2.9230382	0.31711975	-1.9732758	0.47752947	-0.3487742	0.30517823	-0.8958472
ATR_103_set19__431	18802.588624570213	17634.41448034984	vCM-LV-Compact II	False	0.361869	-0.54740316	0.38001412	-0.6366796	0.47367984	0.057221025	0.49085853	1.0323619	0.4034778	-0.39715233	1.0732939	2.26815	0.86356455	2.2856715	0.32858834	-1.7682626	0.4869273	-0.25029433	0.23249507	-1.1538963
ATR_103_set19__450	18756.428617750018	17660.509236903556	vCM-LV-Compact II	False	0.42328545	0.24265818	0.4444216	0.101388	0.5370731	0.99661404	0.5025153	1.2006695	0.47057322	0.55883014	1.1347113	2.4494872	0.9038386	2.4519181	0.45481285	0.48813343	0.53532565	0.25687167	0.32455316	-0.82705975
ATR_103_set19__451	18745.868933360944	17662.291593322716	vCM-LV-Compact I	False	0.31137496	-1.1969587	0.39925203	-0.41622573	0.42793772	-0.6206089	0.39802918	-0.30796364	0.365332	-0.94065726	1.1104413	2.3778293	0.8318674	2.154829	0.35876915	-1.2287489	0.47792313	-0.34464905	0.3669546	-0.6765207
ATR_103_set19__623	18760.59282404348	17711.65299087439	vCM-LV-Compact II	False	0.30118102	-1.3280936	0.3771233	-0.66980654	0.40632877	-0.94082123	0.37850595	-0.58985174	0.3486123	-1.1788813	1.0993629	2.3451197	0.8306777	2.149918	0.33610365	-1.6339185	0.48899543	-0.22862239	0.51479995	-0.15162086
ATR_103_set19__676	18583.195092303773	17669.006083202217	Compact vFibro	False	0.4524	0.61718774	0.43437526	-0.013736424	0.46999314	0.0025896942	0.31194133	-1.5509514	0.48402402	0.7504785	0.07511837	-0.6790004	0.23499207	-0.30900753	0.43821445	0.19141951	0.4712134	-0.4149602	0.90913856	1.2484113
ATR_103_set19__707	18675.21356588933	17642.123822314945	vCM-LV-Compact I	False	0.350671	-0.6914544	0.40315023	-0.37155485	0.47348678	0.054360174	0.47530034	0.8077235	0.41756502	-0.19643605	1.5475013	3.6682653	1.1833376	3.6056597	0.40078932	-0.47759408	0.4907896	-0.2098214	0.40614647	-0.5373766
ATR_103_set19__723	18825.880716817424	17755.83761074264	vCM-LV-Compact I	False	0.31730697	-1.1206493	0.37484702	-0.69589114	0.4361851	-0.49839514	0.4122673	-0.10238517	0.37797496	-0.76051927	1.2675161	2.8415985	0.9656108	2.7069073	0.35764897	-1.2487733	0.5289222	0.18976998	0.42609605	-0.46654898
ATR_104_set19__102	18798.008535992965	17891.796330143912	vCM-LV-Compact I	False	0.32679206	-0.9986331	0.35777864	-0.8914837	0.45005095	-0.29292384	0.42679462	0.10736895	0.37951306	-0.73860425	1.5278312	3.6101885	1.1661311	3.5346334	0.38279212	-0.79931307	0.48524165	-0.26795825	0.376956	-0.64101243
ATR_104_set19__140	18760.486363521377	17829.47158423644	vCM-LV-Compact I	False	0.34412348	-0.7756816	0.3417779	-1.0748419	0.46467474	-0.07622109	0.44696662	0.39862433	0.4061251	-0.35943317	1.2348794	2.7452374	0.9266729	2.5461757	0.3740045	-0.9564007	0.4966833	-0.14806129	0.36484665	-0.6840046
ATR_104_set19__180	18726.99034783477	17818.034132932513	vCM-LV-Compact I	False	0.3396678	-0.8329996	0.35920048	-0.8751904	0.4526552	-0.25433278	0.44095546	0.31183162	0.390898	-0.57639056	1.0876608	2.3105688	0.8286048	2.1413615	0.3741225	-0.9542916	0.5225175	0.12265518	0.4213264	-0.48348284
ATR_104_set19__199	18711.59464581794	18002.177098357388	vCM-LV-Compact I	False	0.34923336	-0.7099482	0.3870228	-0.5563648	0.47904357	0.13670352	0.45802677	0.55831736	0.39928493	-0.4568926	1.6131293	3.862034	1.2124661	3.7258992	0.40909743	-0.32907784	0.49754453	-0.13903649	0.43812978	-0.42382526
ATR_104_set19__254	18672.832364742215	17976.224583324925	vCM-LV-Compact I	False	0.35092118	-0.688236	0.3963176	-0.44985235	0.47265804	0.04207944	0.44380912	0.3530345	0.4029331	-0.40491322	1.4304078	3.3225422	1.0778522	3.1702278	0.3960538	-0.5622467	0.51629466	0.057446036	0.45908865	-0.34941435
ATR_104_set19__284	18643.857569813816	17859.112096481993	vCM-LV-Compact II	False	0.3965188	-0.10166817	0.35873213	-0.8805573	0.4529007	-0.2506947	0.36604834	-0.7697221	0.40435028	-0.38472095	0.41067377	0.31173944	0.35021287	0.16661143	0.43010885	0.046523273	0.45523417	-0.58240646	0.6100554	0.18656737
ATR_104_set19__364	18578.895704031544	17829.4450063642	vCM-LV-Compact I	False	0.40214974	-0.02923174	0.45857036	0.2635237	0.5263134	0.8371721	0.49655652	1.114633	0.45231685	0.2987116	1.4656944	3.4267273	1.1378471	3.4178798	0.44678074	0.34455097	0.59059536	0.8360427	0.505718	-0.18386482
ATR_104_set19__473	18693.366798451323	17854.979434649173	vCM-LV-Compact I	False	0.31430313	-1.1592907	0.35759452	-0.8935936	0.43503064	-0.5155024	0.4110687	-0.119691126	0.36970988	-0.87828094	1.4605612	3.411571	1.0997698	3.2607012	0.3667361	-1.086331	0.48015803	-0.3212295	0.43306547	-0.44180524
ATR_104_set19__516	18582.27421185118	18010.7407752021	vCM-LV-Compact I	False	0.35797745	-0.59746414	0.37031913	-0.7477779	0.477147	0.10859934	0.45283684	0.4833821	0.4059125	-0.36246246	1.5401416	3.6465354	1.1433057	3.4404123	0.39983502	-0.4946532	0.4978733	-0.13559121	0.4332708	-0.44107622
ATR_104_set19__617	18666.363646156286	18106.83865244117	vCM-LV-Compact II	False	0.353822	-0.65092	0.30707866	-1.4724724	0.3967583	-1.0826415	0.35574326	-0.91851294	0.24060534	-2.7177756	0.13431193	-0.5042292	0.14262065	-0.6903067	0.3659669	-1.1000818	0.20512737	-3.2032745	0.25127435	-1.0872238
ATR_104_set19__639	18837.968349814153	18044.964992870406	Compact vFibro	False	0.37327632	-0.4006594	0.32561657	-1.26004	0.39903516	-1.0489017	0.304003	-1.6655697	0.38338736	-0.68340284	0.24111821	-0.18887967	0.24878888	-0.2520558	0.39654052	-0.55354583	0.44934404	-0.64412916	0.8170444	0.9214466
ATR_104_set19__70	18825.52670341973	18078.464695542574	vCM-LV-Compact I	False	0.32221636	-1.0574949	0.3556063	-0.9163774	0.43865797	-0.46175078	0.42663154	0.10501433	0.37279263	-0.83435756	1.5123519	3.564485	1.1274055	3.3747783	0.3847791	-0.7637937	0.48374042	-0.28368965	0.40778854	-0.53154665
ATR_104_set19__90	18802.041895667673	17859.014326229997	vCM-LV-Compact I	False	0.3647573	-0.5102481	0.3790454	-0.64778054	0.482652	0.19017515	0.45519474	0.51742685	0.41781455	-0.19288065	1.4641619	3.4222023	1.1114713	3.3090036	0.41562855	-0.2123272	0.51219213	0.014455667	0.421386	-0.4832712
ATR_104_set19__98	18800.71080352205	17988.883481261906	vCM-LV-Compact I	False	0.33432537	-0.9017245	0.39267638	-0.4915783	0.45610043	-0.20327951	0.42570454	0.09162973	0.38788614	-0.61930376	1.3951986	3.2185857	1.0451044	3.035048	0.38931382	-0.6827308	0.5230472	0.12820597	0.4515413	-0.37620994
ATR_105_set19__143	18447.4601354318	17874.156598497844	vCM-LV-Compact I	False	0.36578646	-0.49700898	0.44348323	0.090635054	0.4895173	0.29190853	0.43781263	0.26645353	0.42382014	-0.10731246	1.3321645	3.0324752	1.0102303	2.8910916	0.40190881	-0.45758194	0.5634302	0.551379	0.49339628	-0.22761096
ATR_105_set19__196	18409.925263178382	18057.016306135378	vCM-LV-Compact I	False	0.329114	-0.96876377	0.33601907	-1.1408342	0.44515675	-0.3654485	0.4297797	0.15046947	0.36321673	-0.970796	1.5261818	3.6053185	1.113127	3.315838	0.37677208	-0.9069276	0.44149852	-0.7263423	0.4620296	-0.33897302
ATR_105_set19__198	18403.62374328069	17884.854989619504	vCM-RV-Trabecular	False	0.40442988	0.000100061436	0.46096358	0.2909484	0.5297382	0.887922	0.49215484	1.0510788	0.45587325	0.34938353	1.5098447	3.5570824	1.144745	3.4463537	0.44533736	0.31874892	0.5626972	0.5436977	0.5205094	-0.13135037
ATR_105_set19__200	18404.800238620497	17916.672870072765	vCM-LV-Compact II	False	0.40648842	0.026581071	0.44163013	0.06939964	0.47441432	0.06810489	0.4269103	0.10903939	0.41012815	-0.30239734	0.74755645	1.3063982	0.6594994	1.4433126	0.489463	1.1075413	0.4467216	-0.6716095	0.6335624	0.27002499
ATR_105_set19__272	18349.724352565732	17865.10898151488	vCM-LV-Compact II	False	0.31924385	-1.0957333	0.3565815	-0.90520203	0.4257097	-0.6536249	0.4150177	-0.06267331	0.36646622	-0.9244968	1.3782469	3.1685352	1.0282006	2.9652712	0.35102594	-1.3671669	0.5020396	-0.09193252	0.36039528	-0.6998084
ATR_105_set19__315	18325.113138098946	18086.434327798343	vEndocardial	False	0.45668438	0.67230207	0.47847483	0.4916159	0.5234137	0.7942028	0.4621394	0.61769795	0.42678496	-0.06506934	1.0026865	2.059679	0.8565073	2.2565398	0.4829027	0.99026906	0.51812696	0.07664677	0.6344791	0.27327964
ATR_105_set19__337	18309.84278971299	17851.61966686799	Trabecular vFibro	False	0.44122872	0.47348037	0.41843837	-0.19636269	0.44755736	-0.3298751	0.36848915	-0.73448026	0.49085182	0.84776175	0.17393282	-0.38724703	0.23013338	-0.32906365	0.41235867	-0.27077976	0.5358379	0.26223946	0.6642268	0.37889364
ATR_105_set19__370	18286.624615144385	17815.040859613826	vCM-LV-Hybrid	False	0.3597131	-0.57513666	0.44359055	0.091864854	0.47528878	0.081063084	0.4289606	0.13864256	0.41125545	-0.2863354	1.1179217	2.3999155	0.87575483	2.3359916	0.38054758	-0.8394365	0.5681786	0.6011375	0.47382742	-0.29708686
ATR_105_set19__467	18526.69626026164	17996.750613125903	vCM-LV-Hybrid	False	0.30140966	-1.3251523	0.314667	-1.3855151	0.40874368	-0.90503585	0.40027985	-0.2754671	0.3432348	-1.2555004	1.4808146	3.4713702	1.0903397	3.2217743	0.3456739	-1.4628404	0.46096313	-0.5223727	0.3454514	-0.75286406
ATR_105_set19__525	18418.290714219034	18043.742500325203	vCM-LV-Compact II	False	0.34341136	-0.78484243	0.3187593	-1.33862	0.4087881	-0.9043774	0.37503165	-0.64001566	0.3151325	-1.655905	0.519498	0.63304704	0.41106647	0.41780847	0.352381	-1.3429439	0.28141898	-2.403815	0.19888322	-1.2732295
ATR_105_set19__604	18360.081721471804	17899.64848069709	vCM-LV-Compact II	False	0.47217992	0.8716367	0.519462	0.96130204	0.5164542	0.6910734	0.43618494	0.24295205	0.5051511	1.0514992	0.18015517	-0.3688753	0.29183197	-0.074378595	0.4835606	1.0020295	0.5686424	0.6059975	0.8094796	0.8945891
ATR_105_set19__689	18286.84113567153	18114.85241134644	vEndocardial	False	0.33766842	-0.8587196	0.36775762	-0.77713114	0.44953525	-0.30056572	0.43140328	0.17391154	0.38962898	-0.5944716	1.2348677	2.7452028	0.9426599	2.6121686	0.38199455	-0.8135705	0.51167995	0.009088507	0.44460243	-0.40084523
ATR_105_set19__813	18348.837164985696	18093.49193331493	vCM-LV-Trabecular II	False	0.35888132	-0.5858367	0.4121254	-0.26870516	0.4764821	0.098746225	0.4366786	0.2500796	0.41028848	-0.30011284	1.3204169	2.99779	0.9952724	2.8293471	0.38750055	-0.71514475	0.5365876	0.27009562	0.48045582	-0.27355388
ATR_105_set19__98	18478.717929420316	17842.09181251891	vCM-LV-Compact II	False	0.31106058	-1.201003	0.31288263	-1.4059627	0.4271371	-0.63247275	0.44248563	0.33392516	0.3323215	-1.4109944	1.3011867	2.9410121	1.0701615	3.138481	0.3446281	-1.4815351	0.39831817	-1.178829	0.31583267	-0.85802037
ATR_106_set19__130	18474.178126319588	18142.785503464653	vCM-LV-Compact I	False	0.4187848	0.18476172	0.42921886	-0.07282538	0.45408022	-0.233216	0.41914305	-0.0031089443	0.4176142	-0.19573541	0.82101434	1.5232853	0.7058277	1.6345509	0.47365895	0.8250272	0.4238616	-0.9111595	0.71975315	0.5760306
ATR_106_set19__186	18431.944173523858	18192.72392688187	vCM-LV-Trabecular II	False	0.3664582	-0.48836768	0.40475774	-0.35313386	0.4825262	0.18831104	0.46579868	0.6705328	0.4125781	-0.2674901	1.4882741	3.4933946	1.1300833	3.3858318	0.4026043	-0.4451492	0.49694163	-0.14535429	0.41640636	-0.5009506
ATR_106_set19__221	18411.267043868545	18298.99298185811	vCM-LV-Trabecular II	False	0.40666807	0.028892068	0.4432429	0.08788108	0.54410934	1.1008811	0.51390797	1.3651634	0.47206068	0.5800237	1.4002675	3.2335517	1.1237258	3.3595886	0.44819465	0.3698261	0.5827819	0.7541656	0.37246194	-0.65696776
ATR_106_set19__313	18344.379999456494	18400.740373818047	Trabecular vFibro	False	0.49115732	1.1157621	0.6277431	2.2021332	0.5282054	0.86520827	0.4646013	0.6532445	0.4693137	0.54088455	0.10423299	-0.5930384	0.17640439	-0.5508511	0.46833014	0.72976923	0.49496976	-0.1660175	0.6746056	0.41574195
ATR_106_set19__317	18338.44697301431	18332.707554186	vEndocardial	False	0.47477284	0.90499204	0.5002472	0.7411129	0.58209884	1.6638286	0.6299077	3.0400372	0.51913816	1.2507883	0.8193868	1.5184798	0.74893624	1.8124982	0.34636614	-1.4504658	0.5591544	0.50657296	0.5048236	-0.18704012
ATR_106_set19__334	18326.03506395429	18425.72042272887	vCM-LV-Compact I	False	0.3365087	-0.87363833	0.35730222	-0.8969432	0.45565948	-0.2098138	0.4407976	0.3095523	0.38575438	-0.6496773	1.4532037	3.389848	1.092922	3.232434	0.37817353	-0.88187516	0.5092393	-0.016486855	0.41896522	-0.49186578
ATR_106_set19__406	18273.80927578488	18319.40215274264	vEndocardial	False	0.47923213	0.9623564	0.5640074	1.4717635	0.5115411	0.6182687	0.45071247	0.4527092	0.45293546	0.30752555	0.10229624	-0.59875673	0.17695719	-0.5485692	0.44297853	0.27658245	0.46332678	-0.49760404	0.70261437	0.5151823
ATR_106_set19__433	18254.592962321443	18345.58030485079	vCM-LV-Trabecular II	False	0.29291812	-1.4343876	0.35176912	-0.9603489	0.37038535	-1.473449	0.3248602	-1.3644212	0.3058662	-1.7879319	0.42207676	0.34540722	0.32887873	0.07854641	0.34361207	-1.4996976	0.42966652	-0.85032976	0.31298178	-0.86814195
ATR_106_set19__492	18396.445110917302	18405.270317586037	vCM-LV-Compact I	False	0.31805328	-1.1110488	0.319225	-1.3332832	0.42876637	-0.60832953	0.4310155	0.16831243	0.3692292	-0.8851297	1.5019853	3.5338776	1.1530603	3.4806786	0.35793224	-1.2437096	0.4050572	-1.1082108	0.36771283	-0.6738287
ATR_106_set19__503	18382.25758757133	18128.04826639048	vEndocardial	False	0.351388	-0.6822308	0.34671563	-1.0182586	0.45968992	-0.15008877	0.45576942	0.5257244	0.4040315	-0.38926318	1.0904548	2.3188183	0.85303634	2.242212	0.37340784	-0.9670669	0.49513745	-0.1642602	0.24928199	-1.0942972
ATR_106_set19__517	18375.28585094182	18404.57334394883	vCM-LV-Compact II	False	0.35850587	-0.5906665	0.34521085	-1.0355024	0.3987487	-1.0531466	0.35527393	-0.9252894	0.264733	-2.3740022	0.27525592	-0.0880868	0.19597739	-0.47005588	0.38265496	-0.8017648	0.22357717	-3.009939	0.24956267	-1.0933007
ATR_106_set19__551	18281.38915112733	18405.051658009517	vCM-RV-Hybrid	False	0.44513753	0.52376336	0.397915	-0.43154714	0.47034597	0.007818103	0.43927947	0.28763264	0.4411863	0.1401225	0.49075276	0.54817563	0.3165557	0.027678315	0.45718566	0.53054976	0.50825465	-0.026805194	0.80626637	0.8831811
ATR_106_set19__581	18452.81584746638	18354.377014204903	vCM-LV-Trabecular II	False	0.37705663	-0.35202956	0.4074144	-0.3226902	0.4992573	0.4362407	0.47580585	0.81502235	0.4220487	-0.13255227	1.6032726	3.8329318	1.1832738	3.6053965	0.40744895	-0.35854626	0.49718896	-0.14276251	0.36646307	-0.67826575
ATR_106_set19__694	18426.84793829987	18363.011421469473	vCM-LV-Hybrid	False	0.3116851	-1.1929692	0.35337022	-0.94200134	0.411438	-0.8651102	0.42012623	0.011086775	0.3623783	-0.982742	1.2166114	2.6913004	0.9095443	2.4754708	0.32433534	-1.8442895	0.51834714	0.078954026	0.36656055	-0.6779197
ATR_106_set19__869	18327.07716625757	18233.8688649211	vCM-LV-Compact II	False	0.28640887	-1.5181226	0.31766132	-1.3512021	0.34660527	-1.8258343	0.3352945	-1.2137641	0.3100255	-1.7286698	0.7509728	1.316485	0.57588583	1.0981649	0.2938924	-2.3884888	0.46718228	-0.45720232	0.3527779	-0.72685266
ATR_107_set19__11	18566.95838781369	18464.808974619267	Pericyte	False	0.35793284	-0.5980381	0.3487837	-0.9945598	0.42397937	-0.6792657	0.38589516	-0.48316178	0.31128076	-1.710785	0.3122105	0.021022985	0.24706939	-0.25915366	0.41773108	-0.17474237	0.2937572	-2.2745228	0.3410815	-0.76837873
ATR_107_set19__147	18459.683482254222	18554.265740375355	vCM-RV-Compact	False	0.36754933	-0.47433147	0.39354423	-0.4816334	0.491845	0.3264017	0.47383335	0.78654224	0.41668737	-0.20894088	1.5435075	3.6564732	1.176957	3.5793214	0.42194378	-0.09943579	0.53044325	0.20570907	0.43294492	-0.44223323
ATR_107_set19__149	18455.841000606735	18583.772405837542	vCM-LV-Compact I	False	0.36345762	-0.5269672	0.39717835	-0.4399887	0.4896066	0.29323164	0.46908525	0.7179863	0.41096693	-0.29044622	1.6123185	3.8596404	1.2176093	3.7471297	0.41658866	-0.19516419	0.5163971	0.058519717	0.4447264	-0.40040508
ATR_107_set19__174	18433.336391225675	18487.35359828544	vCM-LV-Compact I	False	0.3281895	-0.9806565	0.34808245	-1.0025957	0.44334593	-0.39228216	0.417254	-0.030384175	0.37060282	-0.86555827	1.4556988	3.397215	1.0716234	3.144516	0.36491495	-1.1188861	0.48797485	-0.23931706	0.42276222	-0.4783852
ATR_107_set19__186	18432.574093665033	18443.352400271382	vCM-LV-Compact II	False	0.4774925	0.9399779	0.5043581	0.7882215	0.50848836	0.57303125	0.46412522	0.6463704	0.4309949	-0.005085752	0.37945068	0.21955211	0.39668915	0.35846046	0.48019508	0.94186735	0.5260164	0.15932027	0.42150044	-0.48286492
ATR_107_set19__220	18408.449472595683	18562.533616127115	vCM-LV-Compact I	False	0.3787555	-0.33017513	0.42042956	-0.17354503	0.45471084	-0.2238712	0.40863177	-0.15487707	0.39625007	-0.5001336	0.19850445	-0.31469837	0.23429592	-0.31188115	0.51428324	1.5512291	0.34910882	-1.6944935	0.16765422	-1.3841028
ATR_107_set19__233	18397.903922726982	18635.46789212118	vCM-LV-Compact II	False	0.409571	0.066235304	0.41965678	-0.18240052	0.525052	0.81847984	0.51576954	1.3920419	0.47174844	0.5755749	1.2732344	2.858482	1.0022627	2.8582025	0.42710274	-0.007213939	0.573557	0.657498	0.38528788	-0.6114315
ATR_107_set19__259	18374.075724182847	18547.740428429766	vEndocardial	False	0.5117968	1.381268	0.62473667	2.1676812	0.54581857	1.1262091	0.4744596	0.7955842	0.47793654	0.6637435	0.15598883	-0.44022733	0.2197847	-0.37178186	0.5081601	1.4417719	0.47734293	-0.35072887	0.7713213	0.75911456
ATR_107_set19__316	18334.824498196635	18559.455266368906	vEndocardial	False	0.54681236	1.8317086	0.6321736	2.2529037	0.5688546	1.4675683	0.5209372	1.4666557	0.5397584	1.5445874	0.33884475	0.09966159	0.31667218	0.02815908	0.50182754	1.3285704	0.5441199	0.34902653	0.6906949	0.47286436
ATR_107_set19__524	18397.972736143354	18535.38066103841	vCM-LV-Trabecular II	False	0.38897982	-0.19864956	0.4479989	0.14238177	0.4921376	0.3307376	0.4699057	0.72983253	0.44153786	0.1451314	1.0552506	2.2148767	0.8342114	2.1645048	0.3900954	-0.6687589	0.53403664	0.24336413	0.4526071	-0.37242603
ATR_107_set19__575	18482.28026048337	18705.733450590935	vCM-LV-Compact II	False	0.3625024	-0.53925526	0.4099656	-0.29345512	0.4878318	0.26693195	0.45946112	0.5790274	0.41363767	-0.25239334	1.4875875	3.4913673	1.1283149	3.378532	0.41976234	-0.13843134	0.5378312	0.28312722	0.4443142	-0.4018685
ATR_107_set19__641	18411.396845846102	18531.940858705497	vCM-LV-Hybrid	False	0.34028283	-0.82508785	0.39755523	-0.4356699	0.4546553	-0.2246944	0.41309315	-0.09046103	0.39452192	-0.52475643	1.2207563	2.7035384	0.9495254	2.6405084	0.38087538	-0.83357674	0.5461852	0.3706688	0.5028576	-0.19402006
ATR_107_set19__697	18292.30083627769	18710.02499619016	vCM-LV-Trabecular II	False	0.2853559	-1.531668	0.28346387	-1.7430825	0.37989178	-1.3325778	0.3704881	-0.705618	0.28950772	-2.0210094	1.1552658	2.5101752	0.8701998	2.313061	0.33465603	-1.6597962	0.31128758	-2.090822	0.2957022	-0.9294902
ATR_107_set19__78	18511.51388102858	18453.64162986103	Proliferating vFibro	False	0.4200492	0.20102687	0.40890822	-0.30557206	0.44695264	-0.33883613	0.35313088	-0.9562321	0.45613816	0.35315806	0.13205351	-0.5108973	0.21587844	-0.38790652	0.44247058	0.2675023	0.45320448	-0.60367554	0.74713635	0.67325
ATR_107_set19__885	18502.427866248712	18693.4754289474	vCM-LV-Compact I	False	0.28975132	-1.4751252	0.31362706	-1.397432	0.4262133	-0.6461623	0.37817284	-0.59466124	0.35612407	-1.0718528	1.3537782	3.0962906	1.037744	3.0046654	0.41721526	-0.18396316	0.44127205	-0.7287155	0.33412915	-0.79306185
ATR_107_set19__935	18438.676859542946	18623.8082897971	vCM-RV-Proliferating	False	0.35581285	-0.6253096	0.34488648	-1.0392194	0.4236436	-0.6842415	0.33960038	-1.1515934	0.29691762	-1.9154325	0.6334506	0.9694964	0.48224318	0.7116182	0.41762075	-0.1767146	0.31911346	-2.0088146	0.25466546	-1.0751841
ATR_107_set19__94	18503.769260568784	18647.98298473394	vCM-LV-Compact I	False	0.37930328	-0.32312867	0.4068454	-0.32921073	0.5079874	0.5656075	0.48150948	0.8973747	0.4291	-0.032084353	1.5354104	3.6325662	1.1915941	3.639742	0.43044233	0.05248472	0.5299495	0.20053491	0.3763413	-0.64319474
ATR_107_set19__941	18391.346820151382	18641.05134414743	vCM-LV-Compact I	False	0.40593958	0.019520797	0.446022	0.11972771	0.51023453	0.598907	0.49579862	1.1036899	0.45770648	0.3755036	1.1295005	2.4341023	0.8731215	2.3251214	0.41432464	-0.23563598	0.5504008	0.41484404	0.4982454	-0.21039502
ATR_107_set19__942	18375.5674542393	18604.60487583914	vCM-RV-Proliferating	False	0.3694568	-0.4497938	0.3993672	-0.4149058	0.45859334	-0.16633838	0.42632586	0.100600705	0.41813937	-0.18825264	0.7429896	1.2929144	0.6693303	1.4838935	0.3808343	-0.8343109	0.5664668	0.58319974	0.53131896	-0.09297293
ATR_108_set19__138	18776.521064258297	18553.08131773636	vCM-LV-Compact I	False	0.3502067	-0.69742703	0.3830879	-0.60145605	0.47346908	0.054097846	0.4496741	0.43771654	0.39934784	-0.45599622	1.5533022	3.6853924	1.1731204	3.5634842	0.4080563	-0.3476894	0.5187093	0.082749076	0.43147433	-0.44745433
ATR_108_set19__161	18758.970510012783	18699.683747883555	vCM-LV-Compact I	False	0.3938607	-0.13586196	0.41680887	-0.21503572	0.5127744	0.6365441	0.50045955	1.1709872	0.4375721	0.08862677	1.4551351	3.3955505	1.1131979	3.3161309	0.423269	-0.0757461	0.5291254	0.19189923	0.4481398	-0.38828644
ATR_108_set19__169	18746.80189092324	18463.971524979293	Compact vFibro	False	0.43384665	0.37851745	0.4203245	-0.17474888	0.45940304	-0.15433986	0.3977693	-0.31171587	0.452977	0.30811748	0.18388112	-0.3578743	0.24476938	-0.26864785	0.45206276	0.43897253	0.49652362	-0.14973457	0.8314378	0.97254807
ATR_108_set19__181	18746.66069127527	18610.347504895184	vCM-LV-Compact I	False	0.3621175	-0.54420656	0.4063442	-0.334954	0.49114037	0.31595993	0.46553922	0.66678655	0.4145756	-0.23902948	1.5456848	3.6629019	1.1758196	3.5746264	0.42035127	-0.12790371	0.5323966	0.22617835	0.46299112	-0.33555934
ATR_108_set19__255	18688.494408361745	18477.95619495214	vCM-LV-Compact I	False	0.31414983	-1.1612628	0.3859253	-0.5689414	0.44439554	-0.37672853	0.42098674	0.023511365	0.3783659	-0.754949	1.3901579	3.203703	1.0585239	3.0904424	0.39986637	-0.49409276	0.4850033	-0.27045602	0.43848842	-0.422552
ATR_108_set19__339	18637.750549745244	18569.883386835394	vCM-LV-Compact I	False	0.3410033	-0.8158197	0.36687282	-0.78727037	0.46188024	-0.11763147	0.44219851	0.3297796	0.39126086	-0.57122034	1.5676408	3.7277277	1.1696517	3.5491662	0.39746618	-0.5369987	0.4887366	-0.2313347	0.4239922	-0.4740184
ATR_108_set19__354	18628.697858826803	18637.168402480685	vCM-LV-Compact I	False	0.3341877	-0.9034957	0.35734138	-0.89649445	0.45303023	-0.24877538	0.43102038	0.168383	0.37912512	-0.7441316	1.6437173	3.9523466	1.2267865	3.7850122	0.39959946	-0.49886405	0.45174807	-0.61893725	0.39267695	-0.5851978
ATR_108_set19__36	18860.178192597792	18607.80514637043	vCM-LV-Compact I	False	0.35099643	-0.68726796	0.30093163	-1.5429133	0.40377954	-0.97859704	0.35018378	-0.99878395	0.26403993	-2.383877	0.091955535	-0.629288	0.095134564	-0.88632417	0.38649446	-0.7331298	0.17279533	-3.5420816	0.2714063	-1.0157487
ATR_108_set19__377	18609.862419190547	18645.648004809733	vCM-LV-Compact I	False	0.53018016	1.6177518	0.5748102	1.5955565	0.5470118	1.143891	0.4902696	1.0238587	0.5286926	1.386921	0.17301697	-0.3899511	0.2792679	-0.12624168	0.5152311	1.5681727	0.6070338	1.0083009	0.8434665	1.0152539
ATR_108_set19__378	18606.83407124166	18460.005113886175	vCM-LV-Compact I	False	0.3326489	-0.92329067	0.36972085	-0.7546338	0.45802018	-0.17483173	0.44113883	0.3144793	0.3853446	-0.6555159	1.495822	3.5156798	1.1272845	3.3742788	0.386731	-0.7289014	0.5098857	-0.009713104	0.41306514	-0.51281303
ATR_108_set19__413	18582.511333026596	18436.332384706777	vCM-LV-Hybrid	False	0.31482565	-1.1525689	0.34444606	-1.0442663	0.4512541	-0.27509496	0.44230792	0.33135924	0.37566862	-0.79338026	1.4256678	3.308547	1.0383577	3.0071986	0.36319247	-1.1496774	0.50131214	-0.09955572	0.36782014	-0.67344767
ATR_108_set19__473	18814.77165903878	18558.283098341002	vCM-LV-Compact I	False	0.30818146	-1.2380399	0.34318778	-1.0586854	0.36784276	-1.5111263	0.3449614	-1.0741878	0.32174796	-1.5616472	0.6893796	1.1346288	0.5066775	0.81248045	0.35938445	-1.2177497	0.33170983	-1.8768173	0.17658128	-1.3524089
ATR_108_set19__485	18808.146340295818	18557.657678204174	vCM-LV-Compact I	False	0.4106025	0.07950475	0.44242477	0.0785058	0.49703887	0.40336695	0.47866508	0.85630566	0.43559596	0.060470637	1.0441413	2.182076	0.8361592	2.1725452	0.4463537	0.33691722	0.49810505	-0.13316278	0.5602668	0.009801426
ATR_108_set19__498	18786.899731880236	18639.18387537034	Pericyte	False	0.34157997	-0.80840135	0.40474465	-0.3532838	0.4507768	-0.28216803	0.40864745	-0.15465072	0.3347942	-1.3757632	0.30180535	-0.009698618	0.37217245	0.25725818	0.53852737	1.9846185	0.452389	-0.612221	1.1621981	2.146856
ATR_108_set19__541	18625.26224550748	18625.78563738991	Pericyte	False	0.30626988	-1.2626305	0.35178238	-0.9601969	0.40219262	-1.0021127	0.3379346	-1.1756448	0.365086	-0.94416255	0.2033198	-0.30048087	0.21318913	-0.3990077	0.44934937	0.39046797	0.3154595	-2.0471046	0.15135519	-1.4419696
ATR_108_set19__546	18628.86740280896	18547.294654288078	vCM-RV-Proliferating	False	0.16820256	-3.0387287	0.15067491	-3.2647574	0.25586778	-3.1704283	0.27878025	-2.0297508	0.16751508	-3.7591727	1.546401	3.6650167	1.1549699	3.4885612	0.25545746	-3.0755541	0.18758214	-3.3871307	0.14314497	-1.4711187
ATR_108_set19__607	18815.896353377837	18714.35941639937	Proliferating vFibro	False	0.5023687	1.2599851	0.50535244	0.7996158	0.5018024	0.47395512	0.4060288	-0.19246022	0.50841546	1.0980103	0.21884578	-0.25463983	0.2867194	-0.09548268	0.48086613	0.95386326	0.5551227	0.4643246	0.8226249	0.9412594
ATR_108_set19__620	18709.513184650365	18619.5114214217	Pericyte	False	0.32894725	-0.97090876	0.40413466	-0.36027393	0.36775267	-1.5124613	0.32517236	-1.3599138	0.32957235	-1.4501646	0.14649779	-0.46824998	0.1444988	-0.68255395	0.39623502	-0.55900705	0.3512643	-1.6719062	0.42794406	-0.45998794
ATR_108_set19__667	18598.2453209862	18579.38427872412	vCM-LV-Hybrid	False	0.36735734	-0.4768012	0.37438977	-0.701131	0.47658318	0.10024422	0.47417188	0.79143006	0.40791073	-0.33399126	1.4992278	3.5257356	1.1176193	3.3343818	0.42525297	-0.040280536	0.48973835	-0.22083743	0.4305305	-0.45080528
ATR_108_set19__692	18823.757937837792	18680.2847819295	vCM-LV-Compact II	False	0.30454952	-1.2847612	0.3251646	-1.2652194	0.4243016	-0.6744908	0.41943455	0.0010998562	0.34406316	-1.2436979	1.4395417	3.3495104	1.0929555	3.2325723	0.38479847	-0.7634474	0.45642093	-0.5699704	0.32720912	-0.81763023
ATR_108_set19__699	18656.134229346135	18657.440860717354	vCM-LV-Compact I	False	0.38608393	-0.23590231	0.41035596	-0.28898194	0.5019703	0.47644323	0.48306414	0.9198219	0.42333323	-0.11425001	1.5291412	3.6140563	1.1869712	3.6206589	0.4306354	0.055935863	0.528485	0.18518856	0.36267504	-0.6917145
ATR_108_set19__726	18789.09417631857	18609.073642703108	BEC	False	0.3894891	-0.19209802	0.38667825	-0.56031305	0.43293276	-0.5465898	0.3604784	-0.85014415	0.34567904	-1.2206746	0.19985911	-0.3106987	0.2063352	-0.42729998	0.4645841	0.66280496	0.2942462	-2.2693985	0.45815462	-0.35273048
ATR_108_set19__831	18636.672152277206	18694.231809606616	Compact vFibro	False	0.49186912	1.1249187	0.5055939	0.80238277	0.52776754	0.8587199	0.43442568	0.2175508	0.5177666	1.2312462	0.08823918	-0.6402607	0.22490515	-0.35064524	0.4835936	1.0026197	0.61277527	1.0684658	0.8731622	1.1206834
ATR_108_set19__846	18689.063892145918	18669.764372567035	Pericyte	False	0.3825503	-0.28135896	0.47854918	0.49246797	0.41532785	-0.80746835	0.39006394	-0.42297047	0.399077	-0.45985523	0.17086074	-0.39631745	0.2002976	-0.45222256	0.47006106	0.76071125	0.30789152	-2.1264093	0.95649743	1.416551
ATR_109_set19__162	18749.248593884156	18330.54032179303	vCM-LV-Compact I	False	0.41188666	0.09602409	0.4143525	-0.24318409	0.49344206	0.35006756	0.44964054	0.43723202	0.4051853	-0.37282336	0.9190787	1.812824	0.7707579	1.9025757	0.44724736	0.3528922	0.5015315	-0.09725721	0.74540013	0.6670859
ATR_109_set19__251	18678.857175101475	18134.45665933405	vCM-LV-Compact I	False	0.2925409	-1.43924	0.33825892	-1.1151669	0.408644	-0.9065131	0.36717927	-0.75339293	0.35304576	-1.115713	1.2503934	2.791043	0.9549099	2.6627352	0.36642587	-1.0918769	0.46916193	-0.43645757	0.38243234	-0.6215696
ATR_109_set19__301	18640.360114565156	18207.77000005595	Pericyte	False	0.33864063	-0.84621304	0.3856085	-0.5725717	0.3740053	-1.419807	0.44130328	0.3168537	0.34737968	-1.1964438	0.49088442	0.54856443	0.34373918	0.13988873	0.39425644	-0.59437615	0.2878227	-2.3367105	0.6016516	0.15673119
ATR_109_set19__354	18604.789088452228	18346.08098273771	vCM-LV-Compact I	False	0.3588998	-0.585599	0.37617293	-0.68069714	0.4853052	0.22949134	0.46995884	0.73059976	0.41139218	-0.28438723	1.565789	3.7222602	1.1685442	3.544594	0.41210866	-0.27524897	0.46890277	-0.43917334	0.4218651	-0.48157024
ATR_109_set19__384	18584.75036972679	18201.40665725169	vCM-LV-Compact I	False	0.41381788	0.12086731	0.42290115	-0.14522216	0.49007234	0.30013338	0.5065769	1.2593131	0.42111242	-0.14589232	1.1080205	2.3706818	0.8737415	2.3276808	0.43785593	0.18501055	0.49480197	-0.16777574	0.47627047	-0.28841326
ATR_109_set19__505	18752.43459110098	18115.265884120792	vCM-LV-Compact I	False	0.36327925	-0.52926177	0.41967997	-0.18213482	0.48595473	0.23911656	0.48069954	0.8856804	0.4207069	-0.15167022	1.4205171	3.2933395	1.0700783	3.1381376	0.40950474	-0.32179677	0.5362319	0.26636803	0.3042822	-0.8990284
ATR_109_set19__587	18815.30960585219	18281.03113330504	vCM-LV-Compact II	False	0.33634144	-0.8757898	0.27611738	-1.8272685	0.39332446	-1.1335256	0.3474085	-1.0388551	0.2590985	-2.454283	0.08387651	-0.6531416	0.076795146	-0.96202725	0.37274182	-0.97897273	0.1733662	-3.5360994	0.3205169	-0.8413898
ATR_109_set19__636	18784.287828056178	18115.26607750271	vCM-LV-Compact I	False	0.33062696	-0.9493009	0.35905766	-0.87682694	0.4532466	-0.24556917	0.4322007	0.18542518	0.38429174	-0.6705171	1.5211021	3.5903203	1.1398337	3.4260805	0.38766935	-0.71212727	0.46980157	-0.42975473	0.4407903	-0.41437957
ATR_109_set19__675	18687.10595061374	18329.539758786268	vCM-LV-Compact I	False	0.36960956	-0.4478286	0.43012428	-0.06244981	0.49933586	0.43740484	0.46317708	0.6326807	0.42051533	-0.15439972	1.4553262	3.3961148	1.1060646	3.286685	0.4221615	-0.09554407	0.56018305	0.5173522	0.47185102	-0.30410373
ATR_109_set19__681	18655.64051407484	18406.545856906334	vCM-LV-Compact I	False	0.3544051	-0.6434188	0.40016866	-0.40572175	0.48266566	0.19037741	0.4532748	0.4897054	0.40673453	-0.35075	1.5542293	3.6881297	1.1784985	3.5856845	0.41703713	-0.18714741	0.51084405	0.0003291625	0.4602667	-0.34523186
ATR_109_set19__748	18619.667842409777	18199.201903840683	vCM-LV-Compact I	False	0.37415835	-0.38931298	0.29784542	-1.5782793	0.43798634	-0.47170326	0.36700034	-0.7559765	0.3054596	-1.7937256	0.18147478	-0.36497912	0.1564716	-0.6331315	0.44331804	0.2826515	0.20651749	-3.188707	0.28272212	-0.9755738
ATR_110_set19__101	19113.902790603373	18380.571991304445	vCM-LV-Compact I	False	0.2885872	-1.4901004	0.35648665	-0.9062891	0.41526616	-0.8083825	0.38203457	-0.53890336	0.34261882	-1.264277	1.0127183	2.0892985	0.7923209	1.9915854	0.35103992	-1.366917	0.50429964	-0.06824969	0.44561788	-0.39724004
ATR_110_set19__107	19106.98672925619	18234.37409832388	vCM-LV-Compact I	False	0.3227331	-1.0508475	0.33698562	-1.1297582	0.43278283	-0.5488116	0.43253878	0.19030654	0.3647164	-0.9494284	1.3980505	3.2270062	1.0276228	2.962886	0.35432187	-1.3082488	0.42504123	-0.89879817	0.3634907	-0.68881863
ATR_110_set19__154	19075.01776132243	18308.359505101234	vCM-LV-Compact I	False	0.35015127	-0.69814014	0.38595727	-0.56857497	0.46196786	-0.11633309	0.44564918	0.3796023	0.38230067	-0.698886	1.474915	3.4539514	1.1064883	3.2884345	0.38012594	-0.8469738	0.49821496	-0.13201103	0.43303883	-0.44189984
ATR_110_set19__198	19030.23342037102	18388.257704991232	vCM-LV-Compact II	False	0.39541003	-0.11593133	0.41065928	-0.285506	0.5227783	0.7847864	0.50087315	1.1769589	0.45002007	0.2659869	1.4075288	3.254991	1.1058377	3.2857487	0.43018883	0.04795317	0.55274224	0.43938008	0.38553128	-0.61056733
ATR_110_set19__254	18998.677453412405	18270.753083241427	vCM-LV-Compact II	False	0.33982188	-0.8310175	0.31457883	-1.3865254	0.3825243	-1.2935678	0.36971387	-0.71679693	0.2709105	-2.2859845	0.24382542	-0.1808865	0.21145993	-0.40614563	0.30564666	-2.1783693	0.2546928	-2.6838784	0.20467407	-1.2526702
ATR_110_set19__267	18983.533548888925	18267.712781961654	vCM-LV-Compact I	False	0.36793762	-0.46933645	0.41682157	-0.21489023	0.49565363	0.38283974	0.4654596	0.6656368	0.42255566	-0.12532894	1.4561294	3.3984864	1.1026065	3.2724109	0.42084107	-0.119148	0.5466887	0.3759448	0.45914638	-0.3492094
ATR_110_set19__295	18956.69766256855	18252.676918351746	vCM-LV-Compact I	False	0.18388107	-2.8370404	0.22811735	-2.3773177	0.32027045	-2.2160769	0.3509357	-0.9879274	0.23193169	-2.8413587	1.5699133	3.7344372	0.9081595	2.4697545	0.237091	-3.4038737	0.3233316	-1.9646128	0.25019643	-1.0910507
ATR_110_set19__357	18919.933335766997	18317.942607613848	vCM-LV-Compact II	False	0.32943234	-0.9646685	0.35915598	-0.87570024	0.44902468	-0.30813166	0.4323564	0.18767309	0.38558853	-0.65204036	1.4878815	3.4922357	1.1353537	3.4075875	0.3830642	-0.7944491	0.48922563	-0.2262102	0.41339812	-0.51163083
ATR_110_set19__396	18886.87086923667	18258.70102046852	vCM-LV-Compact I	False	0.314745	-1.1536064	0.3470197	-1.0147741	0.4312314	-0.5718013	0.40961006	-0.14075191	0.3686934	-0.8927637	1.4666983	3.4296913	1.0964781	3.2471132	0.37014017	-1.02548	0.4765489	-0.35904944	0.40022457	-0.5584013
ATR_110_set19__491	19005.27495870368	18196.836398582396	vCM-LV-Compact II	False	0.44647726	0.5409977	0.48312455	0.54489875	0.4924405	0.33522585	0.4623997	0.6214562	0.4271571	-0.05976703	0.22852676	-0.2260564	0.24723911	-0.25845307	0.46895856	0.74100274	0.42824003	-0.86527795	0.6814221	0.4399428
ATR_110_set19__580	19066.362371714866	18271.84175447762	vCM-LV-Compact II	False	0.2603905	-1.852823	0.2909035	-1.6578292	0.3740563	-1.4190508	0.3847455	-0.4997612	0.3299105	-1.4453467	1.416983	3.282905	1.0788393	3.174302	0.30121422	-2.257604	0.26816562	-2.5426967	0.34394515	-0.7582118
ATR_110_set19__630	19142.810156261265	18168.664806526904	vCM-LV-Compact I	False	0.31469417	-1.1542604	0.30487895	-1.4976797	0.39681566	-1.0817913	0.41374293	-0.08107912	0.32536075	-1.5101719	0.74506533	1.299043	0.58309615	1.1279283	0.30594742	-2.172993	0.30126548	-2.1958435	0.1795608	-1.3418306
ATR_110_set19__687	18944.608762255615	18390.212345485656	vCM-LV-Compact I	False	0.31227982	-1.1853186	0.33357617	-1.1688282	0.42703038	-0.63405424	0.4142566	-0.0736624	0.3581283	-1.0432963	1.5547757	3.689743	1.1542736	3.485687	0.36751732	-1.0723661	0.43439245	-0.8008067	0.37689605	-0.6412252
ATR_110_set19__767	19133.029964789675	18168.506580788875	vCM-LV-Compact II	False	0.31500462	-1.1502668	0.39256057	-0.49290544	0.3889829	-1.1978612	0.32969016	-1.2946832	0.31983492	-1.5889044	0.11942852	-0.548173	0.17141573	-0.57144374	0.42574364	-0.031509373	0.32829046	-1.9126489	0.12412957	-1.5386297
ATR_111_set19__125	19015.588465105946	17934.24046273277	BEC	False	0.35762304	-0.60202324	0.28827456	-1.6879551	0.4142792	-0.8230078	0.334899	-1.2194747	0.27297208	-2.2566109	0.08355112	-0.6541024	0.107459754	-0.8354471	0.40773252	-0.35347715	0.21322122	-3.1184587	0.27160084	-1.0150579
ATR_111_set19__16	19148.591410335182	18004.405978290815	Compact vFibro	False	0.5317175	1.6375281	0.47627217	0.46637484	0.5523967	1.2236875	0.4646357	0.65374106	0.5304313	1.4116938	0.17434303	-0.38603586	0.29015797	-0.081288666	0.5248072	1.7393563	0.6003682	0.93845224	0.9053275	1.2348808
ATR_111_set19__230	18914.652840983756	17916.29966949281	vCM-LV-Compact I	False	0.33402053	-0.9056461	0.3510684	-0.9683786	0.4460859	-0.35167995	0.42076054	0.020245358	0.38827357	-0.6137836	1.4122727	3.2689977	1.0663825	3.122882	0.36882934	-1.0489124	0.46023515	-0.5300013	0.37590113	-0.6447575
ATR_111_set19__273	18877.627877088227	17860.368333262544	vCM-RV-Hybrid	False	0.30417338	-1.2895999	0.35577375	-0.91445845	0.42050487	-0.73075265	0.40529472	-0.20305946	0.3689866	-0.88858616	1.3304621	3.027449	1.0050135	2.8695571	0.36679506	-1.0852772	0.49478194	-0.1679856	0.42123416	-0.4838103
ATR_111_set19__382	18883.41098491429	18070.860495648645	vCM-LV-Compact I	False	0.36356482	-0.5255882	0.36119133	-0.85237646	0.4778969	0.11971153	0.46261433	0.6245553	0.43572757	0.062345788	1.2180824	2.6956437	0.93434006	2.577825	0.40602404	-0.384018	0.55483156	0.46127406	0.29516688	-0.93139076
ATR_111_set19__441	19157.37843901207	18010.592645880144	EPDC	False	0.48075685	0.98197037	0.52267957	0.9981734	0.48277768	0.19203748	0.42703408	0.11082644	0.4957732	0.917882	0.11890459	-0.5497199	0.20148079	-0.44733843	0.4516358	0.4313404	0.5034111	-0.07756055	0.76322573	0.73037267
ATR_111_set19__490	19073.50464819328	17965.57264392187	vCM-LV-Compact I	False	0.33635375	-0.8756315	0.3614338	-0.84959793	0.45785683	-0.1772523	0.4299227	0.15253405	0.37863487	-0.75111675	1.4838259	3.4802613	1.1042432	3.2791665	0.38773283	-0.7109925	0.5051091	-0.059767663	0.42112038	-0.48421428
ATR_111_set19__505	19037.055972532376	17963.651556934226	BEC	False	0.41001448	0.07194034	0.45327502	0.20284261	0.47535393	0.08202848	0.40986323	-0.13709648	0.39481494	-0.5205815	0.1347709	-0.5028741	0.17862645	-0.54167867	0.52017146	1.6564873	0.26141688	-2.6134167	0.36086828	-0.6981291
ATR_111_set19__577	18924.04896393935	18057.67569970432	Pericyte	False	0.43089485	0.34054548	0.40678245	-0.329932	0.44786736	-0.32528132	0.40799907	-0.16401242	0.44009107	0.12451748	0.17545424	-0.38275495	0.2240662	-0.35410833	0.44736376	0.3549731	0.37381157	-1.4356334	0.88602287	1.166343
ATR_111_set19__604	19129.6959156855	18068.726038440454	vCM-LV-Compact I	False	0.37734717	-0.348292	0.40131614	-0.39257237	0.4933047	0.34803212	0.47331136	0.77900547	0.41805834	-0.1894072	1.4320122	3.3272793	1.0822252	3.188279	0.41701347	-0.18757041	0.5629883	0.5467483	0.4431373	-0.406047
ATR_111_set19__761	19037.53897225597	18034.799142903124	vCM-LV-Compact I	False	0.26609963	-1.7793807	0.28354135	-1.7421947	0.40471697	-0.9647057	0.38834304	-0.44781792	0.29451153	-1.9497147	1.3246043	3.0101533	0.94944733	2.6401863	0.35113773	-1.3651686	0.43900996	-0.7524198	0.14307612	-1.4713632
ATR_113_set19__42	19183.096702206436	17999.642094682484	EPDC	False	0.49638325	1.1829884	0.49550223	0.6867389	0.51030374	0.59993243	0.4344714	0.21821088	0.5111018	1.1362853	0.12668	-0.5267627	0.23207723	-0.32103968	0.46708822	0.7075686	0.54906565	0.40085307	0.82406527	0.9463731
ATR_114_set19__101	19169.980498905985	18272.280440011295	vCM-LV-Compact I	False	0.38481176	-0.25226754	0.40500325	-0.35032046	0.48971987	0.29491025	0.49456915	1.0859381	0.42254674	-0.1254559	1.2065789	2.6616788	0.9447214	2.620678	0.41430223	-0.23603661	0.5676096	0.5951751	0.3302778	-0.8067354
ATR_114_set19__143	19230.11706067058	18275.979948342672	Epicardial	False	0.37751943	-0.3460761	0.34738398	-1.0105997	0.35739133	-1.666001	0.35628977	-0.91062206	0.3553705	-1.08259	0.10493566	-0.5909637	0.18191808	-0.5280912	0.35286382	-1.3343129	0.38060665	-1.3644278	0.7764574	0.77734953
ATR_114_set19__152	19205.01134478942	18189.209659006086	LEC	False	0.49245638	1.1324731	0.4136807	-0.2508825	0.49131683	0.3185748	0.48484924	0.9455963	0.4459482	0.2079706	0.5919823	0.84705967	0.4153827	0.43562546	0.40944785	-0.32281378	0.34807232	-1.7053549	0.84380585	1.0164586
ATR_114_set19__190	19200.61708954288	18386.492097397604	EPDC	False	0.49226654	1.130031	0.5048653	0.7940334	0.52652174	0.8402591	0.41232318	-0.101578355	0.5476855	1.6575339	0.08190933	-0.6589498	0.23685533	-0.3013162	0.49560365	1.2173119	0.543481	0.34233147	0.84685194	1.0272733
ATR_114_set19__202	19205.044820215713	18326.545907100866	BEC	False	0.37845662	-0.33402002	0.4879167	0.5998137	0.42278454	-0.69697136	0.36358005	-0.80536073	0.36185512	-0.99019635	0.09308941	-0.6259402	0.11230007	-0.81546676	0.4542743	0.47850615	0.25526273	-2.677906	0.4169878	-0.49888626
ATR_114_set19__33	19220.770847204978	18410.221456534327	VSMC	False	0.4402122	0.46040374	0.4753772	0.45611915	0.47351483	0.05477574	0.3609863	-0.8428109	0.43346754	0.03014466	0.23389703	-0.21020046	0.29943183	-0.04300719	0.48007903	0.9397928	0.384633	-1.3222357	1.2433105	2.4348319
ATR_114_set19__38	19221.187415210574	18320.5476531866	EPDC	False	0.45947132	0.7081532	0.47492993	0.4509937	0.48436612	0.21557571	0.40092722	-0.26612005	0.504436	1.0413108	0.07323405	-0.6845639	0.1928561	-0.48294023	0.4548087	0.4880594	0.5331348	0.23391397	0.8023617	0.86931837
ATR_115_set19__111	19110.79305779984	18570.90795918158	vCM-LV-Compact I	False	0.3076009	-1.2455084	0.3098886	-1.4402723	0.4343976	-0.524883	0.4261086	0.09746379	0.35788774	-1.0467238	1.625175	3.8975997	1.1802377	3.5928636	0.3788907	-0.8690551	0.44988155	-0.6384965	0.3887586	-0.5991093
ATR_115_set19__129	19092.40129582894	18510.26310613204	vCM-LV-Compact I	False	0.26357678	-1.8118347	0.2733821	-1.858613	0.3846761	-1.2616814	0.37885842	-0.5847625	0.30701968	-1.7714972	1.531019	3.6196005	1.1233273	3.3579435	0.34308663	-1.5090904	0.4073465	-1.0842212	0.3203489	-0.8419863
ATR_115_set19__154	19074.222361432614	18638.588776609566	vCM-LV-Compact I	False	0.38293388	-0.2764245	0.3684311	-0.76941353	0.4978672	0.41564152	0.4830153	0.9191167	0.40682796	-0.3494188	1.5452515	3.6616225	1.179787	3.5910034	0.41739726	-0.18070967	0.4946471	-0.16939875	0.39106432	-0.5909232
ATR_115_set19__261	18986.137947994073	18456.44603289177	vCM-LV-Compact II	False	0.360403	-0.5662618	0.32302645	-1.2897211	0.4743437	0.06705824	0.4723489	0.7651088	0.4016045	-0.4238431	1.2491975	2.787512	1.0116367	2.8968973	0.41315517	-0.25654155	0.49374563	-0.17884515	0.2691227	-1.0238563
ATR_115_set19__266	18985.6617291245	18546.727918081124	vCM-LV-Compact I	False	0.33090985	-0.94566184	0.33520177	-1.1501999	0.44580877	-0.35578662	0.4285325	0.13246168	0.37573075	-0.7924949	1.4817835	3.474231	1.118935	3.3398128	0.38879097	-0.69207734	0.47354153	-0.3905638	0.3608422	-0.6982217
ATR_115_set19__339	18934.052697457875	18619.77753058392	vCM-LV-Compact II	False	0.4041782	-0.0031375587	0.42734706	-0.09427492	0.5253685	0.8231699	0.5129993	1.3520435	0.44814393	0.23925538	1.4885179	3.4941144	1.1556201	3.491245	0.4344997	0.12501462	0.5445488	0.35352114	0.39755216	-0.5678892
ATR_115_set19__434	18869.78562067195	18627.982668356803	vCM-LV-Compact I	False	0.3311593	-0.94245297	0.3329571	-1.1759225	0.44148046	-0.41992572	0.43480128	0.22297391	0.38447192	-0.6679498	1.3685826	3.140001	1.0506059	3.0577579	0.3696883	-1.0335575	0.45637727	-0.57042795	0.35745594	-0.71024406
ATR_115_set19__464	19142.513712609798	18629.365964438908	vCM-LV-Compact I	False	0.36079603	-0.56120586	0.37653878	-0.6765047	0.4860864	0.24106768	0.46436426	0.6498219	0.40868327	-0.3229841	1.552546	3.6831598	1.179561	3.5900705	0.41139936	-0.28792837	0.5070861	-0.03905041	0.41890743	-0.49207094
ATR_115_set19__516	19029.81386244201	18543.821204442716	vCM-LV-Compact I	False	0.2665157	-1.7740283	0.29979995	-1.5558817	0.36419612	-1.5651641	0.34082323	-1.1339372	0.3007837	-1.8603482	1.4220552	3.297881	1.0679524	3.129362	0.2857728	-2.5336354	0.37959427	-1.3750366	0.30908534	-0.88197565
ATR_115_set19__65	19151.907781444956	18662.310501690878	vCM-LV-Compact I	False	0.3340653	-0.90507025	0.36061433	-0.8589885	0.45259735	-0.25518999	0.43725553	0.25840986	0.38226533	-0.6993896	1.4491698	3.3779376	1.0899787	3.2202845	0.39125293	-0.648067	0.48448536	-0.27588344	0.4480105	-0.38874546
ATR_115_set19__770	19059.414337002534	18465.762550759537	BEC	False	0.2890412	-1.4842603	0.24116181	-2.2278366	0.34781653	-1.8078853	0.27322283	-2.109992	0.23433264	-2.8071496	0.06658261	-0.7042025	0.07269088	-0.9789692	0.37099072	-1.0102754	0.16286075	-3.6461859	0.25779814	-1.0640621
ATR_115_set19__775	19034.312961312637	18595.835051536946	vCM-LV-Compact II	False	0.32549322	-1.0153414	0.34369776	-1.0528414	0.4368246	-0.48891872	0.4245736	0.07530057	0.382659	-0.6937807	1.2509503	2.7926874	1.0215191	2.9376905	0.35703966	-1.2596654	0.50157017	-0.09685185	0.3733794	-0.6537105
ATR_115_set19__800	18909.863660771713	18601.24120479858	vCM-LV-Compact I	False	0.33698052	-0.8675687	0.43928686	0.042547327	0.4392476	-0.4530132	0.42176223	0.0347083	0.40249524	-0.41115183	1.2737056	2.859873	0.99005836	2.8078241	0.36889395	-1.0477574	0.48738435	-0.24550493	0.18442489	-1.3245615
ATR_116_set19__100	19194.326264313495	18461.51724372084	Compact vFibro	False	0.3643379	-0.5156434	0.31282863	-1.4065815	0.39064017	-1.1733029	0.29948756	-1.7307663	0.37878028	-0.749045	0.0591564	-0.7261287	0.18613043	-0.510703	0.34160125	-1.5356431	0.4057179	-1.1012871	0.73057896	0.61446583
ATR_116_set19__152	19268.4245740263	18448.08580785889	EPDC	False	0.46387452	0.764796	0.42096394	-0.16742133	0.44959277	-0.29971337	0.38497186	-0.496493	0.44472113	0.19048703	0.11182335	-0.57062757	0.21003018	-0.41204748	0.44043687	0.23114759	0.5101817	-0.0066113565	0.83614975	0.989277
ATR_116_set19__183	19200.888473087936	18574.566315394026	vCM-LV-Compact I	False	0.43575087	0.40301335	0.4647713	0.33458242	0.5535557	1.2408624	0.547321	1.847601	0.4813602	0.7125241	1.2633474	2.8292902	1.0056279	2.8720934	0.45788324	0.5430198	0.64559686	1.4124031	0.31016248	-0.8781514
ATR_116_set19__63	19220.70156848571	18660.255902825935	Epicardial	False	0.42898172	0.315935	0.4338042	-0.020280195	0.46619532	-0.05368846	0.3677027	-0.74583554	0.46816736	0.52455133	0.07810365	-0.6701862	0.18462485	-0.51691794	0.4447703	0.30861232	0.51128376	0.0049368124	0.80328375	0.87259185
ATR_118_set19__171	19032.681540750316	18837.73056325247	vCM-LV-Compact I	False	0.36499336	-0.50721145	0.3469176	-1.0159441	0.47149783	0.024886943	0.47551104	0.81076574	0.38712284	-0.6301793	1.4293016	3.319276	1.0516574	3.0620985	0.385474	-0.7513716	0.55444264	0.45719856	0.400267	-0.5582506
ATR_118_set19__190	19016.543653278924	18825.340745335725	vCM-LV-Compact I	False	0.30861917	-1.2324091	0.32983774	-1.2116683	0.4247526	-0.6678077	0.40027446	-0.27554497	0.3636338	-0.96485335	1.434844	3.3356404	1.0641265	3.1135693	0.3649591	-1.1180972	0.45034885	-0.6335997	0.40586755	-0.53836685
ATR_118_set19__197	19006.931849421104	18887.79267285374	vCM-RV-Compact	False	0.40436864	-0.00068777864	0.35216638	-0.9557965	0.4876629	0.26442924	0.5014138	1.1847656	0.39740187	-0.48372263	1.1433253	2.4749205	0.83829427	2.1813583	0.38702542	-0.72363836	0.56228167	0.53934366	0.39640802	-0.57195127
ATR_118_set19__273	18950.202209640323	18972.843287594256	vCM-LV-Compact II	False	0.36490843	-0.50830406	0.38173264	-0.61698645	0.47644368	0.09817697	0.4805556	0.88360196	0.4233841	-0.113525175	1.3839173	3.1852775	1.0701815	3.1385636	0.4092734	-0.3259325	0.52681434	0.16768174	0.41615212	-0.5018532
ATR_118_set19__28	19164.88037302345	18866.27601766635	LEC	False	0.42999366	0.32895255	0.43664378	0.012259371	0.42789528	-0.6212378	0.36110845	-0.8410471	0.36473355	-0.9491842	0.16399266	-0.41659573	0.2517298	-0.23991606	0.47594696	0.8659279	0.43830252	-0.75983316	0.9463276	1.3804448
ATR_118_set19__327	18909.662768794384	18971.982674535517	vCM-LV-Compact I	False	0.37608993	-0.36446515	0.40667132	-0.33120552	0.4883839	0.27511305	0.4785955	0.8553009	0.43006486	-0.018337071	1.3852878	3.1893237	1.0608717	3.100134	0.41434938	-0.2351938	0.54372835	0.34492356	0.38736704	-0.60404974
ATR_118_set19__363	18882.094307832296	18858.823321236872	vCM-LV-Compact I	False	0.4022151	-0.028390994	0.41327584	-0.255522	0.43622723	-0.49777067	0.45258147	0.47969484	0.3498462	-1.1613004	0.434796	0.38296127	0.43013218	0.49650964	0.42497778	-0.045199927	0.525505	0.15396123	0.12912996	-1.5208766
ATR_118_set19__407	19109.849629872064	18890.094810606835	vCM-LV-Compact II	False	0.41191286	0.09636108	0.4412845	0.06543909	0.5382115	1.0134841	0.5049441	1.2357376	0.4611851	0.42506728	1.5222865	3.5938177	1.1580228	3.501163	0.45060423	0.41289985	0.58965665	0.82620597	0.49369928	-0.2265352
ATR_118_set19__420	19049.505409567675	18818.18974907367	BEC	False	0.40599835	0.020276817	0.42021027	-0.1760579	0.44661188	-0.3438857	0.36854517	-0.73367125	0.38049266	-0.7246468	0.117261395	-0.5545715	0.16737443	-0.58812577	0.48114073	0.95877194	0.31846556	-2.015604	0.47963318	-0.2764745
ATR_118_set19__542	19125.20540074631	18782.42764408109	vCM-LV-Compact I	False	0.32558873	-1.0141127	0.37216496	-0.7266258	0.45365876	-0.23946148	0.4178394	-0.021931719	0.37611055	-0.78708345	1.4658879	3.4272985	1.093059	3.2329993	0.38831598	-0.70056826	0.5050245	-0.060653966	0.4271193	-0.46291608
ATR_118_set19__687	18998.67755467422	18914.243783050406	Pericyte	False	0.35970527	-0.57523745	0.44850838	0.14821997	0.43989724	-0.44338664	0.33485296	-1.2201395	0.36274683	-0.9774911	0.3505457	0.13420911	0.31144297	0.006573491	0.49601927	1.2247416	0.30494142	-2.1573234	0.3952967	-0.57589686
ATR_118_set19__707	18956.227425806966	19007.364991403934	vCM-LV-Compact I	False	0.35078847	-0.68994313	0.36245528	-0.8378925	0.47033423	0.0076441024	0.4627977	0.6272029	0.39820257	-0.47231418	1.4835535	3.479457	1.1353754	3.407677	0.40164173	-0.46235645	0.5117105	0.009408926	0.40502828	-0.5413465
ATR_118_set19__83	19113.16033273551	18834.297062192894	vCM-LV-Compact I	False	0.3124895	-1.1826211	0.34970263	-0.98402953	0.39335117	-1.1331298	0.38173634	-0.5432094	0.3240007	-1.5295501	0.5772242	0.8034858	0.47515547	0.6823609	0.42323464	-0.07636035	0.32552928	-1.9415834	0.17928702	-1.3428025
ATR_119_set19__103	18811.97763674458	18852.528426220597	Pericyte	False	0.34241796	-0.79762155	0.38756073	-0.5502004	0.42141274	-0.71729934	0.3585444	-0.87806827	0.3742213	-0.8140018	0.18700498	-0.34865096	0.20736772	-0.42303786	0.46715662	0.7087912	0.35906148	-1.5901996	0.19273329	-1.2950639
ATR_119_set19__217	18728.842570370565	18853.889558240615	vCM-LV-Compact II	False	0.355048	-0.6351486	0.37692833	-0.67204076	0.46285245	-0.103224754	0.46831834	0.70691323	0.40822363	-0.3295331	1.2551842	2.805188	1.0299724	2.972585	0.428399	0.01595793	0.5269761	0.1693769	0.34801605	-0.74375874
ATR_119_set19__263	18694.371856166887	18973.21013938275	vCM-LV-Compact I	False	0.26242685	-1.8266273	0.2739731	-1.8518405	0.3721964	-1.4466119	0.3606193	-0.84810966	0.32060298	-1.577961	1.3899755	3.2031646	1.0501511	3.0558805	0.35411146	-1.3120099	0.3864267	-1.3034397	0.3164967	-0.8556629
ATR_119_set19__265	18691.12974957162	18844.997534605798	vCM-LV-Compact I	False	0.35580674	-0.6253882	0.37380803	-0.7077974	0.46009865	-0.14403187	0.4373989	0.26048005	0.38552058	-0.65300846	1.4862511	3.4874218	1.1499084	3.4676678	0.385529	-0.75038815	0.505671	-0.053878963	0.33909833	-0.7754196
ATR_119_set19__288	18672.930563999413	18917.080357501287	vCM-LV-Compact I	False	0.30358785	-1.297132	0.30351037	-1.5133628	0.4130964	-0.84053504	0.4132123	-0.08874068	0.3398674	-1.3034794	1.5001483	3.5284536	1.1262028	3.3698137	0.35525167	-1.2916275	0.42889428	-0.85842204	0.33474207	-0.7908858
ATR_119_set19__306	18664.651950513966	18990.545097716193	vCM-LV-Compact I	False	0.36939356	-0.45060733	0.36277303	-0.8342512	0.48335174	0.20054409	0.45063812	0.4516356	0.42614293	-0.07421707	1.2560029	2.8076053	0.9866719	2.7938452	0.4140143	-0.24118349	0.46198842	-0.51162875	0.3830678	-0.61931354
ATR_119_set19__467	18847.459753418472	18984.269773772055	vCM-LV-Compact II	False	0.32825017	-0.979876	0.36039767	-0.86147135	0.44931078	-0.30389205	0.42980656	0.15085717	0.37762868	-0.765453	1.468335	3.4345238	1.1049734	3.282181	0.38876137	-0.69260633	0.49166113	-0.20068856	0.35823998	-0.70746046
ATR_119_set19__480	18839.06287348248	19013.546842019987	vCM-LV-Compact I	False	0.36829147	-0.4647846	0.4032258	-0.37068877	0.4293113	-0.60025436	0.41944584	0.0012629414	0.35331836	-1.1118289	0.98608863	2.0106733	0.7961223	2.0072773	0.40317875	-0.4348805	0.5286432	0.18684624	0.18991393	-1.3050735
ATR_119_set19__50	18853.340883704914	18865.615588139655	vCM-LV-Compact I	False	0.3160243	-1.1371496	0.28045598	-1.777551	0.37440813	-1.4138374	0.39746228	-0.31614888	0.30436277	-1.8093531	0.6330129	0.968204	0.46378067	0.635407	0.3233416	-1.8620535	0.32496876	-1.9474571	0.26772243	-1.0288277
ATR_119_set19__520	18770.98899403659	18915.158971317294	Compact vFibro	False	0.46589363	0.7907698	0.4618009	0.3005436	0.4766055	0.100575	0.41776013	-0.023076328	0.49273112	0.87453824	0.1473399	-0.46576363	0.22011563	-0.37041584	0.45118698	0.4233172	0.6031531	0.9676353	0.7970106	0.8503201
ATR_119_set19__534	18739.290398877245	19005.223590358433	vCM-LV-Compact I	False	0.32315442	-1.0454277	0.27608022	-1.8276943	0.38949138	-1.1903262	0.37540433	-0.63463473	0.25768536	-2.4744177	0.31797734	0.03804979	0.2659403	-0.18125656	0.34770292	-1.4265693	0.23027925	-2.9397078	0.2094599	-1.2356788
ATR_119_set19__562	18691.34096178958	18824.99936692313	vCM-LV-Compact I	False	0.3797927	-0.31683284	0.39987084	-0.4091345	0.49430826	0.36290342	0.45372868	0.49625894	0.4233518	-0.113985464	1.2932913	2.9177008	1.0099332	2.8898654	0.41717327	-0.18471381	0.4941108	-0.17501856	0.48546758	-0.25576046
ATR_119_set19__614	18638.01263422863	18990.898262356477	vCM-LV-Compact I	False	0.37308246	-0.40315327	0.4118902	-0.27140042	0.49802205	0.4179362	0.47234693	0.76508045	0.42291206	-0.12025083	1.5193812	3.5852394	1.1460261	3.451642	0.42428073	-0.057660367	0.52248496	0.122314155	0.46221045	-0.33833095
ATR_119_set19__618	18631.04781101244	18766.49023831537	Compact vFibro	False	0.38284674	-0.2775455	0.39690036	-0.44317436	0.40421417	-0.97215635	0.32798827	-1.3192561	0.41517124	-0.2305429	0.103152454	-0.5962287	0.19072297	-0.49174556	0.38991058	-0.67206305	0.47959596	-0.32711944	0.8436352	1.0158528
ATR_119_set19__676	18786.927518228542	19028.77300991721	vCM-LV-Compact I	False	0.38075817	-0.30441296	0.3810458	-0.62485737	0.42783096	-0.62219083	0.36419114	-0.79653734	0.40272364	-0.4078975	0.41149372	0.31416038	0.35785297	0.1981489	0.4395321	0.2149739	0.36302447	-1.5486714	0.61925274	0.21922101
ATR_119_set19__750	18711.434324785056	18820.67780629238	vCM-LV-Compact II	False	0.3286743	-0.97442013	0.31998262	-1.3246015	0.43099263	-0.5753396	0.4745423	0.7967783	0.37880024	-0.74876046	1.1904746	2.6141305	0.9323591	2.5696478	0.39044088	-0.66258335	0.43815637	-0.7613647	0.22137094	-1.1933907
ATR_119_set19__77	18831.51227224789	18783.95631802727	vCM-LV-Compact I	False	0.43577775	0.40335914	0.3933578	-0.48376957	0.47107095	0.018561095	0.4269704	0.10990688	0.4694463	0.5427737	0.3328169	0.08186415	0.35623252	0.1914599	0.43618968	0.15522462	0.49513268	-0.16431017	0.7654791	0.7383728
ATR_119_set19__792	18861.57089394286	18750.4751399159	vCM-LV-Compact I	False	0.2785791	-1.6188449	0.30154273	-1.5359106	0.37964526	-1.336231	0.3832376	-0.52153325	0.33980072	-1.3044298	1.2137511	2.6828551	0.9001563	2.4367182	0.33777726	-1.604001	0.465053	-0.4795151	0.3300959	-0.8073813
ATR_119_set19__809	18811.37201187558	18944.997840476026	vCM-LV-Compact I	False	0.29387513	-1.4220766	0.3224416	-1.2964231	0.4084217	-0.9098072	0.40394327	-0.22257245	0.36042315	-1.0105993	1.4394745	3.3493118	1.0691082	3.1341336	0.3306491	-1.7314242	0.4333009	-0.81224495	0.32394275	-0.8292269
ATR_120_set19__106	18811.834876272333	19101.674135854628	BEC	False	0.34507912	-0.7633883	0.40504563	-0.34983483	0.4019788	-1.0052814	0.36863783	-0.7323334	0.29306227	-1.9703639	0.11274599	-0.5679034	0.16672643	-0.5908007	0.43457922	0.126436	0.28936303	-2.3205693	0.3624819	-0.6924003
ATR_120_set19__175	18755.708145329358	19113.627944816024	Pericyte	False	0.434882	0.391836	0.45248085	0.1937419	0.45059568	-0.2848518	0.37026313	-0.7088664	0.42797223	-0.048153073	0.24508578	-0.17716527	0.26762074	-0.17431991	0.45590466	0.5076507	0.4222459	-0.9280905	0.8850998	1.1630659
ATR_120_set19__177	18755.87959534824	19124.99588542495	vCM-LV-Compact I	False	0.4142682	0.12666014	0.44203502	0.07403947	0.5328744	0.934396	0.511583	1.3315938	0.46197513	0.4363237	1.4425939	3.3585222	1.1256065	3.3673522	0.4515222	0.42930955	0.57549715	0.6778286	0.42261404	-0.47891128
ATR_120_set19__191	18751.506223860262	19224.541381227795	vCM-LV-Compact I	False	0.33766255	-0.8587951	0.35564867	-0.9158918	0.4457344	-0.35688847	0.44110623	0.31400853	0.37143114	-0.8537562	1.2120581	2.6778564	0.91936	2.5159888	0.3681962	-1.0602306	0.40843987	-1.0727637	0.40141925	-0.55415976
ATR_120_set19__244	18705.016603472934	19067.516179796356	vCM-LV-Compact II	False	0.35273573	-0.6648937	0.27443308	-1.8465695	0.39512384	-1.1068616	0.34934628	-1.0108763	0.27785406	-2.187052	0.11693856	-0.5555247	0.09590441	-0.8831463	0.39199907	-0.63472915	0.17694236	-3.498625	0.2728069	-1.010776
ATR_120_set19__256	18687.297955038543	19104.41273338445	Compact vFibro	False	0.52535814	1.5557215	0.49064752	0.6311071	0.5587693	1.3181195	0.477532	0.8399455	0.53936744	1.5390172	0.2950758	-0.029567845	0.3496223	0.16417365	0.51509327	1.5657092	0.5959871	0.8925425	0.898571	1.210893
ATR_120_set19__312	18650.828304031173	19225.524870151243	vCM-LV-Compact I	False	0.34445027	-0.7714779	0.41960984	-0.18293841	0.45786622	-0.17711318	0.4499421	0.4415863	0.4014461	-0.42609996	1.2218703	2.7068274	0.90863025	2.4716978	0.36468533	-1.122991	0.5520526	0.4321535	0.38368538	-0.61712086
ATR_120_set19__366	18610.357009837004	19041.600434005446	vCM-LV-Compact I	False	0.3054943	-1.2726074	0.32890707	-1.2223331	0.42321336	-0.6906168	0.40367427	-0.22645636	0.36639753	-0.9254756	1.4195044	3.2903495	1.0718753	3.1455557	0.36449647	-1.126367	0.46809977	-0.4475879	0.38443977	-0.6144425
ATR_120_set19__381	18598.92454012426	19053.421985842328	vCM-LV-Compact I	False	0.38743657	-0.21850197	0.42119738	-0.16474624	0.5153304	0.6744197	0.49381328	1.0750244	0.4358287	0.063786544	1.4142036	3.2746987	1.0897356	3.219281	0.4277214	0.003845374	0.5574218	0.48841718	0.43895903	-0.42088115
ATR_120_set19__396	18586.567860612296	19055.217860591623	vCM-LV-Compact II	False	0.4136716	0.1189857	0.4194498	-0.18477236	0.54733306	1.1486517	0.5595458	2.0241098	0.45482558	0.33445624	1.1971811	2.6339316	1.0107623	2.893288	0.40032008	-0.4859822	0.5797448	0.72233987	0.26838496	-1.0264754
ATR_120_set19__413	18577.63380887806	19113.723777135318	vCM-LV-Compact II	False	0.3706302	-0.4346991	0.36996758	-0.7518064	0.4919298	0.32765815	0.47811553	0.84837085	0.43148404	0.0018836432	1.2351111	2.7459214	0.98524743	2.787965	0.40651157	-0.37530276	0.50478715	-0.06314111	0.34022012	-0.77143687
ATR_120_set19__473	18663.76040121924	19308.3963797349	Compact vFibro	False	0.4195498	0.19460262	0.44678602	0.12848279	0.43977654	-0.44517523	0.37645254	-0.6195001	0.4688046	0.53363067	0.25426638	-0.1500592	0.2800388	-0.123059504	0.45164317	0.43147197	0.4984377	-0.12967691	0.8505414	1.0403721
ATR_120_set19__543	18695.07378440268	19139.3880345018	vCM-LV-Compact I	False	0.26895452	-1.7426554	0.25637114	-2.0535476	0.38295335	-1.2872101	0.36864457	-0.7322362	0.28937995	-2.0228298	1.4564723	3.3994985	1.1319768	3.3936481	0.32600287	-1.8144807	0.32162982	-1.9824457	0.16983758	-1.3763511
ATR_120_set19__566	18833.494393239234	19087.577830779403	Pericyte	False	0.3567245	-0.6135821	0.31817836	-1.3452772	0.38277578	-1.2898413	0.29727805	-1.7626686	0.33894566	-1.3166127	0.04736593	-0.7609405	0.12791869	-0.7509948	0.3999732	-0.49218285	0.30876055	-2.1173027	0.98285973	1.5101458
ATR_120_set19__730	18736.525960749328	19174.904393155753	vCM-LV-Compact I	False	0.37481505	-0.38086528	0.3906035	-0.51533204	0.48672298	0.2505008	0.48077342	0.88674706	0.41383165	-0.24962944	1.3321143	3.0323272	1.0221668	2.9403644	0.40579793	-0.38805994	0.5090569	-0.018398121	0.42446598	-0.47233626
ATR_120_set19__917	18649.45825327008	19309.571834485352	vCM-LV-Compact I	False	0.47691253	0.932517	0.50833386	0.833781	0.54874617	1.1695919	0.46864	0.7115575	0.5195119	1.2561132	1.0217767	2.1160436	0.91744334	2.5080771	0.5107067	1.4872952	0.6607807	1.5715147	0.29006997	-0.9494865
ATR_120_set19__923	18601.907627372784	19312.721690006387	EPDC	False	0.4002921	-0.053128406	0.41300562	-0.25861853	0.40889627	-0.90277475	0.3308184	-1.2783927	0.44281173	0.16328163	0.08046937	-0.66320133	0.15304096	-0.6472928	0.42991176	0.043000214	0.4417082	-0.724145	0.88440996	1.1606166
ATR_121_set19__11	18570.99418115626	19086.556889466538	Trabecular vFibro	False	0.42893374	0.31531775	0.38479528	-0.58189064	0.439384	-0.4509919	0.31527686	-1.5027909	0.45025814	0.2693788	0.09997221	-0.6056185	0.17580836	-0.55331147	0.35528758	-1.2909856	0.5178704	0.0739585	0.7674692	0.74543846
ATR_121_set19__163	18451.010614928415	19122.372091477442	vCM-LV-Compact I	False	0.4344729	0.38657337	0.4785028	0.49193656	0.53746676	1.002448	0.5143989	1.3722514	0.46043935	0.41444185	1.448011	3.3745165	1.108683	3.2974937	0.44574913	0.3261099	0.6385447	1.3385034	0.5571361	-0.0013135015
ATR_121_set19__209	18419.74202659462	19232.11582085523	Epicardial	False	0.45936146	0.7067401	0.41153333	-0.27549005	0.46492717	-0.07248052	0.3682058	-0.7385716	0.4802192	0.6962669	0.15625668	-0.4394365	0.23743276	-0.2989326	0.4742239	0.8351265	0.52695656	0.16917203	0.89920735	1.2131523
ATR_121_set19__226	18396.58822738751	19035.48403783738	vCM-LV-Compact I	False	0.3603345	-0.56714326	0.32448396	-1.2730191	0.42113972	-0.7213451	0.47955233	0.86911625	0.33855024	-1.3222467	0.7568734	1.3339069	0.59329367	1.1700226	0.39266855	-0.6227615	0.41259477	-1.0292245	0.22470444	-1.1815556
ATR_121_set19__363	18294.357985222523	19107.476943224956	VIC	True	0.35986316	-0.57320637	0.38197085	-0.61425674	0.38294002	-1.2874075	0.29895288	-1.7384864	0.40547392	-0.36871126	0.15280037	-0.44964138	0.19160607	-0.4881002	0.41750336	-0.1788131	0.4246568	-0.9028265	0.8628333	1.0840125
ATR_121_set19__390	18278.252840569054	19212.133038379216	EPDC	False	0.5378512	1.7164325	0.53872216	1.182011	0.54159313	1.0635946	0.44688496	0.3974453	0.569425	1.9672801	0.17324722	-0.3892713	0.26041412	-0.20406805	0.5294538	1.8224192	0.6604094	1.5676235	0.79787034	0.85337245
ATR_121_set19__429	18540.100904783525	19203.414028451527	vCM-LV-Compact I	False	0.30810937	-1.2389672	0.3370251	-1.1293057	0.42354506	-0.6857015	0.39770114	-0.31269997	0.361871	-0.98997	1.3579483	3.1086028	1.0131342	2.9030788	0.36238796	-1.1640589	0.43410537	-0.8038151	0.38670516	-0.60639966
ATR_121_set19__468	18386.133949799703	19296.603294020195	EPDC	False	0.49798986	1.2036558	0.51566076	0.9177425	0.50975317	0.5917738	0.4192615	-0.0013989174	0.55755144	1.7981048	0.14754416	-0.46516052	0.24561647	-0.26515117	0.51794887	1.6167561	0.6286822	1.2351544	0.6920563	0.47769767
ATR_121_set19__488	18349.10602784775	19152.11172883045	EPDC	False	0.51673615	1.4448081	0.51862663	0.9517294	0.5243316	0.8078049	0.41762662	-0.025004087	0.54193836	1.575648	0.20003165	-0.31018925	0.25301278	-0.23462	0.47083348	0.77451897	0.65653706	1.5270454	0.7624418	0.7275895
ATR_121_set19__489	18337.915410746013	19173.001891061427	EPDC	False	0.4781607	0.9485736	0.4483228	0.14609337	0.47458842	0.07068487	0.4294027	0.14502612	0.49949238	0.9708733	0.08155461	-0.65999717	0.21015914	-0.41151518	0.47518766	0.8523545	0.5233352	0.13122402	0.8072827	0.8867894
ATR_121_set19__559	18336.119738519406	19101.92192324121	VIC	True	0.44798243	0.56036013	0.41456455	-0.2407542	0.441896	-0.41376814	0.37685946	-0.6136247	0.43086717	-0.006905701	0.14950114	-0.45938244	0.18780822	-0.5037773	0.48071587	0.9511771	0.6392873	1.3462852	0.8597114	1.0729287
ATR_121_set19__754	18482.47680546058	19200.46926078849	vCM-LV-Compact I	False	0.42396367	0.2513827	0.42997506	-0.06415977	0.5532988	1.2370546	0.54217505	1.7733005	0.48197547	0.7212905	1.4048539	3.2470934	1.1392056	3.4234877	0.46178117	0.6126995	0.57170314	0.6380712	0.36773193	-0.6737609
ATR_121_set19__808	18365.256610379685	19305.632130163813	EPDC	False	0.50078213	1.2395756	0.49238187	0.65098155	0.49862555	0.4268791	0.40602374	-0.19253337	0.5352232	1.4799695	0.1195311	-0.54787016	0.21637733	-0.38584715	0.4745391	0.8407609	0.56691545	0.58790106	0.82675534	0.95592374
ATR_121_set19__854	18411.26353983426	19254.43420506338	EPDC	False	0.3993768	-0.064902686	0.37468138	-0.6977893	0.4010622	-1.018864	0.31367484	-1.525922	0.42803457	-0.04726475	0.08900341	-0.63800424	0.16817817	-0.58480805	0.3857842	-0.74582624	0.45963755	-0.53626347	0.79441553	0.8411067
ATR_122_set19__368	18311.33386715732	18753.5104911263	Compact vFibro	False	0.41791698	0.17359816	0.40997434	-0.29335505	0.44249278	-0.40492457	0.37461242	-0.64606875	0.44657356	0.21688055	0.14211625	-0.48118663	0.20594785	-0.42889893	0.4268555	-0.011633615	0.4921144	-0.19593881	0.86710167	1.0991665
ATR_122_set19__394	18300.805844895287	18899.303547883	vCM-LV-Compact I	False	0.4318156	0.35238993	0.47363046	0.4361026	0.51177716	0.6217664	0.44705248	0.39986402	0.44177163	0.14846216	1.0171359	2.1023414	0.7638417	1.8740263	0.4618938	0.6147127	0.38648137	-1.3028667	0.8364668	0.9904026
ATR_122_set19__514	18484.518750299765	19012.268156753427	vCM-LV-Compact I	False	0.42409304	0.25304693	0.45879987	0.26615372	0.5514684	1.2099309	0.5400752	1.7429813	0.46140906	0.42825833	1.4672074	3.4311945	1.1303656	3.3869972	0.44823432	0.3705352	0.61326176	1.0735638	0.43303788	-0.4419032
ATR_122_set19__551	18403.746227120755	18766.22718035679	vCM-LV-Compact II	False	0.4087838	0.05610878	0.46250018	0.3085569	0.42999297	-0.59015304	0.39415908	-0.36384243	0.37752998	-0.76685935	0.4067697	0.30021253	0.33573166	0.10683454	0.40438914	-0.41324347	0.48510635	-0.26937607	0.57287526	0.05456565
ATR_122_set19__592	18286.728387279865	18883.76138910928	VIC	True	0.43136293	0.3465668	0.46710986	0.3613808	0.4505914	-0.2849154	0.36676893	-0.7593178	0.4655608	0.48741263	0.12152724	-0.54197645	0.20097347	-0.44943264	0.43001497	0.04484512	0.5158872	0.05317629	0.76354516	0.7315067
ATR_122_set19__632	18364.645638132304	18733.944537769316	vCM-LV-Compact I	False	0.4123932	0.10254035	0.4374247	0.021208093	0.5254366	0.8241786	0.5036463	1.2169995	0.4686285	0.53112155	1.269149	2.8464193	1.0216914	2.938402	0.4264404	-0.01905426	0.5719871	0.64104676	0.4443988	-0.40156823
ATR_122_set19__647	18279.50670322973	18932.762021100258	vCM-RV-AV	False	0.33120337	-0.94188595	0.4294064	-0.07067622	0.39645755	-1.0870979	0.364217	-0.79616386	0.4337746	0.034519587	0.17418434	-0.3865044	0.19790599	-0.46209484	0.4571116	0.5292259	0.46935895	-0.434393	0.73192376	0.6192403
ATR_122_set19__657	18544.389667318886	18745.958071079378	vCM-LV-Compact I	False	0.26293844	-1.8200462	0.24663062	-2.1651676	0.3523832	-1.740214	0.34723833	-1.0413122	0.31588933	-1.6451216	1.2046729	2.6560516	0.91353226	2.4919326	0.31827766	-1.9525769	0.46282172	-0.50289655	0.35317844	-0.72543055
ATR_122_set19__676	18300.107791513663	18763.869426556368	vCM-LV-AV	False	0.41101992	0.08487433	0.45906004	0.26913515	0.554676	1.257463	0.5221745	1.4845202	0.45776877	0.37639105	1.366968	3.1352339	1.0970582	3.2495077	0.46824026	0.72816247	0.5893095	0.8225683	0.40329516	-0.54749966
ATR_122_set19__691	18278.176424662466	18861.30237717544	VEC	True	0.48302087	1.0110947	0.48861358	0.60779935	0.4927782	0.34023035	0.44215283	0.32911995	0.5036895	1.0306747	0.34944674	0.13096438	0.34709048	0.15372254	0.4531492	0.45839384	0.57914966	0.7161033	0.80746526	0.8874376
ATR_122_set19__727	18404.62760796633	18778.363435884403	vCM-LV-Compact I	False	0.38435125	-0.25819147	0.39808127	-0.4296418	0.49097165	0.31345987	0.48772952	0.9871834	0.42126167	-0.14376579	1.4482356	3.3751795	1.1136736	3.3180943	0.41601112	-0.20548831	0.52411145	0.13935815	0.43288186	-0.4424571
ATR_122_set19__775	18511.5790702217	18935.14678940509	Compact vFibro	False	0.31100166	-1.2017609	0.3207571	-1.3157265	0.33039314	-2.066074	0.3021886	-1.691767	0.3448592	-1.2323557	0.3230435	0.053007808	0.30708948	-0.011397257	0.36049744	-1.1978538	0.4260386	-0.8883468	0.86885715	1.105399
ATR_122_set19__782	18499.9110718105	18955.336890879935	vCM-LV-Compact I	False	0.40909085	0.060058713	0.41914958	-0.18821277	0.46645644	-0.049818933	0.42718688	0.11303261	0.39048406	-0.5822882	0.6110822	0.9034528	0.48809284	0.735765	0.412524	-0.26782408	0.44225657	-0.7183987	0.49904686	-0.20754953
ATR_122_set19__795	18448.508138346497	18983.433952241376	vCM-LV-Compact I	False	0.34972796	-0.7035856	0.3628021	-0.8339183	0.41907933	-0.7518769	0.3989771	-0.29427695	0.2887101	-2.0323741	0.26850745	-0.1080119	0.22415964	-0.3537226	0.36398825	-1.1354519	0.2812459	-2.4056287	0.36103925	-0.6975221
ATR_122_set19__878	18358.49421676978	18990.60792339379	vCM-LV-Compact I	False	0.47354192	0.8891574	0.48027867	0.5122868	0.5910918	1.797091	0.5996773	2.6035526	0.4937354	0.88884735	1.2719245	2.8546143	1.04205	3.02244	0.48861948	1.0924624	0.5822094	0.7481663	0.4273541	-0.4620825
ATR_122_set19__887	18289.071438030995	18923.928947453576	VIC	True	0.44755617	0.5548767	0.6084135	1.9806286	0.46082106	-0.13332686	0.34672883	-1.0486686	0.57383764	2.030152	0.22857396	-0.22591701	0.24790029	-0.25572377	0.4314618	0.07070896	0.7493807	2.4999535	0.9145753	1.2677135
ATR_122_set19__922	18358.66899862681	18972.43049742458	vCM-LV/RV-Purkinje	False	0.3044058	-1.2866099	0.21595907	-2.5166435	0.35000533	-1.7754505	0.33653334	-1.1958773	0.19705808	-3.3382413	0.39107698	0.25387922	0.3303024	0.08442311	0.361416	-1.1814334	0.17506815	-3.5182648	0.30484262	-0.8970387
ATR_123_set19__146	18145.808923596072	18830.95753094816	VIC	True	0.31628472	-1.1337996	0.24819376	-2.147255	0.37616435	-1.3878129	0.30350557	-1.6727519	0.24972045	-2.5879023	0.05966591	-0.72462434	0.061957173	-1.0232768	0.40303332	-0.4374803	0.15396772	-3.7393758	0.26158836	-1.0506055
ATR_123_set19__157	18138.900879544275	18984.766014688546	VIC	True	0.5646837	2.0616052	0.59526235	1.8299247	0.55109614	1.204415	0.4902029	1.0228956	0.5502824	1.6945349	0.07701626	-0.67339677	0.24498479	-0.26775867	0.46322072	0.6384328	0.59432447	0.87512	0.93434894	1.3379165
ATR_123_set19__197	18111.06463378652	18934.501913213724	Trabecular vFibro	False	0.44917566	0.5757098	0.51364475	0.8946403	0.44105676	-0.42620432	0.37912175	-0.58096033	0.4178377	-0.19255072	0.07537034	-0.6782564	0.14461249	-0.6820846	0.42548302	-0.036168255	0.43384808	-0.80651116	0.7027284	0.5155871
ATR_123_set19__240	18059.826512579413	18773.391865721518	VIC	True	0.42999366	0.32895255	0.4131334	-0.2571541	0.45039043	-0.28789327	0.35688555	-0.90201986	0.4767522	0.6468688	0.098345265	-0.6104221	0.17415722	-0.5601272	0.4112243	-0.29105774	0.5249904	0.14856845	0.78969145	0.8243347
ATR_123_set19__258	18042.759449138142	19025.084430329713	aFibro	False	0.460758	0.7247051	0.5353228	1.1430564	0.45738766	-0.1842048	0.40596166	-0.1934297	0.47438186	0.6130961	0.08210525	-0.6583713	0.17696817	-0.5485239	0.42244077	-0.09055169	0.35550955	-1.6274202	0.8681004	1.1027124
ATR_123_set19__320	17945.66806361814	18816.378464416615	VEC	True	0.46907622	0.83171064	0.5148647	0.90861994	0.45817986	-0.1724655	0.45574427	0.52536124	0.4148575	-0.23501293	0.095906064	-0.6176239	0.13308173	-0.7296823	0.41515988	-0.2207052	0.56402135	0.5575738	0.5740508	0.058739144
ATR_123_set19__374	18141.018517555913	19034.97059578303	Trabecular vFibro	False	0.54342145	1.7880878	0.5850662	1.7130835	0.55597126	1.276657	0.46208754	0.61694926	0.58567834	2.1988597	0.15319708	-0.44847006	0.23207851	-0.3210344	0.4688102	0.73835075	0.6160756	1.1030498	0.7337043	0.6255619
ATR_123_set19__389	18075.59433673235	18796.088382845293	VIC	True	0.5135546	1.4038804	0.57082224	1.549857	0.54065335	1.0496683	0.4870285	0.9770618	0.548203	1.6649071	0.14875537	-0.4615844	0.19654016	-0.46773282	0.48416263	1.0127915	0.6814051	1.7876377	0.75088054	0.68654317
ATR_123_set19__43	18234.882066955885	18797.169758081534	Trabecular vFibro	False	0.46134922	0.73231053	0.43564984	0.00086949766	0.4892688	0.28822625	0.41551563	-0.055483792	0.48392272	0.74903524	0.45614284	0.4459886	0.45355165	0.5931827	0.4773514	0.8910336	0.5563609	0.47729996	0.7823511	0.7982739
ATR_123_set19__452	18088.856617425554	18864.422838803122	VIC	True	0.5545462	1.9311965	0.5665455	1.5008483	0.5466164	1.1380315	0.43677253	0.25143594	0.59042805	2.266534	0.17308961	-0.38973665	0.28530625	-0.10131608	0.5146911	1.5585203	0.66339034	1.5988609	0.87023914	1.1103055
ATR_123_set19__454	18071.386535578597	18820.031963824673	VIC	True	0.5067045	1.3157611	0.4893432	0.61616033	0.51998156	0.74334335	0.38405547	-0.50972444	0.5395744	1.5419658	0.14655834	-0.4680712	0.24872789	-0.25230756	0.5024733	1.340114	0.6026064	0.9619065	0.8466862	1.0266848
ATR_123_set19__455	18064.738916341077	18827.11153092246	VIC	True	0.55564874	1.9453799	0.6543697	2.5072565	0.5980454	1.9001329	0.5819297	2.3473015	0.5782768	2.093402	0.23913823	-0.19472562	0.26087034	-0.20218486	0.5501422	2.1922464	0.6737447	1.707364	1.0456381	1.7330297
ATR_123_set19__488	18136.95872471056	18828.72500906229	VIC	True	0.4751503	0.9098475	0.46528178	0.34043223	0.48045662	0.15764278	0.35924816	-0.8679071	0.51599026	1.2059368	0.09524293	-0.6195819	0.21547659	-0.38956532	0.46528175	0.67527604	0.56017685	0.51728725	0.8092502	0.8937746
ATR_123_set19__503	18169.34107554469	19009.396780939423	VIC	True	0.5170424	1.4487478	0.52870023	1.0671663	0.5136783	0.64993864	0.4183247	-0.014924654	0.508323	1.096693	0.23837079	-0.19699152	0.282184	-0.11420435	0.46195433	0.6157948	0.69483125	1.9283301	0.96422195	1.4439756
ATR_123_set19__548	18217.516879545256	18978.245669930504	vCM-LV-AV	False	0.38834447	-0.20682277	0.47909862	0.49876413	0.51733	0.704051	0.50860906	1.2886546	0.45903075	0.39437187	0.9946759	2.0360274	0.7986717	2.0178008	0.3521878	-1.3463972	0.5654841	0.572902	0.43073326	-0.45008534
ATR_123_set19__595	18051.606382910864	18803.449188231167	VIC	True	0.5016218	1.2503769	0.5269495	1.0471044	0.5143877	0.66045105	0.40801448	-0.16378994	0.5313781	1.4251841	0.15058357	-0.45618656	0.2471168	-0.25895795	0.46179593	0.6129632	0.60098773	0.9449443	0.84268034	1.0124627
ATR_123_set19__615	18194.676814466977	18847.503600644068	VIC	True	0.38069823	-0.30518392	0.35262308	-0.95056313	0.379384	-1.3401023	0.32289535	-1.3927907	0.41570196	-0.22298115	0.058300283	-0.7286564	0.17100362	-0.57314485	0.31347314	-2.0384629	0.46153292	-0.5164019	0.76232356	0.72716963
ATR_123_set19__632	18189.959344117255	18901.961945725718	VIC	True	0.5842938	2.3138697	0.50963926	0.84874004	0.56734824	1.4452468	0.49742004	1.127101	0.49913123	0.9657276	0.13229479	-0.5101849	0.19507536	-0.47377935	0.47091743	0.77601975	0.6284079	1.23228	1.049499	1.7467374
ATR_123_set19__83	18193.809368014114	18784.857643051186	VIC	True	0.46927	0.83420336	0.45812106	0.25837502	0.46644592	-0.04997483	0.34278142	-1.1056637	0.46735156	0.5129276	0.14558718	-0.4709386	0.1851644	-0.5146907	0.38976914	-0.6745915	0.5665052	0.58360195	0.7690137	0.75092185
ATR_123_set19__94	18187.423964146765	18841.027780235007	VIC	True	0.40144205	-0.038335416	0.4331488	-0.027790798	0.4179019	-0.76932466	0.33663148	-1.1944603	0.45171928	0.2901974	0.11304894	-0.567009	0.16373721	-0.6031399	0.3963348	-0.5572234	0.5326142	0.22845812	0.79720116	0.8509966
ATR_124_set19__142	18164.484615365494	19044.361054711255	aCM-RA	False	0.36317098	-0.53065455	0.3186126	-1.3403009	0.4233651	-0.68836844	0.3448983	-1.0750988	0.27282548	-2.2586997	0.088979974	-0.63807344	0.09930526	-0.86910796	0.40977314	-0.31699884	0.18814142	-3.3812702	0.30531487	-0.8953621
ATR_124_set19__238	18238.90405548008	19224.602319034948	EPDC	False	0.4284547	0.30915534	0.4606249	0.2870674	0.43658248	-0.4925065	0.30914173	-1.5913737	0.44307876	0.16708629	0.24541824	-0.17618367	0.2645756	-0.18688993	0.41901362	-0.15181556	0.43731904	-0.77013904	0.89488316	1.1977999
ATR_124_set19__295	18206.09303127649	19129.484044917655	vCM-LV-AV	False	0.5448297	1.806204	0.6185502	2.0967882	0.5442853	1.1034884	0.49747613	1.1279107	0.5313656	1.4250058	0.24063183	-0.1903157	0.2376007	-0.29823938	0.45996636	0.5802578	0.46554923	-0.47431502	0.7240392	0.5912475
ATR_124_set19__312	18165.08168822391	19104.590564694925	aCM-RA	False	0.43067402	0.33770466	0.41124904	-0.27874777	0.5561426	1.2791964	0.59674674	2.561239	0.44961402	0.26020136	1.1513461	2.4986022	1.0071584	2.8784113	0.4260232	-0.026512198	0.5773127	0.6968538	0.51680344	-0.14450781
ATR_124_set19__335	18090.61229192571	19284.171043886323	aFibro	False	0.38759118	-0.21651301	0.39036784	-0.5180328	0.38970196	-1.1872057	0.28841698	-1.8906099	0.4208853	-0.1491284	0.050448366	-0.7518395	0.122065745	-0.7751551	0.39580974	-0.5666093	0.48551345	-0.26511008	0.8061428	0.8827424
ATR_124_set19__336	18089.94050959993	19262.648484427347	aCM-RA	False	0.35785717	-0.5990115	0.42674634	-0.10115885	0.52867675	0.87219304	0.5439588	1.7990551	0.4083041	-0.3283866	1.3254789	3.0127358	1.0549517	3.0756967	0.40081748	-0.47709066	0.4644385	-0.48595437	0.5712621	0.04883847
ATR_124_set19__342	18082.478037717472	19308.702773193116	aEndocardial	False	0.54019165	1.7465398	0.60517263	1.9434901	0.56326056	1.3846734	0.4926751	1.0585905	0.5045098	1.0423621	0.2209178	-0.2485221	0.29625502	-0.056120712	0.5575253	2.3242261	0.47560915	-0.36889714	0.8083885	0.8907153
ATR_124_set19__347	18002.567537396237	19333.681423720132	aEndocardial	False	0.5037972	1.2783611	0.5162335	0.92430574	0.5031519	0.4939528	0.4400106	0.29818928	0.45190832	0.29289082	0.10005334	-0.6053789	0.14162691	-0.6944088	0.46904987	0.7426351	0.50296086	-0.08227875	0.68626386	0.4571326
ATR_124_set19__463	18261.081425776127	19251.12157122807	aCM-LA	False	0.40454075	0.0015262244	0.48463002	0.56215036	0.5341353	0.95308036	0.4664942	0.68057525	0.4506763	0.27533674	1.331675	3.0310302	1.0303296	2.9740593	0.43448904	0.12482389	0.6136081	1.0771933	0.520744	-0.13051744
ATR_124_set19__62	18232.27255601984	19213.904542695294	aFibro	False	0.47966817	0.9679656	0.44410568	0.09776794	0.49513635	0.37517443	0.37264395	-0.67449075	0.40158814	-0.4240762	0.22599791	-0.2335229	0.32346493	0.05619883	0.5098777	1.4724752	0.24994533	-2.733627	0.64575493	0.31331253
ATR_124_set19__80	18226.738699326343	19213.02006388838	EPDC	False	0.49316454	1.141583	0.5508083	1.3205105	0.5207499	0.7547294	0.43635994	0.2454788	0.52784264	1.3748107	0.15707017	-0.4370346	0.21129301	-0.40683466	0.42816022	0.011689554	0.5489423	0.39956078	0.7729647	0.76494926
ATR_124_set19__93	18212.83093333603	19144.00497510394	aCM-RA	False	0.39447373	-0.1279759	0.49930456	0.7303111	0.5058828	0.5344208	0.4850336	0.9482581	0.42080608	-0.15025707	1.3658892	3.1320486	1.0494238	3.0528781	0.44050843	0.23242672	0.44356528	-0.70468473	0.37922037	-0.63297313
ATR_124_set19__94	18210.694211867936	19170.515182828916	ncCM-AVC-like	True	0.40099555	-0.04407917	0.48017555	0.5111051	0.5415371	1.0627643	0.5084965	1.2870297	0.4398295	0.12079053	1.1057655	2.3640237	0.946683	2.6287754	0.4543637	0.4801044	0.5805648	0.7309325	0.5140197	-0.15439092
ATR_125_set19__107	18184.838412469886	19581.604635003972	aCM-LA	False	0.42152578	0.22002168	0.5300671	1.0828296	0.5579129	1.3054289	0.51544744	1.3873912	0.45251036	0.3014687	1.3079854	2.9610856	1.0551095	3.076348	0.44892558	0.38289228	0.59197867	0.8505384	0.5077302	-0.17672087
ATR_125_set19__143	18156.226845339086	19519.316556200127	aCM-LA	False	0.39909858	-0.06848189	0.47102013	0.40618995	0.5428706	1.0825244	0.50116676	1.1811984	0.4303624	-0.0140976	1.6098646	3.852395	1.2892843	4.0429964	0.433042	0.09895632	0.523311	0.13097045	0.51658607	-0.14527957
ATR_125_set19__293	18017.612678045978	19458.142956486838	WBC	False	0.31244212	-1.1832308	0.28709882	-1.7014283	0.38184735	-1.3035992	0.32066736	-1.4249598	0.26043615	-2.435224	0.07476122	-0.6800549	0.06194381	-1.0233319	0.38960868	-0.6774598	0.15863758	-3.6904404	0.225187	-1.1798425
ATR_125_set19__298	18017.833429035272	19643.643587323277	aFibro	False	0.40117276	-0.041799612	0.3896461	-0.52630323	0.41158822	-0.862884	0.3362994	-1.1992551	0.4195416	-0.16827354	0.116946734	-0.55550057	0.18082573	-0.53260034	0.41878113	-0.15597153	0.4136836	-1.0178148	0.76347846	0.7312699
ATR_125_set19__303	18007.860451123186	19367.38976711949	aCM-LA	False	0.43759182	0.42669532	0.51996577	0.96707505	0.5718167	1.5114625	0.52187586	1.4802086	0.48182803	0.71918994	1.2501813	2.7904167	1.046213	3.0396245	0.48110443	0.9581231	0.5883844	0.81287396	0.6501748	0.32900453
ATR_125_set19__403	17956.21232985131	19482.063575816504	aFibro	False	0.3756685	-0.3698865	0.3624812	-0.83759534	0.38328564	-1.2822859	0.2902947	-1.8634982	0.40140775	-0.42664647	0.15418214	-0.44556165	0.21025997	-0.41109893	0.3861098	-0.74000597	0.44009995	-0.74099785	0.8997334	1.2150201
ATR_125_set19__452	18201.210820200897	19610.537267114247	aFibro	False	0.47044286	0.8492912	0.4665703	0.35519764	0.47226733	0.036289725	0.38900393	-0.43827552	0.483112	0.7374841	0.13261372	-0.5092432	0.21309394	-0.39940065	0.47130096	0.78287566	0.5273312	0.17309763	0.83006126	0.96766084
ATR_125_set19__454	18198.330782867808	19522.986955633045	aCM-LA	False	0.41247654	0.103612274	0.34964138	-0.9847314	0.45302284	-0.2488849	0.4044065	-0.21588424	0.36411005	-0.95806783	0.6963095	1.1550896	0.64320177	1.3760377	0.41064194	-0.30146816	0.4783839	-0.3398206	0.646897	0.31736732
ATR_125_set19__466	18160.86003510141	19397.244428382066	aFibro	False	0.55563587	1.9452143	0.64155334	2.3603895	0.5718981	1.512669	0.44240886	0.3328167	0.59005284	2.261188	0.21523088	-0.26531297	0.31562018	0.02381657	0.48973277	1.1123637	0.6818768	1.7925801	1.0485113	1.7432305
ATR_125_set19__48	18236.4363755085	19381.115884948023	aCM-LA	False	0.3848411	-0.2518899	0.46141115	0.29607728	0.47702292	0.10676041	0.4510804	0.45802173	0.4140608	-0.24636447	1.0256804	2.1275694	0.87374264	2.3276854	0.40026817	-0.48691025	0.5405862	0.3119967	0.5526479	-0.017248198
ATR_125_set19__486	18111.494432927604	19453.716630132963	aEndocardial	False	0.49296024	1.1389549	0.61551005	2.0619502	0.5238224	0.80025923	0.4388797	0.28186056	0.46170226	0.4324358	0.12854396	-0.5212593	0.21159802	-0.4055756	0.47708085	0.8861973	0.50285506	-0.08338741	0.6101968	0.18706954
ATR_125_set19__489	18095.887660366105	19646.490460271812	ncCM-IFT-like	False	0.33820072	-0.8518721	0.47946474	0.50295967	0.42017668	-0.7356158	0.44072172	0.30845675	0.37033337	-0.8693973	0.85629886	1.6274642	0.74374634	1.7910749	0.3583677	-1.235925	0.51944304	0.09043786	0.39310116	-0.5836918
ATR_125_set19__575	18204.807765674464	19432.228988754257	aCM-LA	False	0.37044972	-0.4370208	0.4205792	-0.1718303	0.4994296	0.4387942	0.46989653	0.72969997	0.4035905	-0.39554638	1.4314104	3.3255026	1.1765689	3.5777192	0.41529223	-0.21833926	0.50386286	-0.07282673	0.5298446	-0.09820747
ATR_125_set19__768	18062.235597350973	19618.094525096418	ncCM-IFT-like	False	0.34225702	-0.79969174	0.39907888	-0.41820994	0.45451787	-0.22673073	0.45399052	0.5000396	0.38250208	-0.6960164	1.1280998	2.4299667	0.9689812	2.72082	0.37675723	-0.90719295	0.47767836	-0.34721395	0.45758364	-0.35475767
ATR_125_set19__820	18201.235480085186	19625.96853633838	EPDC	False	0.47148618	0.86271244	0.5483929	1.2928313	0.5103288	0.6003043	0.35232997	-0.9677961	0.57782847	2.0870137	0.064005576	-0.7118113	0.15250935	-0.64948726	0.46097997	0.5983771	0.63900805	1.343359	0.62167704	0.22782807
ATR_126_set19__263	18411.157183842945	19629.792257867375	aCM-LA	False	0.3360288	-0.87981147	0.35215312	-0.9559485	0.4477607	-0.3268619	0.4232326	0.05593819	0.3553715	-1.0825756	1.2667795	2.8394237	1.0063525	2.8750846	0.35906938	-1.223382	0.45365462	-0.5989586	0.4449376	-0.3996553
ATR_126_set19__290	18391.16346773327	19472.48347459385	EPDC	False	0.5200129	1.4869605	0.5160112	0.921758	0.5260023	0.8325615	0.38028142	-0.5642164	0.5770503	2.0759268	0.08640579	-0.6456739	0.17485966	-0.5572276	0.5246897	1.7372551	0.69276774	1.9067065	0.8475844	1.0298738
ATR_126_set19__339	18363.990270793256	19353.92166745845	EPDC	False	0.50426394	1.2843655	0.5330795	1.1173499	0.51607776	0.6854948	0.44194305	0.32609102	0.5691261	1.963022	0.110140614	-0.57559586	0.22087996	-0.36726078	0.47584996	0.8641938	0.67333114	1.7030305	0.8268327	0.9561984
ATR_126_set19__352	18358.045185718103	19367.557994338404	EPDC	False	0.3773412	-0.34836867	0.38050812	-0.63101864	0.3630497	-1.5821526	0.27939224	-2.0209146	0.36933145	-0.88367283	0.06470681	-0.70974094	0.23189764	-0.321781	0.4035329	-0.42854986	0.35264856	-1.6574006	0.4708256	-0.3077443
ATR_126_set19__397	18332.208874016418	19477.177122944737	EPDC	False	0.51015055	1.360091	0.4794003	0.5022213	0.51870865	0.7244806	0.4295299	0.14686266	0.5260868	1.3497934	0.08481599	-0.6503678	0.18187644	-0.5282631	0.48218903	0.9775114	0.5843136	0.77021587	0.81659794	0.9198616
ATR_126_set19__413	18316.600194546347	19480.162486937108	EPDC	False	0.4533399	0.6292787	0.4546331	0.21840511	0.44141424	-0.42090702	0.3516197	-0.9780515	0.4683666	0.52738994	0.082197376	-0.65809935	0.16337784	-0.6046233	0.43666393	0.16370223	0.5107692	-0.00045533103	0.8993739	1.2137436
ATR_126_set19__43	18550.25681646131	19591.630779171654	aCM-LA	False	0.28459692	-1.5414314	0.4625935	0.3096262	0.41930696	-0.74850374	0.33912754	-1.1584206	0.36361676	-0.96509624	0.8516563	1.6137569	0.67059845	1.4891282	0.35756826	-1.250216	0.5270086	0.1697173	0.27002674	-1.0206466
ATR_126_set19__453	18294.33835727369	19572.270200313305	EPDC	False	0.63645005	2.9848082	0.5775127	1.6265252	0.56561774	1.4196033	0.4662114	0.6764921	0.6517055	3.1396213	0.11973286	-0.5472744	0.16385432	-0.6026564	0.5318552	1.8653469	0.7815374	2.8369234	0.75475174	0.70028716
ATR_126_set19__554	18485.952486422517	19383.056570957975	EPDC	False	0.38073412	-0.30472234	0.40482137	-0.35240474	0.3841875	-1.2689219	0.30393493	-1.6665525	0.42414525	-0.102680214	0.06734343	-0.70195615	0.17287928	-0.5654024	0.32188663	-1.8880627	0.4466084	-0.67279595	0.73936415	0.64565617
ATR_126_set19__571	18433.26332717575	19515.904735007873	aFibro	False	0.44693118	0.5468369	0.50675815	0.8157244	0.45318347	-0.24650453	0.39213648	-0.39304587	0.50047165	0.9848261	0.10357709	-0.59497494	0.1994342	-0.45578653	0.45637733	0.51610005	0.5956661	0.88917905	0.7084126	0.5357679
ATR_126_set19__641	18301.62419912924	19354.475267019847	aCM-LA	False	0.20699583	-2.5396922	0.14806879	-3.294622	0.27451274	-2.8941379	0.27692807	-2.0564938	0.18858056	-3.45903	0.8276214	1.5427929	0.7341968	1.7516553	0.23393412	-3.4603064	0.16948794	-3.5767395	0.28566462	-0.96512693
ATR_126_set19__803	18533.751660191097	19561.762715671313	ncCM-IFT-like	False	0.46346387	0.75951344	0.54890394	1.2986877	0.5806787	1.6427842	0.5178677	1.4223362	0.48857966	0.8153878	1.256364	2.8086715	1.041841	3.0215774	0.47036314	0.76611114	0.62695575	1.217063	0.5526712	-0.017165456
ATR_126_set19__808	18524.7314920184	19556.61637064407	aFibro	False	0.53256804	1.6484696	0.58701396	1.7354037	0.5337703	0.9476722	0.43903422	0.28409168	0.5744425	2.0387702	0.13014825	-0.5165226	0.24562505	-0.26511574	0.5105084	1.4837502	0.6363953	1.3159797	0.59455043	0.13151966
ATR_126_set19__822	18463.73032920846	19596.53685132586	aCM-RA	False	0.39314485	-0.14507069	0.45669478	0.24203078	0.5263353	0.8374962	0.48659343	0.9707798	0.4318558	0.007180434	1.2216009	2.706032	0.9927453	2.8189154	0.4208874	-0.11831957	0.5558413	0.47185537	0.49487844	-0.22234881
ATR_126_set19__84	18529.50508072984	19509.233455629354	EPDC	False	0.4027099	-0.022025784	0.44444448	0.10165029	0.412537	-0.8488244	0.34193715	-1.1178538	0.4372481	0.08401065	0.11756515	-0.55367464	0.17827334	-0.5431363	0.4507117	0.41482094	0.51886004	0.08432868	0.81715024	0.9218224
ATR_126_set19__895	18516.935522691565	19599.474428831658	aCM-RA	False	0.3116494	-1.1934282	0.4522117	0.19065768	0.437983	-0.47175273	0.38615632	-0.47939104	0.37812516	-0.7583791	0.9809535	1.9955117	0.8649939	2.2915714	0.39597708	-0.56361794	0.5008795	-0.104089044	0.39875782	-0.56360877
ATR_126_set19__915	18509.117145146713	19551.030826920272	aFibro	False	0.41692743	0.1608685	0.43013477	-0.062329594	0.44631922	-0.34822246	0.3831173	-0.52327037	0.44612017	0.2104207	0.17437394	-0.3859446	0.2121194	-0.40342343	0.44098607	0.24096507	0.5232884	0.13073371	0.79650927	0.8485402
ATR_127_set19__105	18427.473138829857	19731.917598759563	aCM-RA	False	0.1978182	-2.657753	0.14603087	-3.317975	0.25262788	-3.2184389	0.2014415	-3.1464138	0.18233055	-3.5480807	0.70415	1.178239	0.5782526	1.1079347	0.20785686	-3.9264648	0.1122877	-4.176141	0.27293813	-1.0103102
ATR_127_set19__117	18417.459643032053	19650.98382595676	aCM-LA	False	0.32452083	-1.0278503	0.37604958	-0.68211067	0.40316784	-0.9876614	0.3755851	-0.63202447	0.38895196	-0.6041178	0.9268775	1.8358502	0.7689246	1.895008	0.34342697	-1.5030065	0.42502216	-0.898998	0.41307986	-0.51276076
ATR_127_set19__121	18419.942318725727	19740.74250302322	ncCM-IFT-like	False	0.34171903	-0.8066125	0.38154963	-0.6190837	0.408891	-0.9028529	0.34567878	-1.06383	0.27783152	-2.187373	0.24547775	-0.17600794	0.2057255	-0.42981672	0.3967522	-0.5497617	0.30212772	-2.186808	0.23391244	-1.1488643
ATR_127_set19__161	18376.734674651583	19681.09404965193	aCM-LA	False	0.3259525	-1.0094332	0.32497492	-1.2673929	0.43560603	-0.50697595	0.40787312	-0.16583088	0.34259742	-1.2645819	1.1849527	2.597827	0.92851704	2.5537882	0.3500606	-1.3844231	0.4388725	-0.7538605	0.50373733	-0.19089682
ATR_127_set19__179	18360.65345640568	19681.7697547835	aCM-LA	False	0.50627023	1.3101746	0.4796502	0.50508493	0.49836543	0.4230246	0.42183235	0.035720803	0.52706295	1.3637016	0.120464765	-0.54511344	0.24411723	-0.27133986	0.4387717	0.20138083	0.574615	0.6685846	0.9823794	1.5084404
ATR_127_set19__224	18316.26539015775	19747.442118113457	aCM-RA	False	0.31386298	-1.1649528	0.3935413	-0.48166686	0.38504755	-1.2561771	0.36571	-0.77460736	0.29924935	-1.8822097	0.30756116	0.0072956313	0.28888804	-0.08653083	0.40454853	-0.41039434	0.30383566	-2.1689107	0.18249556	-1.3314111
ATR_127_set19__326	18464.009731594124	19908.62641959584	ncCM-IFT-like	False	0.32742605	-0.9904775	0.24705547	-2.160299	0.39822266	-1.0609417	0.34772155	-1.0343353	0.3057158	-1.7900751	0.11796141	-0.5525047	0.072714806	-0.97887045	0.36156252	-1.1788144	0.20743679	-3.1790738	0.36533165	-0.6822827
ATR_127_set19__342	18419.697517529996	19712.95360078639	ncCM-IFT-like	False	0.40929422	0.06267488	0.58320457	1.6917504	0.5216741	0.7684242	0.4832744	0.92285776	0.45158565	0.28829336	1.207138	2.6633296	0.979807	2.7655077	0.3778409	-0.88782114	0.5402796	0.3087844	0.71761155	0.56842726
ATR_127_set19__356	18389.86947547602	19759.167320958783	ncCM-IFT-like	False	0.45006272	0.587121	0.41654873	-0.2180168	0.5612376	1.3546958	0.5852151	2.3947382	0.4933186	0.8829085	1.2689028	2.8456926	1.0255371	2.9542766	0.49963164	1.2893164	0.6282687	1.2308216	0.31290844	-0.86840236
ATR_127_set19__382	18309.21697829214	19785.254008767286	aCM-LA	False	0.35628432	-0.6192446	0.40387714	-0.36322495	0.40385297	-0.9775089	0.34576392	-1.0626006	0.35508835	-1.08661	0.25126708	-0.15891474	0.2140998	-0.39524856	0.34421477	-1.4889238	0.42945343	-0.85256267	0.71370447	0.55455583
ATR_127_set19__522	18369.73395895148	19786.92325848828	aCM-RA	False	0.41528377	0.1397245	0.48558044	0.5730416	0.50148094	0.46919173	0.46481934	0.6563926	0.43512464	0.053755168	0.52042097	0.63577217	0.5512224	0.99635684	0.38581955	-0.74519444	0.5575361	0.48961514	0.4579593	-0.35342395
ATR_128_set19__116	18703.88582521659	19448.775249073038	EPDC	False	0.42321306	0.24172696	0.39283136	-0.48980245	0.4148955	-0.813875	0.37643513	-0.6197514	0.44025588	0.12686567	0.15460196	-0.4443221	0.19312945	-0.48181188	0.40296695	-0.43866673	0.42714992	-0.8767012	0.8528643	1.0486193
ATR_128_set19__145	18678.891395794584	19537.371844681507	EPDC	False	0.35591936	-0.6239394	0.36496013	-0.8091885	0.364789	-1.5563784	0.29535782	-1.790394	0.40678623	-0.35001326	0.067958444	-0.7001403	0.1627949	-0.6070296	0.33514363	-1.65108	0.4134887	-1.0198572	0.7583463	0.7130491
ATR_128_set19__184	18651.592006044106	19459.987115203705	Epicardial	False	0.45503643	0.65110284	0.4717627	0.41469917	0.46737424	-0.03621862	0.3630265	-0.8133532	0.4975599	0.9433392	0.12821768	-0.5222227	0.22009741	-0.3704911	0.44841674	0.37379616	0.49692905	-0.14548607	0.724191	0.5917865
ATR_128_set19__186	18647.255036835326	19574.802847836556	aFibro	False	0.51989174	1.4854016	0.48897094	0.6118945	0.5154521	0.6762233	0.42986685	0.15172768	0.5434599	1.5973269	0.109959826	-0.5761297	0.21045883	-0.41027808	0.47548255	0.8576261	0.5593557	0.5086822	0.8829172	1.155317
ATR_128_set19__249	18600.237446724757	19416.270114484407	EPDC	False	0.43041545	0.33437848	0.4151184	-0.23440748	0.4180589	-0.7669982	0.3540891	-0.9423965	0.4701352	0.5525894	0.09177741	-0.6298139	0.19570173	-0.47119376	0.39166987	-0.64061385	0.4507465	-0.6294327	0.78520274	0.8083983
ATR_128_set19__277	18574.69214623246	19420.885340411824	VSMC	False	0.47914562	0.96124345	0.4760756	0.4641222	0.47792605	0.12014344	0.39357352	-0.37229705	0.48582768	0.77617735	0.13359016	-0.50636023	0.24048747	-0.2863231	0.46543303	0.6779803	0.44736135	-0.6649057	0.95106685	1.3972706
ATR_128_set19__463	18744.820899328908	19485.509556369776	EPDC	False	0.44699273	0.5476286	0.43384182	-0.019849204	0.4452939	-0.36341617	0.35527995	-0.9252024	0.46986032	0.5486727	0.107906	-0.5821937	0.19569637	-0.4712159	0.4324639	0.08862261	0.50162226	-0.096305944	0.8848547	1.1621956
ATR_128_set19__50	18786.421006095676	19336.249857697763	EPDC	False	0.43592963	0.40531284	0.42656583	-0.10322741	0.4553773	-0.21399513	0.3582363	-0.88251674	0.4693016	0.5407122	0.130277	-0.5161425	0.22859292	-0.33542255	0.44638747	0.3375208	0.51326895	0.025739633	0.90637505	1.2386
ATR_128_set19__554	18728.001984693314	19508.172642391623	EPDC	False	0.4328958	0.3662858	0.43035093	-0.059852585	0.42421892	-0.67571586	0.3304711	-1.2834074	0.48078167	0.7042813	0.08237148	-0.6575853	0.20799169	-0.42046216	0.43308827	0.09978368	0.4486905	-0.65097755	0.9107015	1.2539604
ATR_128_set19__72	18765.379156699935	19439.13142012565	Epicardial	False	0.47275162	0.878991	0.44863692	0.14969294	0.46972644	-0.0013624158	0.3504554	-0.9948622	0.49687448	0.93357325	0.08641252	-0.64565396	0.17666033	-0.5497946	0.44875786	0.379894	0.5266308	0.16575861	0.8425336	1.0119417
ATR_129_set19__10	18908.582867317367	19337.28143458957	LEC	False	0.41193038	0.0965865	0.4057664	-0.3415753	0.36239728	-1.5918202	0.3221796	-1.4031253	0.397901	-0.476611	0.04749353	-0.7605638	0.13239142	-0.73253185	0.36609074	-1.0978676	0.29551387	-2.2561147	0.77360666	0.76722836
ATR_130_set19__376	19031.31933047073	19221.08822728933	LEC	False	0.43570894	0.40247393	0.40877774	-0.30706722	0.4846037	0.21909635	0.36431578	-0.7947378	0.41130754	-0.28559318	0.15496275	-0.44325686	0.22885953	-0.33432198	0.5158078	1.5784824	0.33333796	-1.8597561	0.8671265	1.0992547
ATR_130_set19__424	18939.675906614393	19224.83660651761	Proliferating vFibro	False	0.35474297	-0.6390725	0.3109608	-1.4279857	0.37234086	-1.4444712	0.29629427	-1.7768729	0.34939182	-1.1677747	0.09311881	-0.62585336	0.16234808	-0.608874	0.372183	-0.9889623	0.4757002	-0.36794308	0.6413681	0.2977378
ATR_130_set19__486	19021.63890279452	19154.966572593043	Epicardial	False	0.4310528	0.3425774	0.44668025	0.12727076	0.4799368	0.14993994	0.36958662	-0.7186343	0.48602483	0.7789863	0.17448947	-0.3856035	0.2570136	-0.2181051	0.4374664	0.17804754	0.4362779	-0.7810492	0.85646963	1.0614192
ATR_130_set19__509	18994.700861211313	19106.629111637503	vCM-LV-Compact I	False	0.3203715	-1.0812271	0.3313478	-1.194364	0.3741598	-1.4175171	0.34037453	-1.1404158	0.28359908	-2.1051962	0.45128497	0.43164557	0.3613695	0.21266474	0.35159704	-1.3569579	0.2431756	-2.804567	0.19292103	-1.2943972
ATR_130_set19__75	19019.216827493117	19076.387308901147	vCM-LV-Compact I	False	0.3967189	-0.099094175	0.43058643	-0.057153933	0.5178689	0.7120365	0.48802847	0.9914998	0.44959968	0.25999713	1.4199128	3.2915554	1.0928738	3.2322352	0.43616125	0.15471637	0.578205	0.70620406	0.4241367	-0.47350535
ATR_134_set19__125	18696.48422341248	19782.758346850238	aCM-LA	False	0.43103537	0.3423531	0.50372446	0.7809602	0.5535924	1.2414055	0.486531	0.9698783	0.4776709	0.6599588	1.164183	2.5365036	0.90454185	2.4548213	0.45817563	0.54824656	0.5885272	0.81437045	0.5318059	-0.091244236
ATR_134_set19__129	18679.912883604033	19807.60674258096	aCM-LA	False	0.3663427	-0.48985365	0.41544068	-0.23071434	0.48899624	0.28418714	0.45414993	0.5023413	0.39192683	-0.56173164	1.1570672	2.5154939	0.9218349	2.526205	0.4097784	-0.31690508	0.5663333	0.58180064	0.4356491	-0.43263254
ATR_134_set19__156	18647.320298678147	19680.215010991018	aFibro	False	0.45896122	0.7015913	0.5915832	1.7877641	0.45346776	-0.24229187	0.33711588	-1.1874661	0.46678033	0.50478876	0.10168722	-0.6005548	0.22362675	-0.35592234	0.42526832	-0.04000617	0.42256284	-0.9247692	0.8727132	1.1190894
ATR_134_set19__180	18661.39365268303	19805.163300962762	aFibro	False	0.51484764	1.4205143	0.5424508	1.2247387	0.51723856	0.70269614	0.3760983	-0.62461466	0.57030636	1.9798381	0.15520132	-0.44255248	0.27690175	-0.13600892	0.5023972	1.3387533	0.6203456	1.1477952	0.86949146	1.107651
ATR_135_set19__167	18725.512398562765	20222.832014395077	aCM-RA	False	0.41245794	0.10337305	0.46588382	0.3473312	0.53865695	1.0200847	0.49504998	1.0928806	0.44149417	0.1445089	1.4314017	3.325477	1.1793604	3.5892422	0.46804342	0.72464365	0.541614	0.32276723	0.59266675	0.12483195
ATR_135_set19__176	18732.85145534797	20152.611903251567	aCM-LA	False	0.33698174	-0.867553	0.380304	-0.63335764	0.43073884	-0.5791005	0.39977893	-0.28269964	0.37969202	-0.73605436	0.99100375	2.0251853	0.7720538	1.9079249	0.37183812	-0.9951272	0.52683336	0.16788098	0.4297744	-0.45348963
ATR_135_set19__205	18650.7700606778	20126.769258292337	aEndocardial	False	0.4918716	1.1249505	0.5800919	1.6560812	0.52157986	0.7670278	0.44544435	0.37664485	0.46498948	0.47927254	0.12165193	-0.5416083	0.19449347	-0.47618133	0.46828982	0.72904843	0.47449285	-0.3805949	0.73236203	0.6207963
ATR_135_set19__332	18600.49720227278	20234.627948658373	aCM-RA	False	0.2668982	-1.7691077	0.3741078	-0.7043621	0.3594165	-1.6359907	0.3831402	-0.5229395	0.28838724	-2.0369742	0.8364719	1.5689244	0.6001217	1.1982079	0.32059678	-1.91112	0.45763752	-0.55722183	0.24573861	-1.1068773
ATR_135_set19__61	18685.882332823334	20196.7500289848	aEndocardial	False	0.4909666	1.1133084	0.5821413	1.6795659	0.50398964	0.5063669	0.40326357	-0.23238638	0.49646875	0.9277924	0.1197247	-0.54729855	0.15535913	-0.6377236	0.41060546	-0.30212027	0.4954443	-0.16104478	0.71507484	0.55942106
ATR_135_set19__75	18665.601102269087	20073.45715150985	aCM-RA	False	0.411729	0.093996026	0.41491318	-0.23675916	0.500684	0.45738265	0.46012732	0.5886464	0.40753013	-0.33941415	1.0279025	2.1341302	0.87097317	2.3162534	0.40925902	-0.32618928	0.51613635	0.05578711	0.44592327	-0.39615583
ATR_137_set19__104	18743.600467501878	20283.29908092866	aCM-RA	False	0.36652416	-0.48751926	0.45981163	0.2777478	0.4802725	0.15491441	0.41378918	-0.080411285	0.4127633	-0.26485145	0.98405236	2.004661	0.8056739	2.046705	0.4173304	-0.18190463	0.58694535	0.7977943	0.40608555	-0.5375929
ATR_137_set19__106	18742.300488218745	20308.00403560536	aCM-RA	False	0.42668164	0.2863467	0.50219786	0.7634664	0.5504061	1.1941895	0.48394865	0.9325929	0.46236086	0.44181964	1.1616267	2.528956	0.97001815	2.7251003	0.45838594	0.5520062	0.5988946	0.92301035	0.5629941	0.019484347
ATR_137_set19__146	18703.596969656355	20266.666209392824	aCM-RA	False	0.29380903	-1.4229269	0.3850463	-0.57901406	0.39932567	-1.0445967	0.31981176	-1.4373133	0.3645075	-0.952405	0.7565179	1.3328571	0.5994756	1.195541	0.37096435	-1.0107468	0.51100963	0.0020642923	0.34692907	-0.7476179
ATR_137_set19__320	18730.889709430965	20311.870609081547	aEndocardial	False	0.43300742	0.36772156	0.5063251	0.81076217	0.4562192	-0.20151964	0.37934166	-0.57778513	0.3983393	-0.470366	0.15016162	-0.45743236	0.20500751	-0.43278053	0.46904203	0.742495	0.42236587	-0.92683315	0.75052905	0.6852952
ATR_137_set19__36	18793.54717268855	20443.335240124692	BEC	False	0.3613132	-0.55455315	0.39450657	-0.47060552	0.410481	-0.8792913	0.35844192	-0.8795481	0.33247876	-1.4087536	0.1399768	-0.48750344	0.15890168	-0.6231004	0.42449293	-0.053867202	0.30813172	-2.1238923	0.4945742	-0.223429
ATR_137_set19__399	18813.533668084398	20526.88083804065	aCM-RA	False	0.3601795	-0.5691368	0.35469753	-0.92679125	0.38930842	-1.1930373	0.36034292	-0.8521003	0.28870136	-2.0324986	0.15093239	-0.45515665	0.15526855	-0.6380976	0.42872122	0.021718	0.25661597	-2.6637256	0.43466043	-0.4361426
ATR_137_set19__411	18713.330349334254	20277.960063782844	aCM-LA	False	0.41859636	0.18233763	0.4918141	0.64447534	0.5319496	0.9206915	0.4651961	0.6618325	0.46470305	0.47519147	1.0816182	2.292728	0.88253075	2.3639617	0.44666007	0.34239388	0.6211952	1.1566982	0.48520437	-0.25669494
ATR_137_set19__413	18678.346185711787	20329.134297857338	aCM-RA	False	0.4352145	0.39611334	0.51694	0.93240166	0.5444594	1.1060684	0.49903494	1.1504178	0.4698253	0.5481737	0.9934002	2.0322611	0.8685727	2.3063445	0.468881	0.7396166	0.5924783	0.85577375	0.6064917	0.17391504
ATR_137_set19__586	18677.190606645854	20585.5470853953	aEndocardial	False	0.48097467	0.98477244	0.60113853	1.897262	0.5081309	0.56773436	0.47265366	0.76950914	0.4419807	0.15144092	0.09484378	-0.6207604	0.17084162	-0.5738136	0.45218045	0.44107634	0.5144899	0.03853387	0.6629005	0.374185
ATR_137_set19__589	18637.326616581537	20508.931735757036	aCM-RA	False	0.35152632	-0.6804515	0.43704262	0.016829869	0.44710714	-0.33654675	0.414002	-0.07733849	0.3912092	-0.57195663	0.7258462	1.2422978	0.5669868	1.0614307	0.3544989	-1.3050842	0.59410053	0.8727734	0.30056706	-0.91221833
ATR_137_set19__597	18830.638191298465	20529.038097860695	aEndocardial	False	0.43793282	0.43108192	0.4633622	0.3184349	0.44296685	-0.39789963	0.3906442	-0.41459244	0.45225337	0.29780713	0.0950158	-0.6202525	0.14645213	-0.6744908	0.38233623	-0.8074625	0.40104336	-1.1502718	0.71256614	0.55051434
ATR_140_set19__147	18719.37158984774	20807.27559037914	aCM-RA	False	0.40808553	0.047126252	0.5156567	0.91769606	0.52830476	0.8666806	0.44381595	0.35313305	0.46431467	0.46965772	1.1025704	2.3545902	0.9458386	2.6252897	0.4348295	0.13091001	0.56242114	0.5408052	0.5546396	-0.010177044
ATR_140_set19__314	18712.26099299726	20728.620553313383	Epicardial	False	0.32617217	-1.0066073	0.33663318	-1.1337969	0.3747283	-1.409093	0.29399592	-1.8100579	0.31301248	-1.6861112	0.15538386	-0.44201353	0.21863039	-0.37654677	0.40866107	-0.33687833	0.3437426	-1.750726	0.7291519	0.6093993
ATR_140_set19__330	18608.31509359662	20657.211835880196	aCM-RA	False	0.28191605	-1.5759182	0.27583915	-1.8304569	0.38975984	-1.186348	0.40775982	-0.1674669	0.3380454	-1.3294398	0.9673172	1.95525	0.81888694	2.101247	0.35978296	-1.2106259	0.48880482	-0.23061986	0.34956062	-0.73827505
ATR_140_set19__332	18601.167020362256	20842.297304683663	aEndocardial	False	0.53183246	1.6390071	0.6233897	2.152246	0.540289	1.044269	0.4899554	1.0193219	0.5127979	1.1604517	0.1242564	-0.5339185	0.17762725	-0.54580325	0.4310951	0.0641535	0.6006229	0.94112116	0.7352281	0.6309719
ATR_140_set19__363	18798.07535436037	20688.810113495703	aCM-RA	False	0.41055927	0.078948475	0.5022714	0.7643093	0.5354054	0.97190154	0.45088243	0.4551632	0.46242034	0.4426672	1.0177137	2.1040473	0.83681774	2.1752634	0.46971023	0.7544397	0.6440431	1.3961211	0.47978294	-0.27594283
ATR_140_set19__378	18609.124064465665	20807.498644685344	aCM-RA	False	0.4537923	0.6350984	0.43436646	-0.013837171	0.5639767	1.3952856	0.54705286	1.8437291	0.45870805	0.38977402	1.1768243	2.5738275	1.0275509	2.9625895	0.4499195	0.40065944	0.7164597	2.1549742	0.4569955	-0.3568458
ATR_140_set19__384	18711.381144938852	20592.99482326821	aCM-RA	False	0.40527	0.010907464	0.48729783	0.5927218	0.52576345	0.82902235	0.46967474	0.72649765	0.4422209	0.15486342	1.1162528	2.3949878	0.9300835	2.5602546	0.46814644	0.7264854	0.5975634	0.9090606	0.5013316	-0.19943786
ATR_140_set19__388	18753.345096816047	20830.217707104002	aCM-RA	False	0.3214501	-1.0673519	0.4133283	-0.25492093	0.43579003	-0.50424933	0.36246297	-0.8214898	0.37917438	-0.7434297	0.83601165	1.5675654	0.6792396	1.5247979	0.36667603	-1.087405	0.5252909	0.15171768	0.33629608	-0.7853685
ATR_140_set19__430	18727.995156560843	20699.02247898708	aCM-RA	False	0.43910062	0.44610456	0.4657015	0.34524179	0.54328877	1.0887213	0.5149132	1.3796777	0.46542513	0.48547974	1.107311	2.368587	0.94997096	2.6423476	0.44111148	0.24320686	0.6985957	1.9677777	0.44235048	-0.40884042
ATR_140_set19__572	18652.582170405425	20805.720216357753	aCM-RA	False	0.22211972	-2.3451383	0.18717502	-2.84649	0.30866876	-2.3879967	0.25676033	-2.3476875	0.30605552	-1.7852347	0.85477495	1.6229647	0.81470376	2.0839794	0.27977523	-2.6408484	0.16973059	-3.5741968	0.17267343	-1.3662829
ATR_141_set19__110	18382.19695737486	20865.762025333755	aEndocardial	False	0.46161616	0.7357445	0.53226286	1.1079917	0.4807208	0.16155735	0.44029796	0.30233827	0.40987194	-0.30604786	0.06386186	-0.7122356	0.133629	-0.7274233	0.42268318	-0.08621832	0.49407762	-0.17536615	0.617458	0.21284904
ATR_141_set19__161	18555.83697002943	20727.954518931252	aCM-RA	False	0.30125952	-1.3270838	0.35866374	-0.88134104	0.41397887	-0.8274581	0.424047	0.0676971	0.32363456	-1.5347667	1.0704321	2.2597005	0.85994774	2.2707417	0.333039	-1.6887026	0.41276324	-1.0274591	0.56941396	0.04227689
ATR_141_set19__165	18548.792718312623	20755.292840753737	aCM-RA	False	0.38836965	-0.20649882	0.4588904	0.26719123	0.51501495	0.66974556	0.45379716	0.4972478	0.4329172	0.022303507	1.2909911	2.9109092	1.0773975	3.1683505	0.44057935	0.23369466	0.5516658	0.42809987	0.52191055	-0.1263759
ATR_141_set19__184	18466.61848816386	20720.81723637032	aCM-RA	False	0.4184075	0.17990816	0.4512254	0.17935523	0.5434814	1.091576	0.4876217	0.9856266	0.4362938	0.070413694	1.4900488	3.4986343	1.2195406	3.755102	0.45998374	0.5805684	0.5530741	0.44285783	0.61993873	0.2216565
ATR_141_set19__331	18469.38706911326	20819.887012161453	aCM-RA	False	0.42202708	0.22647047	0.51725996	0.9360682	0.5434089	1.0905011	0.47812557	0.84851587	0.46553457	0.48703897	1.141964	2.470901	0.9726101	2.7357996	0.44925332	0.3887509	0.61349344	1.0759915	0.51579785	-0.14807798
ATR_141_set19__404	18505.479114440055	20790.800330306476	aFibro	False	0.47337893	0.88706076	0.4658223	0.3466263	0.49723786	0.40631568	0.38138345	-0.5483046	0.46668848	0.5034801	0.10051366	-0.6040198	0.24062485	-0.28575605	0.47581244	0.86352307	0.49758193	-0.13864455	0.7459261	0.6689532
ATR_141_set19__409	18506.278321302787	20842.603871093914	aCM-RA	False	0.3722571	-0.41377053	0.4473917	0.1354234	0.49397144	0.35791218	0.423847	0.06480933	0.42043585	-0.1555322	1.1030856	2.3561113	0.9045665	2.4549232	0.4213754	-0.109596364	0.5827929	0.7542805	0.49397257	-0.22556494
ATR_141_set19__431	18488.16047213855	20839.911505122185	aCM-RA	False	0.3733403	-0.3998363	0.45942113	0.27327293	0.4845853	0.21882342	0.4255609	0.089555666	0.4252385	-0.087103635	0.9818606	1.9981898	0.8432539	2.2018313	0.4209159	-0.117810264	0.5723869	0.64523655	0.48937893	-0.24187389
ATR_142_set19__124	18525.14876205483	20922.56576122276	aCM-RA	False	0.39541578	-0.11585734	0.39771643	-0.43382263	0.45083153	-0.28135675	0.37261653	-0.67488664	0.32386014	-1.5315527	0.08940367	-0.6368225	0.113512024	-0.81046396	0.407603	-0.35579246	0.32220188	-1.9764512	0.32391983	-0.8293083
ATR_143_set19__124	18768.952725089068	21335.927806604952	aCM-RA	False	0.4277265	0.2997879	0.5271783	1.0497258	0.532807	0.93339705	0.45811534	0.5595962	0.47868866	0.67445976	1.0563476	2.2181156	0.9509153	2.6462457	0.4398449	0.22056562	0.5789635	0.7141527	0.5920705	0.12271515
ATR_143_set19__142	18760.43835737407	21486.71968309252	aFibro	False	0.41077745	0.081755176	0.42550573	-0.11537544	0.42085248	-0.7256015	0.34203428	-1.1164514	0.45458603	0.33104306	0.117603235	-0.5535622	0.19488744	-0.47455508	0.41950879	-0.14296396	0.4940227	-0.17594172	0.8072176	0.8865583
ATR_143_set19__321	18601.109242029932	21338.785536691186	aCM-RA	False	0.40289554	-0.019637728	0.4499963	0.16527046	0.5240211	0.8032031	0.46004283	0.58742654	0.4280136	-0.04756369	1.1819066	2.588833	0.9658698	2.7079763	0.44801477	0.36661047	0.6028579	0.9645416	0.4577574	-0.3541407
ATR_143_set19__396	18750.909149760417	21458.14743223507	aCM-RA	False	0.4204194	0.2057892	0.37758413	-0.6645257	0.5539685	1.2469789	0.5514476	1.9071826	0.42635232	-0.071233645	1.0772178	2.2797356	0.89311004	2.4076319	0.47060347	0.77040726	0.88472354	3.9182103	0.367365	-0.6750636
ATR_143_set19__419	18690.56364545955	21281.901497633782	aCM-RA	False	0.47772324	0.942946	0.54349786	1.2367375	0.5881244	1.7531183	0.52187645	1.4802172	0.50808895	1.093358	1.2536142	2.8005524	1.0908178	3.2237482	0.4669821	0.7056714	0.63824195	1.335331	0.54689854	-0.03766027
ATR_143_set19__442	18623.45637520949	21344.208489443572	aCM-RA	False	0.4035917	-0.010682421	0.48668227	0.5856678	0.5358335	0.9782451	0.46530464	0.66339964	0.43731886	0.08501872	1.3441671	3.0679133	1.0846041	3.198099	0.46790558	0.7221797	0.60848737	1.023533	0.506563	-0.18086474
ATR_143_set19__456	18767.054601791257	21277.981024218898	aCM-RA	False	0.42278287	0.23619291	0.50536364	0.7997442	0.5447506	1.110383	0.48245043	0.9109607	0.45903152	0.39438292	1.2677928	2.8424153	1.0450422	3.0347912	0.4741709	0.83417875	0.57996494	0.7246465	0.5616688	0.014779061
ATR_143_set19__478	18662.04877930317	21475.6708522872	aCM-RA	False	0.4156294	0.14417051	0.4457642	0.116773605	0.53677803	0.992242	0.49873942	1.146151	0.46224436	0.44015977	1.0391878	2.1674507	0.916199	2.502941	0.44162694	0.25242126	0.56686634	0.58738637	0.51763934	-0.14154011
ATR_143_set19__493	18783.68209305723	21280.01340512675	aCM-RA	False	0.34928012	-0.70934665	0.43716767	0.018262865	0.48458976	0.21888967	0.41973057	0.005374063	0.4171739	-0.20200884	1.1018302	2.3524048	0.89635366	2.4210212	0.4062805	-0.3794337	0.5415248	0.32183284	0.38946792	-0.59659094
ATR_143_set19__521	18630.939327976957	21329.92886175145	aFibro	False	0.45251995	0.61873084	0.4050807	-0.3494329	0.46230224	-0.11137805	0.38151526	-0.5464014	0.46455294	0.47305262	0.1073742	-0.58376384	0.19301184	-0.48229736	0.4455236	0.32207805	0.41325742	-1.0222806	0.7526317	0.6927604
ATR_143_set19__522	18627.391617329864	21337.326437266976	aCM-RA	False	0.36176226	-0.5487764	0.45704746	0.24607228	0.48532972	0.22985479	0.42143053	0.029919017	0.40970123	-0.3084801	1.0427516	2.1779728	0.84179735	2.1958187	0.4477005	0.36099264	0.571515	0.63609993	0.4231907	-0.4768639
ATR_143_set19__544	18795.582927350304	21323.75336102944	aCM-RA	False	0.44065115	0.4660505	0.4878826	0.599423	0.5623789	1.3716083	0.5120181	1.3378762	0.4478196	0.23463418	1.4448733	3.3652523	1.2010484	3.678768	0.45239067	0.44483435	0.5814569	0.7402808	0.5775343	0.071106836
ATR_143_set19__59	18834.090444507157	21385.913424608672	EPDC	False	0.49764422	1.1992095	0.5403868	1.2010868	0.45755684	-0.1816977	0.38962743	-0.42927313	0.46244305	0.44299075	0.14195701	-0.4816568	0.19936508	-0.45607188	0.43749368	0.178535	0.4309224	-0.8371695	0.9389902	1.3543944
ATR_144_set19__103	18826.89650355524	20918.82422554095	aCM-RA	False	0.37820995	-0.33719325	0.4492414	0.15661989	0.50154984	0.4702128	0.4718579	0.75801957	0.40838838	-0.32718578	1.2521472	2.7962213	1.0204406	2.9332385	0.41219643	-0.27368003	0.5430195	0.33749524	0.4874897	-0.24858128
ATR_144_set19__197	18745.222511621912	20962.682861757137	aCM-RA	False	0.38493457	-0.25068763	0.4169445	-0.21348149	0.50295407	0.4910213	0.4674203	0.6939469	0.39960945	-0.45226884	0.98253167	2.0001712	0.85982317	2.2702274	0.42747626	-0.00053700985	0.50658745	-0.04427579	0.5856221	0.09982104
ATR_144_set19__306	18666.446003858196	21083.452434597326	aCM-RA	False	0.4135275	0.11713169	0.3254822	-1.26158	0.41392782	-0.8282146	0.3898371	-0.42624596	0.37668464	-0.7789039	0.33169731	0.078558534	0.328721	0.07789526	0.46489513	0.6683647	0.4761647	-0.36307558	0.6356314	0.2773706
ATR_144_set19__324	18640.935178216845	20990.60478665924	aCM-RA	False	0.38559464	-0.2421966	0.4057533	-0.3417252	0.5159818	0.68407273	0.44549727	0.37740904	0.4158453	-0.2209387	1.3477358	3.07845	1.0714301	3.1437178	0.43208337	0.08181995	0.4739479	-0.38630527	0.61278856	0.19627103
ATR_144_set19__351	18628.38519425114	21136.382304543742	aCM-RA	False	0.331208	-0.9418265	0.33610415	-1.1398592	0.43501213	-0.51577663	0.3990886	-0.29266718	0.35150915	-1.1376067	1.4465121	3.3700907	1.232822	3.8099258	0.37268832	-0.979929	0.38708258	-1.2965666	0.4747933	-0.29365775
ATR_144_set19__369	18612.461657711414	20938.20770723139	aFibro	False	0.4741519	0.89700437	0.45878518	0.26598534	0.4869796	0.25430363	0.41138938	-0.11506106	0.4805249	0.7006227	0.093123294	-0.6258402	0.19712113	-0.46533465	0.43555406	0.14386217	0.5845198	0.77237695	0.8203136	0.9330533
ATR_144_set19__42	18877.17916029579	20973.37499035149	aCM-RA	False	0.42729697	0.2942623	0.4814328	0.5255123	0.5470627	1.1446453	0.50223935	1.196685	0.4534015	0.31416586	1.4222124	3.2983449	1.1840488	3.6085954	0.47293997	0.8121747	0.5620397	0.5368078	0.5966659	0.13903034
ATR_144_set19__433	18835.541041934644	20884.179170248477	aCM-RA	False	0.31299973	-1.1760577	0.20001702	-2.699329	0.4215765	-0.71487266	0.3894761	-0.4314582	0.3512703	-1.14101	1.3196487	2.995522	0.9715679	2.7314975	0.28439614	-2.5582447	0.50862926	-0.022879604	0.28102872	-0.9815859
ATR_144_set19__49	18870.73315087959	21019.67514223487	aCM-RA	False	0.36592713	-0.49519944	0.4565097	0.23990998	0.4843148	0.21481523	0.4291739	0.14172225	0.41213712	-0.27377328	1.0559332	2.216892	0.8592264	2.267764	0.41838756	-0.163007	0.5785775	0.7101078	0.43541282	-0.43347138
ATR_144_set19__501	18768.010503221383	21185.92899816641	aCM-RA	False	0.3829456	-0.27627385	0.42028672	-0.17518193	0.49509832	0.37461093	0.5018482	1.1910377	0.39665172	-0.4944109	1.1788344	2.5797625	0.99691707	2.836136	0.43255603	0.090269335	0.5231033	0.12879372	0.43108022	-0.44885355
ATR_144_set19__511	18732.990991455277	20979.30945374287	aCM-RA	False	0.41084775	0.082659565	0.3778213	-0.66180795	0.45784664	-0.17740333	0.34832254	-1.0256578	0.43026063	-0.015547699	0.4935176	0.55633897	0.5063624	0.81117964	0.3992195	-0.50565606	0.39085382	-1.2570478	0.6775538	0.4262089
ATR_144_set19__519	18725.32685240815	21145.01444925963	aCM-RA	False	0.41901168	0.18768036	0.44204673	0.07417368	0.5673984	1.4459904	0.5190016	1.4387084	0.4881425	0.8091589	1.4421252	3.3571384	1.1611158	3.5139306	0.48847327	1.0898488	0.5649882	0.56770533	0.57233375	0.052643117
ATR_144_set19__56	18870.051289519826	21108.882395311135	aCM-RA	False	0.38561568	-0.24192594	0.4652463	0.34002548	0.51446605	0.6616117	0.45823696	0.56135225	0.42866045	-0.03834717	1.2219557	2.7070794	0.98381007	2.7820318	0.44086978	0.23888628	0.57050794	0.62554675	0.47784328	-0.28282923
ATR_144_set19__624	18827.986519007085	20906.291125834625	aCM-LA	False	0.35112175	-0.68565583	0.44790557	0.14131215	0.4731356	0.04915605	0.4312544	0.17176175	0.39395377	-0.5328515	1.1392561	2.4629061	0.8692489	2.309136	0.40338373	-0.43121627	0.5446273	0.3543437	0.40243074	-0.55056864
ATR_144_set19__641	18657.834676958468	20909.8907324494	aCM-RA	False	0.35942283	-0.5788707	0.4532974	0.20309909	0.49566868	0.38306275	0.43862885	0.27823868	0.41304028	-0.26090497	1.3926111	3.210946	1.0785863	3.173258	0.40194753	-0.4568899	0.56305647	0.5474628	0.40936047	-0.5259658
ATR_144_set19__661	18700.107241348836	20954.75793575545	aCM-RA	False	0.31916165	-1.0967907	0.41032588	-0.28932655	0.4371856	-0.4835693	0.38853362	-0.44506612	0.3623488	-0.9831624	1.0700867	2.2586808	0.8842535	2.3710732	0.37459266	-0.9458869	0.483733	-0.28376743	0.45708984	-0.35651082
ATR_144_set19__674	18773.86562396693	21102.18337998575	aCM-RA	False	0.40262556	-0.023110742	0.48380926	0.55274504	0.5204899	0.7508758	0.46028098	0.5908651	0.43944347	0.115290344	1.1511303	2.497965	0.944227	2.618637	0.44493762	0.31160316	0.58468693	0.7741283	0.52593553	-0.11208589
ATR_144_set19__706	18757.38467002938	21064.85860893976	aCM-RA	False	0.34255457	-0.7958641	0.41471162	-0.23906882	0.4606058	-0.13651672	0.40685356	-0.18055199	0.39709476	-0.4880984	1.0790633	2.2851844	0.8903505	2.396241	0.397143	-0.5427758	0.52970195	0.19794096	0.46420157	-0.3312618
ATR_144_set19__718	18887.359831750087	21077.44452220033	aCM-RA	False	0.42130065	0.21712565	0.4671525	0.36186948	0.5403513	1.045192	0.49357682	1.0716103	0.45141327	0.28583732	1.3649701	3.129335	1.1298368	3.3848143	0.46171376	0.6114944	0.5344165	0.24734469	0.564609	0.025217663
ATR_144_set19__722	18879.793580547128	21087.977199822322	aCM-RA	False	0.35825765	-0.5938596	0.5314293	1.0984396	0.4856877	0.2351596	0.41794968	-0.020339595	0.42317143	-0.1165553	1.0152847	2.0968757	0.751914	1.8247901	0.3684827	-1.0551088	0.7836892	2.859472	0.5021117	-0.19666845
ATR_144_set19__723	18884.275447563065	21160.00674154796	aCM-RA	False	0.3359125	-0.8813078	0.42892718	-0.07616779	0.455732	-0.20873934	0.37975007	-0.57188827	0.38741148	-0.6260668	0.90581286	1.7736561	0.7428037	1.7871836	0.39913434	-0.50717866	0.55915695	0.5065998	0.3637717	-0.687821
ATR_144_set19__746	18837.824213386113	21185.40290469755	aCM-RA	False	0.32560945	-1.0138463	0.34754917	-1.0087068	0.37702924	-1.3749964	0.36008778	-0.8557841	0.25642788	-2.4923344	0.21892644	-0.25440168	0.19770843	-0.46291035	0.35191092	-1.351347	0.2754497	-2.466367	0.24545187	-1.1078955
ATR_144_set19__761	18789.79610248711	21124.49908361926	aCM-RA	False	0.3740529	-0.39066938	0.394566	-0.46992454	0.49390373	0.3569088	0.45471483	0.5104977	0.3929948	-0.5465151	1.4463081	3.3694885	1.2111611	3.7205124	0.41763642	-0.17643438	0.5087915	-0.02117945	0.5100906	-0.16834065
ATR_144_set19__785	18613.018633470856	20927.64518886844	aCM-RA	False	0.4055366	0.014336772	0.48029402	0.5124627	0.5218163	0.77053165	0.45758745	0.55197424	0.45110705	0.2814743	1.0840162	2.299808	0.8934435	2.4090085	0.4470159	0.34875488	0.6020109	0.9556661	0.4852794	-0.25642854
ATR_145_set19__16	18950.962058559155	21188.985396881282	Epicardial	False	0.42100227	0.21328728	0.4391774	0.041292943	0.43761757	-0.47716793	0.3430512	-1.1017685	0.46655095	0.50152045	0.10508634	-0.59051883	0.20597413	-0.42879042	0.43376198	0.11182698	0.5156087	0.05025818	0.79888767	0.8569843
ATR_145_set19__61	18931.115415691675	21105.815975656107	aCM-RA	False	0.41568366	0.14486864	0.38659763	-0.56123686	0.5070671	0.55197006	0.54524195	1.8175822	0.41419244	-0.24448891	1.3447454	3.0696208	1.1155101	3.3256752	0.41170228	-0.28251353	0.5496961	0.40745944	0.3747301	-0.64891505
ATR_146_set19__129	18902.236705499803	21215.68710189322	aCM-RA	False	0.28739926	-1.5053822	0.4504668	0.17066231	0.41742316	-0.7764189	0.366617	-0.7615115	0.3282516	-1.4689827	0.8496892	1.6079489	0.7007856	1.6137375	0.33902466	-1.5817024	0.49779123	-0.13645127	0.24550867	-1.1076938
ATR_148_set19__47	18633.377203318887	21545.586447517726	aCM-RA	False	0.33449087	-0.8995956	0.26049796	-2.0062568	0.39541462	-1.1025527	0.30124247	-1.7054279	0.26974058	-2.3026536	0.06369668	-0.7127233	0.06639177	-1.0049713	0.39067042	-0.6584801	0.192445	-3.336173	0.181798	-1.3338878
ATR_149_set19__92	18561.89307444256	21538.354714773817	aCM-RA	False	0.47555724	0.9150825	0.56914264	1.53061	0.49983394	0.4447857	0.46610743	0.6749908	0.48327303	0.73977834	0.13376111	-0.5058555	0.1432239	-0.68781656	0.42382944	-0.06572777	0.5161717	0.056157492	0.5208097	-0.13028423
ATR_149_set19__98	18596.592113984974	21529.559526101784	aCM-RA	False	0.31905565	-1.0981543	0.42408636	-0.13164045	0.42305794	-0.69291985	0.38693246	-0.46818462	0.3713596	-0.8547757	0.79194415	1.4374545	0.680227	1.5288738	0.36354467	-1.1433814	0.52675384	0.16704777	0.32106075	-0.839459
ATR_155_set19__3	18397.377879377003	22478.94314678126	aFibro	False	0.40915978	0.060945466	0.4247018	-0.12458781	0.37963226	-1.3364235	0.33857659	-1.1663756	0.41262525	-0.2668183	0.09012676	-0.63468754	0.19384196	-0.4788707	0.39522034	-0.5771455	0.41684467	-0.9846899	0.82200557	0.93906045
ATR_156_set19__131	18168.714953459534	22460.612517377707	aFibro	False	0.48815775	1.0771755	0.45631772	0.23770994	0.52649313	0.8398351	0.43160632	0.17684321	0.48451555	0.7574819	0.13198231	-0.51110744	0.2632803	-0.19223678	0.4717648	0.7911674	0.54706025	0.37983853	0.96232074	1.4372257
ATR_156_set19__134	18121.0824144621	22465.769435250826	aFibro	False	0.4207628	0.21020684	0.4063631	-0.33473748	0.43087995	-0.5770094	0.35083348	-0.98940337	0.43262425	0.018129429	0.10675734	-0.5855851	0.25863326	-0.21141928	0.43742	0.17721805	0.5152308	0.04629761	0.72339356	0.5889553
ATR_156_set19__146	18078.83947102724	22459.447333423763	aCM-RA	False	0.33696127	-0.8678163	0.44333515	0.088938065	0.45778492	-0.17831793	0.37826303	-0.5933591	0.39315307	-0.54425997	0.9597581	1.9329314	0.7822037	1.9498225	0.41192636	-0.2785078	0.5310536	0.21210493	0.4219917	-0.48112077
ATR_156_set19__177	18210.256515820605	22437.5630345901	aCM-RA	False	0.31870896	-1.1026142	0.41978636	-0.18091562	0.42959738	-0.5960152	0.37304354	-0.6687212	0.3708885	-0.8614878	0.78093517	1.40495	0.6254775	1.3028738	0.34198055	-1.5288628	0.5523141	0.4348936	0.31289312	-0.8684567
ATR_156_set19__27	18263.171006360477	22488.03244161675	aCM-RA	False	0.40360698	-0.010485749	0.47550347	0.45756614	0.44596195	-0.35351667	0.42030263	0.013633743	0.39817926	-0.47264624	0.3544119	0.14562419	0.33690417	0.11167455	0.42156288	-0.10624485	0.34953046	-1.690075	0.5894682	0.11347599
ATR_156_set19__35	18228.383795480033	22518.670010143258	aCM-RA	False	0.34090897	-0.81703305	0.4057625	-0.34162003	0.45872852	-0.16433518	0.41014883	-0.13297288	0.37878683	-0.74895155	0.98271227	2.0007045	0.8134666	2.0788724	0.40893576	-0.33196798	0.50600314	-0.05039871	0.4030434	-0.54839355
ATR_156_set19__49	18168.918082285298	22487.60694201816	aEndocardial	False	0.51865005	1.4694287	0.61536324	2.060268	0.52882427	0.8743791	0.49539343	1.0978395	0.47362775	0.60235137	0.11331543	-0.56622213	0.201625	-0.44674316	0.47120407	0.7811437	0.5358243	0.26209703	0.62578034	0.24239616
ATR_157_set19__105	18013.167985922755	22350.52398005943	aCM-LA	False	0.47402892	0.89542216	0.5199794	0.96723145	0.5719939	1.5140883	0.51990885	1.4518077	0.49212438	0.8658933	1.0914176	2.3216608	0.9166341	2.5047367	0.5112333	1.4967089	0.603914	0.9756089	0.67114055	0.40343985
ATR_157_set19__178	18012.976012758125	22375.239605171813	aCM-RA	False	0.34572726	-0.75505054	0.40174004	-0.38771468	0.45652235	-0.19702742	0.4392119	0.28665715	0.37026197	-0.87041473	1.0978181	2.3405588	0.91011465	2.4778252	0.38504714	-0.75900215	0.48083502	-0.3141353	0.4756766	-0.29052168
ATR_157_set19__238	18190.397507227834	22408.08884446786	aCM-RA	False	0.43906403	0.44563377	0.52072185	0.9757393	0.563137	1.3828424	0.49517894	1.0947425	0.474948	0.62116235	1.2320287	2.7368207	1.0323112	2.9822392	0.47768956	0.8970787	0.61159194	1.0560657	0.5824317	0.08849407
ATR_157_set19__258	18109.448118695713	22350.648728291966	aCM-RA	False	0.45634404	0.66792387	0.5221065	0.9916068	0.5775669	1.5966723	0.51212966	1.3394872	0.48715603	0.7951038	1.1883354	2.6078146	0.9880746	2.7996354	0.5140524	1.5471025	0.6368977	1.3212445	0.5931853	0.12667301
ATR_157_set19__352	18091.998384233324	22357.54948573438	aCM-RA	False	0.34693742	-0.7394832	0.4468675	0.1294165	0.4674469	-0.035141937	0.38720578	-0.46423832	0.409602	-0.3098941	0.935214	1.860464	0.7432648	1.789087	0.4292348	0.030898845	0.56245095	0.5411175	0.34781945	-0.74445677
ATR_157_set19__36	18197.861479334977	22304.334364384515	Epicardial	False	0.45519185	0.65310216	0.47177345	0.41482243	0.4499087	-0.2950317	0.39270014	-0.3849075	0.46373415	0.46138644	0.13248985	-0.5096089	0.21085577	-0.40863955	0.44610053	0.33239153	0.46748957	-0.4539822	0.8763065	1.1318465
ATR_157_set19__45	18187.168382771153	22417.36532875469	aCM-RA	False	0.4222583	0.22944471	0.37165135	-0.73251146	0.5576106	1.3009491	0.5458212	1.8259456	0.42213643	-0.13130216	1.0616891	2.2338867	0.85540223	2.2519782	0.47268534	0.80762285	0.957237	4.6780787	0.3813333	-0.62547153
ATR_160_set19__141	18554.607314965666	21369.89152962245	aCM-RA	False	0.35972738	-0.574953	0.4464953	0.1251513	0.48341367	0.20146178	0.41810298	-0.018126113	0.4082155	-0.32964903	1.0361228	2.158401	0.83858144	2.1825438	0.41006753	-0.31173635	0.57852364	0.70954317	0.44038594	-0.41581517
ATR_160_set19__168	18479.74566023322	21375.51374170818	aCM-RA	False	0.28363854	-1.5537602	0.3870843	-0.5556599	0.40488002	-0.9622896	0.3453904	-1.0679935	0.33535743	-1.3677381	0.84004945	1.5794872	0.6431584	1.3758587	0.34871468	-1.4084831	0.54085827	0.31484798	0.28532973	-0.96631587
ATR_160_set19__232	18403.040769438572	21410.19045403819	aCM-RA	False	0.4107672	0.08162329	0.50911206	0.84269863	0.5254692	0.82466173	0.4534358	0.49203035	0.45423582	0.3260533	1.0043166	2.064492	0.8433211	2.2021086	0.46374714	0.64784324	0.632545	1.2756326	0.5074304	-0.17778529
ATR_160_set19__24	18584.81324769652	21316.690323424464	aCM-RA	False	0.4312499	0.34511265	0.50170857	0.7578594	0.5570326	1.2923841	0.48099014	0.88987625	0.46911177	0.5380073	1.2607985	2.8217642	1.0520698	3.0638006	0.47593826	0.8657723	0.57979345	0.72284955	0.5398124	-0.06281847
ATR_160_set19__271	18573.915140029734	21347.571224248393	aCM-RA	False	0.41093713	0.08380931	0.49321383	0.6605153	0.5253815	0.82336247	0.48203653	0.90498465	0.44105017	0.1381828	1.3240417	3.0084925	1.0731993	3.1510208	0.45960918	0.5738728	0.54049003	0.31098923	0.5234644	-0.12085928
ATR_160_set19__29	18583.197627484027	21344.730229559977	aCM-RA	False	0.39424714	-0.13089071	0.44811904	0.14375843	0.50026184	0.45112658	0.46417892	0.6471458	0.40571648	-0.36525524	1.1517183	2.499701	0.9678507	2.7161531	0.41636565	-0.19915074	0.4870551	-0.2489552	0.50346744	-0.19185503
ATR_160_set19__373	18310.201287677966	21363.090344796237	aCM-LA	False	0.3104479	-1.2088844	0.3946068	-0.46945703	0.4161601	-0.7951355	0.36455837	-0.79123515	0.3584793	-1.0382955	0.75175864	1.3188052	0.58018637	1.1159171	0.36004373	-1.2059643	0.56800103	0.59927684	0.3155672	-0.8589629
ATR_160_set19__64	18385.50334458192	21361.942241594395	aCM-RA	False	0.43336946	0.37237883	0.45075586	0.17397466	0.5516183	1.2121522	0.5064555	1.25756	0.45908442	0.39513662	1.1823453	2.5901284	1.0360533	2.9976861	0.4381732	0.19068219	0.62397623	1.1858406	0.4977018	-0.21232498
ATR_161_set19__144	18280.308621411747	21433.82092324632	aCM-RA	False	0.32412094	-1.0329944	0.40420094	-0.3595144	0.43683213	-0.488807	0.382972	-0.52536815	0.3548068	-1.0906214	0.97063154	1.9650357	0.75721717	1.846681	0.36884412	-1.0486481	0.54948115	0.40520713	0.35841927	-0.7068239
ATR_161_set19__159	18171.672585571738	21420.606298935996	aCM-RA	False	0.30487436	-1.2805824	0.3070533	-1.4727631	0.35675547	-1.6754235	0.31896472	-1.4495435	0.21105784	-3.1387713	0.1203131	-0.54556125	0.1005896	-0.8638063	0.33744395	-1.6099592	0.16320297	-3.6425998	0.18858874	-1.3097783
ATR_161_set19__242	18283.842910690902	21359.49360493124	aEndocardial	False	0.49483073	1.1630168	0.5976069	1.8567917	0.52665114	0.8421766	0.4654149	0.6649918	0.44646594	0.21534722	0.10641294	-0.586602	0.19669326	-0.46710086	0.47090963	0.77588016	0.4893763	-0.22463122	0.76601094	0.7402611
ATR_161_set19__314	18272.87972222014	21440.257142913273	aCM-RA	False	0.4044221	0.0	0.48656514	0.5843257	0.52787614	0.8603292	0.47316232	0.77685356	0.4408697	0.13561127	1.2828492	2.88687	1.061655	3.1033673	0.44466412	0.30671415	0.57635945	0.6868647	0.5575061	0.0
ATR_163_set19__107	18027.177612704025	20761.331943360696	Trabecular vFibro	False	0.5249186	1.5500674	0.5585751	1.4095128	0.5465531	1.1370934	0.42980367	0.15081543	0.55301213	1.7334282	0.21694441	-0.2602537	0.287148	-0.093713515	0.538383	1.9820379	0.5952553	0.88487434	0.7828544	0.8000608
ATR_163_set19__158	18032.73474112572	20635.75394509754	vEndocardial	False	0.54629827	1.8250953	0.6255537	2.1770442	0.56527126	1.414469	0.493813	1.0750204	0.506545	1.0713599	0.09347816	-0.6247924	0.1718822	-0.5695182	0.5003257	1.3017231	0.49025434	-0.21543029	0.5629337	0.019269768
ATR_163_set19__19	18029.19291627269	20780.243483246602	VEC	True	0.5105378	1.3650726	0.58371085	1.6975521	0.5413929	1.0606277	0.5163884	1.4009776	0.481645	0.7165819	0.15188721	-0.4523375	0.19333097	-0.48098	0.44271523	0.27187562	0.5897926	0.82763064	0.46805775	-0.3175711
ATR_164_set19__144	17837.35925009785	20636.267941804967	vCM-RV-Proliferating	False	0.4669843	0.8048003	0.47823998	0.48892474	0.57362807	1.5383044	0.5542666	1.947885	0.5080442	1.0927203	1.2754164	2.8649242	1.0173123	2.9203253	0.49021858	1.1210481	0.5745137	0.6675228	0.4588753	-0.35017183
ATR_164_set19__200	17786.72819194123	20707.323919598442	Compact vFibro	False	0.53890836	1.7300316	0.52306306	1.002568	0.53791976	1.0091606	0.45761117	0.5523168	0.52027303	1.2669581	0.10045361	-0.60419714	0.23745656	-0.29883438	0.45482665	0.4883801	0.61945695	1.138483	0.9049376	1.2334967
ATR_164_set19__251	17743.770485913443	20834.170794127705	vCM-RV-AV	False	0.28414983	-1.5471829	0.18942535	-2.8207026	0.30363056	-2.4626553	0.26128316	-2.2823842	0.28693274	-2.057698	0.27318847	-0.09419101	0.3245732	0.060773604	0.31742305	-1.967854	0.2551082	-2.6795254	0.6429417	0.30332467
ATR_164_set19__299	17696.025941996704	20707.83014934013	VEC	True	0.5079201	1.3313982	0.54351366	1.2369184	0.5305062	0.89930266	0.4679894	0.7021636	0.50427604	1.0390314	0.20780298	-0.2872441	0.27562365	-0.14128478	0.49395937	1.1879185	0.4830501	-0.29092342	0.7169032	0.5659124
ATR_164_set19__304	17695.30775410765	20695.645422572048	VEC	True	0.50248307	1.2614565	0.6496422	2.4530828	0.5233325	0.7929989	0.4555064	0.521927	0.45819727	0.38249636	0.09436144	-0.6221845	0.15984671	-0.6191994	0.43789777	0.18575853	0.5355813	0.25955054	0.75028807	0.68443966
ATR_164_set19__313	17695.029867542107	20883.734070832244	VEC	True	0.5273614	1.5814914	0.65144175	2.473704	0.5660029	1.4253109	0.48255146	0.91241944	0.50506485	1.0502703	0.116127215	-0.5579202	0.1910273	-0.49048933	0.50196683	1.3310604	0.5017631	-0.09483003	0.7079089	0.5339797
ATR_164_set19__34	17953.601479235527	20720.14406351674	BEC	False	0.40437794	-0.0005681649	0.43068781	-0.055992097	0.42120743	-0.72034174	0.36722013	-0.752803	0.37861577	-0.7513889	0.15470836	-0.44400796	0.19702865	-0.4657164	0.48058832	0.94889694	0.30288267	-2.178897	0.46629947	-0.32381356
ATR_164_set19__358	17956.5449492048	20835.720094854816	Trabecular vFibro	False	0.48495308	1.0359507	0.5666941	1.5025511	0.5109796	0.6099476	0.4630471	0.6308037	0.4646817	0.47488743	0.12045144	-0.5451528	0.18024802	-0.534985	0.47732553	0.8905712	0.49718183	-0.14283715	0.65819144	0.35746625
ATR_164_set19__392	17872.14999912426	20846.17533448998	vCM-RV-Hybrid	False	0.38436022	-0.25807607	0.4331463	-0.027819484	0.5076952	0.5612778	0.48701555	0.9768746	0.45365116	0.31772298	1.404799	3.2469313	1.1045744	3.280534	0.43819627	0.19109453	0.5058092	-0.052431148	0.5150844	-0.15061103
ATR_164_set19__410	17829.346738955588	20768.654075016893	vCM-RV-Proliferating	False	0.39423436	-0.13105518	0.39888394	-0.42044377	0.49684998	0.40056792	0.47339553	0.7802207	0.43580976	0.06351691	0.9446133	1.8882158	0.8079978	2.056298	0.44005993	0.22440939	0.62927765	1.2413942	0.27628857	-0.998415
ATR_164_set19__45	17936.117091338758	20639.829735735897	vCM-RV-Trabecular	False	0.44485292	0.5201021	0.46173966	0.2998418	0.5168998	0.6976766	0.5042567	1.225813	0.47091755	0.56373626	0.8990513	1.7536924	0.7315039	1.7405394	0.4515067	0.42903253	0.54369867	0.3446125	0.49422842	-0.22465658
ATR_164_set19__459	17697.451577974934	20721.853598834612	VEC	True	0.5019065	1.2540396	0.5551012	1.3697044	0.51706684	0.7001515	0.44810665	0.41508472	0.48529828	0.76863426	0.16370448	-0.41744655	0.1466319	-0.67374873	0.4672851	0.7110879	0.51078326	-0.0003079262	0.5217411	-0.12697753
ATR_164_set19__474	17837.465414194958	20652.416983204927	vCM-RV-Hybrid	False	0.42126495	0.21666636	0.43474883	-0.009455531	0.54298556	1.0842282	0.51658994	1.4038874	0.46106574	0.42336664	1.5192927	3.5849783	1.1931796	3.6462865	0.45496213	0.49080196	0.60142344	0.9495101	0.4184376	-0.493739
ATR_164_set19__491	17711.735263767212	20600.23746312662	VIC	True	0.43799245	0.43184906	0.42248935	-0.14994122	0.46306723	-0.100041956	0.40086526	-0.26701465	0.4124657	-0.26909176	0.03869009	-0.78655624	0.15520331	-0.6383669	0.39644632	-0.55522984	0.5218367	0.11552104	0.6787422	0.43042812
ATR_164_set19__527	17765.7387643525	20687.71732565555	VEC	True	0.5095424	1.3522679	0.49689364	0.70268357	0.5092135	0.5837769	0.4477886	0.41049254	0.50704694	1.0785115	0.14705715	-0.46659845	0.2483588	-0.25383112	0.46986464	0.7571999	0.5558747	0.47220513	0.839648	1.001697
ATR_164_set19__565	17877.970705911386	20734.428865950544	Trabecular vFibro	False	0.44354057	0.5032201	0.50646967	0.8124185	0.4678373	-0.02935664	0.36050507	-0.84975904	0.51266783	1.1585985	0.07667028	-0.6744183	0.21709746	-0.38287452	0.42805007	0.009720518	0.59019685	0.8318667	0.9043651	1.231464
ATR_164_set19__593	17953.762590008526	20751.584194366875	vCM-LV-Compact I	False	0.43659812	0.4139124	0.4681712	0.37354317	0.46684048	-0.044128142	0.4022019	-0.24771552	0.48179814	0.718764	0.20501858	-0.29546517	0.28484437	-0.10322265	0.4534526	0.46381724	0.45390928	-0.59629	0.74650174	0.67099696
ATR_164_set19__601	17918.75258657083	20866.031906478547	VEC	True	0.31569844	-1.1413413	0.29183194	-1.6471899	0.3194729	-2.2278953	0.26863027	-2.1763024	0.37370142	-0.821409	0.35460868	0.1462052	0.28823775	-0.08921514	0.38905802	-0.68730336	0.39071986	-1.2584516	0.7700905	0.7547449
ATR_164_set19__660	17684.022249106085	20785.076798820442	vCM-RV-AV	False	0.47745252	0.9394634	0.5159889	0.9215026	0.53353596	0.94419926	0.49087003	1.0325279	0.46583438	0.49131072	0.37733594	0.21330826	0.3605432	0.20925386	0.50242454	1.3392423	0.53547895	0.25847813	0.7170385	0.5663928
ATR_164_set19__70	17911.757915003844	20742.70747386922	vCM-RV-Trabecular	False	0.2930563	-1.4326099	0.30417997	-1.5056895	0.38825035	-1.2087164	0.3849399	-0.49695432	0.31030047	-1.7247522	1.2538805	2.8013387	1.0131961	2.9033341	0.34607744	-1.4556265	0.35352525	-1.6482136	0.23358597	-1.1500233
ATR_164_set19__703	17938.797779758926	20692.246148443264	vCM-RV-Proliferating	False	0.3855195	-0.2431631	0.41023216	-0.2904006	0.47902086	0.13636701	0.4354304	0.23205763	0.39417806	-0.52965575	1.1524609	2.5018938	0.8845762	2.3724053	0.38955292	-0.67845654	0.51225466	0.015110869	0.41182777	-0.5172061
ATR_164_set19__720	17736.309599549248	20775.167381130872	Compact vFibro	False	0.42502084	0.26498222	0.47660977	0.4702435	0.43576565	-0.5046106	0.40343583	-0.22989923	0.45651302	0.358499	0.19960581	-0.31144658	0.25799584	-0.21405044	0.39703187	-0.54476243	0.4013331	-1.1472355	1.0800086	1.8550565
ATR_164_set19__721	17730.720424641044	20870.638573367887	VEC	True	0.50786936	1.3307458	0.6140009	2.0446565	0.5200994	0.7450896	0.51241773	1.3436465	0.5036654	1.0303308	0.12763083	-0.5239554	0.1562762	-0.6339381	0.44514602	0.3153287	0.4565745	-0.56836116	0.6152294	0.20493692
ATR_164_set19__725	17709.927768452108	20845.503572654237	VEC	True	0.45151648	0.60582215	0.43437743	-0.013711493	0.44434196	-0.37752256	0.38270044	-0.52928907	0.46119872	0.42526132	0.14724968	-0.46602997	0.24972987	-0.24817148	0.43760782	0.18057543	0.49013805	-0.21664888	0.89601827	1.20183
ATR_164_set19__76	17908.055461360236	20643.72415850572	vCM-RV-Trabecular	False	0.23408894	-2.1911662	0.2192128	-2.479358	0.3247684	-2.149424	0.34883788	-1.0182168	0.26846495	-2.320829	1.2768519	2.8691626	0.91716915	2.5069454	0.31864402	-1.9460279	0.3000001	-2.2091033	0.17944722	-1.3422337
ATR_164_set19__81	17906.77910393959	20785.60214955692	vCM-RV-Hybrid	False	0.38791662	-0.21232653	0.38635644	-0.5640007	0.5127015	0.6354639	0.5078387	1.2775321	0.4385317	0.10229932	1.3790649	3.1709504	1.1105824	3.305334	0.42019433	-0.13070916	0.5241742	0.14001586	0.3225689	-0.8341046
ATR_164_set19__88	17899.76468180657	20749.25846712703	vCM-RV-Hybrid	False	0.30920172	-1.2249153	0.283085	-1.7474242	0.40589654	-0.94722617	0.40269127	-0.2406495	0.32087925	-1.5740247	1.495479	3.5146673	1.1292188	3.3822634	0.34445176	-1.4846873	0.4188368	-0.9638143	0.2693012	-1.0232224
ATR_165_set19__67	17802.131052900444	21045.216700576733	WBC	False	0.31095758	-1.2023278	0.24413332	-2.193785	0.36513102	-1.5513103	0.31351438	-1.5282387	0.21018201	-3.1512501	0.030190287	-0.8116522	0.06577501	-1.0075172	0.33210424	-1.7054123	0.1662141	-3.611046	0.23921636	-1.1300336
ATR_167_set19__127	17557.918150722544	21279.21304249842	aCM-RA	False	0.41534966	0.14057213	0.5115715	0.8708825	0.4988841	0.43071067	0.47820854	0.84971386	0.44065428	0.13254207	0.6611794	1.0513668	0.6134223	1.2531112	0.46155235	0.608609	0.6546949	1.5077416	0.44981942	-0.3823232
ATR_167_set19__96	17374.745467111825	21266.32510769002	vEndocardial	False	0.42611277	0.2790288	0.49552163	0.68696123	0.44493294	-0.36876512	0.41286743	-0.093720146	0.40292817	-0.40498328	0.15491241	-0.44340548	0.19672373	-0.4669751	0.41540954	-0.21624236	0.52013344	0.09767257	0.40369815	-0.54606897
ATR_168_set19__136	17082.495459004436	21243.37789248646	aFibro	False	0.50221044	1.2579494	0.54711485	1.2781858	0.51110566	0.6118157	0.41886514	-0.007121526	0.52868134	1.3867606	0.14957823	-0.45915487	0.1998626	-0.45401818	0.45646366	0.5176434	0.53005874	0.2016798	0.7107551	0.5440846
ATR_168_set19__167	17244.782958263466	21327.45246116638	aCM-RA	False	0.39979392	-0.059536938	0.27154136	-1.8797067	0.47471344	0.0725375	0.5043809	1.2276057	0.4274856	-0.0550868	0.9626844	1.9415715	0.6825664	1.5385307	0.42233717	-0.09240352	0.39285493	-1.2360783	0.43999058	-0.41721883
ATR_168_set19__188	17157.21669840393	21302.65757796519	aCM-RA	False	0.3668878	-0.48284128	0.41788304	-0.20272648	0.48062614	0.16015474	0.4312557	0.17178068	0.3976139	-0.48070142	1.2259876	2.718984	1.035319	2.994655	0.40394077	-0.42125866	0.49465623	-0.16930288	0.4559504	-0.36055616
ATR_168_set19__200	17158.8595259207	21312.181124855688	aCM-RA	False	0.3500498	-0.69944555	0.37708664	-0.67022663	0.45016038	-0.29130217	0.44097227	0.31207433	0.3562075	-1.0706643	0.89315045	1.7362698	0.74668795	1.8032175	0.4114306	-0.28737006	0.44692397	-0.669489	0.5152194	-0.15013172
ATR_168_set19__32	17299.56263855197	21276.76957932435	aCM-RA	False	0.33325383	-0.91550887	0.36834475	-0.7704029	0.41406152	-0.82623345	0.41817635	-0.017066706	0.34790346	-1.1889809	0.61287373	0.90874237	0.4389102	0.5327443	0.44746545	0.35679084	0.34232324	-1.7655995	0.37736568	-0.6395579
ATR_168_set19__61	17243.195139299165	21278.46818146574	aCM-RA	False	0.2901053	-1.4705715	0.4724516	0.42259362	0.46365136	-0.09138609	0.45155337	0.46485063	0.33020586	-1.4411383	1.5112612	3.561265	1.2265284	3.7839468	0.34979212	-1.3892226	0.31797767	-2.0207167	0.26822966	-1.0270268
ATR_170_set19__66	16978.095015476796	22400.514781460715	aEndocardial	False	0.48083028	0.982915	0.5455759	1.2605506	0.5322929	0.92577904	0.47770226	0.8424038	0.44962046	0.26029307	0.15857221	-0.43259978	0.22554572	-0.34800103	0.47665063	0.8785066	0.4726635	-0.39976472	0.6138102	0.19989812
ATR_170_set19__84	17076.952868066364	22440.150821864645	aCM-RA	False	0.33372042	-0.9095067	0.41065383	-0.2855685	0.44191387	-0.41350314	0.36785787	-0.74359494	0.36611766	-0.92946327	0.83538157	1.5657051	0.68191063	1.5358238	0.38104147	-0.8306078	0.478817	-0.3352823	0.39668733	-0.5709597
ATR_171_set19__126	16651.890429757485	22573.128297003335	aCM-RA	False	0.41883373	0.18539122	0.49858043	0.72201294	0.538925	1.0240567	0.4645183	0.6520461	0.45834506	0.38460207	1.2397424	2.7595954	1.0312295	2.9777741	0.45036566	0.4086352	0.593934	0.87102824	0.58625406	0.1020648
ATR_171_set19__171	16601.975285279885	22617.17933091354	aCM-RA	False	0.49509713	1.1664437	0.5179154	0.9435795	0.5024981	0.48426443	0.4208634	0.021730337	0.51674426	1.2166798	0.3135238	0.024900548	0.35601488	0.19056147	0.45928377	0.56805575	0.51658523	0.060490947	1.0618201	1.7904813
ATR_171_set19__27	16751.847914712867	22489.651091600248	aCM-RA	False	0.35088933	-0.6886458	0.28953657	-1.6734934	0.42943132	-0.59847593	0.33042789	-1.2840314	0.37601572	-0.7884346	0.58503217	0.8265391	0.5250617	0.8883685	0.38658693	-0.73147666	0.38395536	-1.3293368	0.1809878	-1.3367642
ATR_171_set19__299	16666.372047446494	22503.389363718812	aCM-RA	False	0.46678156	0.80219215	0.5479944	1.2882646	0.5858316	1.7191423	0.5161404	1.3973967	0.50215244	1.0087742	1.1998235	2.6417334	0.9766521	2.7524846	0.50654054	1.4128202	0.675466	1.7254016	0.59570724	0.1356267
ATR_171_set19__525	16677.382962199597	22695.117773461738	aCM-RA	False	0.4057229	0.016733263	0.45858702	0.2637146	0.5247512	0.81402206	0.4812254	0.89327306	0.43263736	0.018316265	1.1281232	2.4300356	0.96567655	2.7071786	0.45899743	0.5629371	0.5590956	0.50595707	0.48999465	-0.23968789
ATR_171_set19__531	16670.87860472782	22753.216243901312	aCM-RA	False	0.37932125	-0.3228975	0.43878803	0.036831047	0.50538707	0.52707475	0.44291657	0.34014735	0.42427287	-0.10086196	1.1907634	2.614983	0.9908467	2.8110783	0.43251145	0.089472346	0.56187546	0.53508705	0.5472969	-0.03624604
ATR_171_set19__565	16582.510197141615	22632.32655516241	aEndocardial	False	0.51128066	1.3746287	0.61901903	2.102161	0.53517884	0.9685443	0.46004653	0.5874799	0.47971967	0.68914974	0.12352939	-0.53606504	0.2077213	-0.42157832	0.49431536	1.1942822	0.52466744	0.1451844	0.74480647	0.6649782
ATR_171_set19__584	16546.003477700386	22747.597519408835	aCM-RA	False	0.42846033	0.3092278	0.4644329	0.3307045	0.55296123	1.2320528	0.5130301	1.3524884	0.48694956	0.792162	0.87889075	1.6941676	0.79667014	2.0095387	0.45220837	0.44157553	0.5801678	0.726772	0.4010345	-0.5555258
ATR_171_set19__595	16516.30919762657	22625.345537254747	aEndocardial	False	0.3728907	-0.40561992	0.41265893	-0.26259136	0.3751004	-1.4035789	0.26107192	-2.2854342	0.3710347	-0.85940456	0.073671445	-0.6832725	0.14686106	-0.67280275	0.32925025	-1.7564304	0.33756498	-1.8154613	0.8345296	0.98352486
ATR_171_set19__602	16491.439948298197	22738.381790860672	aCM-RA	False	0.25551942	-1.9154845	0.3178585	-1.3489426	0.35891795	-1.6433787	0.3437286	-1.0919877	0.31964928	-1.5915494	0.84745336	1.6013474	0.70045245	1.6123624	0.30191958	-2.2449949	0.45040485	-0.6330129	0.33451876	-0.7916786
ATR_171_set19__604	16485.010049906006	22711.546236540587	aCM-LA	False	0.408997	0.058851458	0.43913597	0.040818237	0.43998882	-0.44202954	0.3528982	-0.95959145	0.41877848	-0.17914653	0.17688614	-0.37852722	0.22543809	-0.34844533	0.3978452	-0.5302232	0.4257338	-0.89154065	0.82383114	0.94554186
ATR_171_set19__623	16580.21398949946	22662.408409599582	aCM-RA	False	0.4144304	0.12874687	0.43859118	0.03457534	0.43435252	-0.52555114	0.39414874	-0.36399177	0.30508968	-1.7989961	0.11054824	-0.5743924	0.14850254	-0.6660269	0.40244067	-0.44807452	0.338719	-1.8033682	0.361641	-0.69538575
ATR_171_set19__640	16751.54025707597	22670.02039803292	aCM-RA	False	0.39054537	-0.17851037	0.5127901	0.8848464	0.513403	0.6458589	0.46558177	0.6674011	0.41253617	-0.26808754	1.1294073	2.433827	0.8917905	2.4021852	0.4418598	0.25658417	0.5306203	0.20756412	0.50932556	-0.17105675
ATR_171_set19__656	16553.05890325091	22761.992682846576	aCM-RA	False	0.28218222	-1.5724943	0.31234345	-1.4121413	0.3644055	-1.5620612	0.31846973	-1.4566903	0.3108278	-1.7172389	0.085314445	-0.64889604	0.17998482	-0.5360715	0.35049665	-1.3766285	0.29861757	-2.2235909	0.12383917	-1.5396607
ATR_171_set19__661	16567.653499214124	22652.83442970023	aCM-RA	False	0.3172978	-1.1207675	0.41093346	-0.28236407	0.45035258	-0.28845415	0.36393645	-0.8002147	0.37507373	-0.8018562	0.97344613	1.9733459	0.74579513	1.799532	0.4049395	-0.40340522	0.55984163	0.5137746	0.36212388	-0.69367135
ATR_171_set19__667	16648.94327832182	22689.691865470366	aCM-RA	False	0.4099388	0.070966944	0.5382568	1.1766787	0.39470807	-1.1130227	0.29288754	-1.8260614	0.4198514	-0.16385955	0.12853296	-0.5212918	0.21364652	-0.39711964	0.41307637	-0.25795013	0.316297	-2.0383284	0.8047135	0.87766784
ATR_171_set19__75	16697.81554808499	22479.184400295362	aCM-RA	False	0.26018643	-1.855448	0.38791192	-0.546176	0.34927776	-1.7862319	0.3192931	-1.4448019	0.32374644	-1.5331726	0.5486211	0.71903414	0.46189654	0.62762946	0.24183236	-3.319117	0.5083775	-0.0255179	0.43170145	-0.44664797
ATR_171_set19__757	16590.672943599795	22766.13502739658	aCM-LA	False	0.3613592	-0.5539612	0.35976526	-0.8687183	0.41540873	-0.80626976	0.37008157	-0.7114878	0.24748746	-2.6197183	0.13895108	-0.49053192	0.15617906	-0.6343391	0.36197895	-1.1713704	0.23645096	-2.8750343	0.30596808	-0.8930429
ATR_172_set19__11	17072.475326492473	22543.993795594517	aCM-RA	False	0.45020837	0.58899456	0.46348003	0.31978527	0.49290946	0.34217528	0.41907328	-0.004116285	0.43959072	0.11738843	0.14056744	-0.48575956	0.23719111	-0.29993013	0.47428897	0.8362895	0.45152193	-0.621307	0.8030533	0.8717737
ATR_172_set19__157	16898.202172294834	22621.353188568617	aCM-RA	False	0.41163263	0.09275618	0.48308924	0.54449403	0.53510964	0.96751887	0.48145682	0.8966144	0.4475657	0.23101678	1.2261086	2.719341	0.99881977	2.8439903	0.45342976	0.46340916	0.6048768	0.985698	0.5299683	-0.09776815
ATR_172_set19__178	16865.488204562862	22597.223080013533	aCM-RA	False	0.45848995	0.695529	0.54785365	1.286652	0.5827657	1.6737105	0.5030911	1.2089831	0.49288672	0.87675524	1.209549	2.6704483	1.0093299	2.8873749	0.50459933	1.3781191	0.65561694	1.5174035	0.6182529	0.21567115
ATR_172_set19__187	16861.92028797369	22696.73666761897	aCM-RA	False	0.43901923	0.44505754	0.50712705	0.81995165	0.5703503	1.4897326	0.5312851	1.6160649	0.472565	0.5872092	1.3201209	2.996916	1.0960643	3.2454052	0.4778244	0.89948887	0.56272	0.54393697	0.6189905	0.2182899
ATR_172_set19__222	16825.90693786634	22641.86159475734	aCM-RA	False	0.33679548	-0.8699491	0.4149632	-0.2361861	0.4371765	-0.483704	0.36671627	-0.76007813	0.3723467	-0.84071124	0.9106078	1.7878134	0.7463286	1.8017341	0.36682117	-1.0848105	0.51323676	0.02540235	0.35605276	-0.7152258
ATR_172_set19__223	16824.167065934584	22648.956059948072	aCM-RA	False	0.4462324	0.5378479	0.46454793	0.33202276	0.43790558	-0.47290006	0.4375863	0.2631858	0.42322692	-0.115764655	0.14342853	-0.47731206	0.2110978	-0.40764046	0.40602168	-0.38406008	0.42424455	-0.9071465	0.83033586	0.96863574
ATR_172_set19__24	17056.509550120674	22590.79375899365	aFibro	False	0.48383558	1.0215751	0.5079953	0.82990134	0.50182736	0.4743252	0.42426223	0.07080475	0.51151633	1.1421918	0.18236682	-0.36234534	0.27489096	-0.14430924	0.48288944	0.990032	0.57116413	0.6324229	0.9738053	1.4779997
ATR_172_set19__310	16984.15168183021	22504.924612704322	aCM-RA	False	0.5436412	1.7909149	0.6022869	1.9104213	0.55335563	1.2378973	0.47644258	0.82421577	0.51204103	1.1496677	0.44002178	0.39839056	0.44340435	0.5512957	0.594904	2.9924102	0.44541186	-0.6853344	1.0674634	1.8105167
ATR_172_set19__354	16780.012802308855	22516.264210558045	aCM-RA	False	0.38667712	-0.22827157	0.4757746	0.46067291	0.51297385	0.6394995	0.44745338	0.40565246	0.43181342	0.0065766154	1.1429429	2.4737914	0.9201682	2.5193253	0.44049895	0.23225729	0.59626293	0.8954331	0.4757728	-0.29018015
ATR_172_set19__372	16781.565674198522	22637.250336831898	aFibro	False	0.38263917	-0.28021574	0.41848037	-0.1958815	0.39948705	-1.0422053	0.3191259	-1.4472164	0.42485118	-0.09262208	0.07096536	-0.6912623	0.19163443	-0.48798314	0.42300346	-0.08049288	0.47643414	-0.3602521	0.78484094	0.80711377
ATR_172_set19__404	16848.348314143564	22536.817551244098	aCM-RA	False	0.3496012	-0.7052161	0.44378877	0.09413627	0.46272612	-0.1050968	0.40001112	-0.27934715	0.40886518	-0.32039216	0.857732	1.6316955	0.70598507	1.6352004	0.39048928	-0.66171813	0.58003336	0.72536355	0.4313152	-0.44801924
ATR_172_set19__473	17039.296752499984	22685.367694368382	aFibro	False	0.44317436	0.49850914	0.4243426	-0.1287041	0.4449149	-0.36903232	0.34683573	-1.0471251	0.4667557	0.5044376	0.084417045	-0.6515457	0.16912611	-0.58089507	0.44022346	0.22733258	0.5058743	-0.051749088	0.84311175	1.0139943
ATR_172_set19__67	17012.15265088044	22529.278016565077	aCM-RA	False	0.43388578	0.37902084	0.51562035	0.91727936	0.5600931	1.3377365	0.4932371	1.0667052	0.47262627	0.58808225	1.2162849	2.6903362	0.9934819	2.821956	0.48333022	0.99791133	0.6302031	1.2510923	0.5560981	-0.004998797
ATR_172_set19__88	16987.46160230576	22533.028617383334	Trabecular vFibro	False	0.50882983	1.3431013	0.62170786	2.132973	0.52587897	0.8307341	0.4565877	0.53753924	0.45751297	0.3727465	0.07250602	-0.68671346	0.16830428	-0.58428746	0.47460592	0.8419553	0.4784944	-0.3386626	0.79856515	0.85583925
ATR_173_set19__154	17162.081857218545	22643.574876232247	aFibro	False	0.46516997	0.78146064	0.47566625	0.4594315	0.46227658	-0.11175829	0.3806532	-0.5588483	0.4972181	0.9384692	0.1458536	-0.470152	0.20354575	-0.43881452	0.39227536	-0.62979	0.5184824	0.08037124	0.7890762	0.82215035
ATR_173_set19__188	17119.358454378635	22446.02291157721	aCM-RA	False	0.43946886	0.45084155	0.47412807	0.4418049	0.47880256	0.1331321	0.43389583	0.20990042	0.42974645	-0.022873782	0.3368995	0.093918145	0.34835458	0.1589406	0.48076338	0.9520263	0.4388821	-0.7537596	0.66744053	0.39030358
ATR_173_set19__199	17111.663881223438	22671.49893434346	aFibro	False	0.4654332	0.784847	0.49447814	0.6750034	0.4458369	-0.35536972	0.3698958	-0.71417034	0.5059133	1.0623595	0.11493596	-0.5614374	0.201462	-0.447416	0.41645628	-0.19753066	0.58334297	0.76004493	0.81654936	0.9196891
ATR_173_set19__220	17081.96419160578	22656.252043588975	aCM-RA	False	0.41895133	0.18690403	0.45407516	0.2120116	0.5376187	1.0046993	0.51818806	1.426962	0.43259346	0.017690789	1.5380822	3.640455	1.2207198	3.7599695	0.4592477	0.5674111	0.5196965	0.09309365	0.54308385	-0.051203705
ATR_173_set19__291	17086.978622539795	22607.069219799683	aCM-RA	False	0.38257435	-0.28104958	0.4702354	0.3971975	0.5150561	0.67035496	0.471408	0.75152373	0.42542294	-0.08447562	1.3087474	2.9633353	1.0923461	3.2300568	0.43445796	0.124268234	0.56254554	0.5421088	0.5171054	-0.14343576
ATR_173_set19__365	17197.51474165055	22500.409452857504	aCM-RA	False	0.40881374	0.056494072	0.495933	0.6916751	0.5474497	1.1503803	0.473691	0.7844867	0.44156265	0.14548469	1.3482583	3.0799925	1.08845	3.213974	0.4672197	0.70991904	0.57513887	0.6740742	0.5895263	0.113682315
ATR_173_set19__368	17164.044504848862	22490.297657396008	aCM-RA	False	0.33840537	-0.8492394	0.43676716	0.013673243	0.45660076	-0.1958655	0.39229062	-0.39082032	0.39308104	-0.54528624	0.94175	1.8797618	0.754452	1.8352666	0.40513858	-0.39984646	0.55028486	0.4136292	0.3988131	-0.5634125
ATR_173_set19__39	17316.148761559805	22506.517297369493	aCM-RA	False	0.32359558	-1.0397526	0.37019235	-0.7492307	0.38846284	-1.2055676	0.31689957	-1.4793613	0.2468683	-2.6285403	0.07098386	-0.6912077	0.10000662	-0.86621284	0.38080838	-0.8347744	0.18718214	-3.3913224	0.17514871	-1.3574948
ATR_173_set19__394	17213.146911103497	22589.556799181555	aCM-LA	False	0.33720842	-0.864637	0.39611056	-0.45222485	0.43363473	-0.5361877	0.36491036	-0.78615284	0.36823788	-0.8992541	0.7117486	1.2006742	0.5795838	1.1134298	0.3755543	-0.92869675	0.4931228	-0.18537188	0.39345706	-0.5824282
ATR_173_set19__409	17127.84539423316	22586.85652271094	aCM-RA	False	0.37712818	-0.35110906	0.4605143	0.28580007	0.48798007	0.26912904	0.4203716	0.0146294655	0.41435245	-0.24220909	0.93388176	1.8565305	0.80536187	2.045417	0.43886104	0.202978	0.5162878	0.05737421	0.4399625	-0.4173185
ATR_173_set19__62	17269.464564921043	22608.54054488156	aFibro	False	0.43646973	0.41226077	0.5041173	0.785462	0.42863157	-0.610327	0.3673644	-0.7507199	0.44156355	0.14549743	0.10158922	-0.6008442	0.1556119	-0.63668025	0.39383742	-0.6018666	0.32629403	-1.9335694	0.84306157	1.0138162
ATR_173_set19__72	17264.704120087274	22581.824587265215	aCM-RA	False	0.41948938	0.19382551	0.5050176	0.7957785	0.53516996	0.9684127	0.4675907	0.69640696	0.46097293	0.42204437	1.1346918	2.4494298	0.93665004	2.5873604	0.47110814	0.7794288	0.6094053	1.0331517	0.5531143	-0.015592302
ATR_173_set19__75	17258.8784692317	22554.00465155623	aCM-RA	False	0.357851	-0.5990908	0.42157152	-0.16045886	0.44687545	-0.33997995	0.41177785	-0.109452054	0.41638163	-0.21329711	0.84247327	1.5866436	0.70371205	1.6258177	0.36204022	-1.170275	0.54441404	0.35210893	0.4364703	-0.42971697
ATR_173_set19__98	17231.037725853283	22585.604550401113	aCM-RA	False	0.41654772	0.1559839	0.34722614	-1.0124085	0.54888046	1.1715819	0.49116388	1.0367707	0.4137994	-0.25008887	1.1272492	2.4274552	0.85804117	2.2628715	0.4162648	-0.20095356	0.63393974	1.2902483	0.5385331	-0.067360386
ATR_174_set19__221	17288.86099499411	22280.179619315368	aCM-RA	False	0.33094674	-0.9451872	0.3999147	-0.4086318	0.45932344	-0.15551944	0.39884165	-0.2962327	0.39112216	-0.57319653	0.9988797	2.0484393	0.8171309	2.0939984	0.3887247	-0.6932616	0.53265333	0.22886848	0.3872479	-0.60447276
ATR_174_set19__223	17239.289280909812	22318.560532990996	aCM-RA	False	0.3864705	-0.23092952	0.48465535	0.5624407	0.50497776	0.52100945	0.4475489	0.4070316	0.43022722	-0.016023707	1.0533551	2.20928	0.9007283	2.4390793	0.471139	0.7799807	0.5750554	0.6731997	0.518729	-0.13767155
ATR_174_set19__75	17185.208121254225	22352.816409052084	aCM-RA	False	0.62328523	2.815456	0.67751145	2.772446	0.6441475	2.5832973	0.52020174	1.4560367	0.54830533	1.6663653	0.18195961	-0.36354762	0.20839497	-0.41879743	0.5777953	2.6865745	0.66357726	1.6008196	0.6807778	0.43765524
ATR_175_set19__129	17400.20499547469	22349.897345385845	aCM-RA	False	0.4492922	0.5772092	0.5141079	0.89994746	0.56868815	1.4651023	0.49817225	1.1379619	0.48863608	0.8161916	1.1984329	2.6376278	0.99140185	2.81337	0.48276138	0.9877428	0.6379922	1.332714	0.600788	0.15366508
ATR_175_set19__176	17608.063664511876	22318.17958779083	aCM-RA	False	0.44264174	0.49165744	0.42670134	-0.101674534	0.5629645	1.3802862	0.5428439	1.7829574	0.44730258	0.22726776	1.176915	2.5740955	0.9552455	2.6641204	0.46521637	0.6741072	0.81774265	3.216318	0.44853783	-0.38687328
ATR_175_set19__188	17568.400501509535	22432.275102810825	VSMC	False	0.4520408	0.6125669	0.5311257	1.0949608	0.47148418	0.024684679	0.3765086	-0.61869067	0.4058366	-0.36354357	0.14311855	-0.47822732	0.21373579	-0.39675114	0.48583084	1.0426127	0.42911252	-0.8561351	0.7165597	0.56469285
ATR_175_set19__193	17548.213634556138	22336.43562399418	EPDC	False	0.36698884	-0.48154163	0.4215176	-0.16107666	0.38296726	-1.2870039	0.33941445	-1.154278	0.38224822	-0.6996333	0.087958366	-0.6410898	0.16498668	-0.59798217	0.35975385	-1.2111464	0.4062974	-1.0952147	0.6843146	0.45021212
ATR_175_set19__229	17458.224115667275	22391.474860890252	aCM-RA	False	0.4277002	0.29944938	0.5516858	1.330566	0.4816179	0.17485118	0.3952229	-0.3484823	0.38902	-0.6031484	0.21838045	-0.25601372	0.25643545	-0.22049157	0.41671383	-0.19292666	0.4624627	-0.50665885	0.3668887	-0.6767546
ATR_175_set19__260	17429.7389218884	22305.88484851257	aCM-RA	False	0.42463717	0.26004663	0.48237607	0.5363216	0.5334301	0.9426306	0.5053811	1.2420475	0.45116284	0.2822692	1.1075548	2.3693066	0.95203114	2.650852	0.42682427	-0.012191935	0.5987385	0.9213745	0.5754851	0.06383148
ATR_175_set19__317	17613.497964963128	22371.895512684296	aCM-RA	False	0.37997764	-0.3144536	0.46952653	0.38907424	0.5077418	0.5619685	0.4428194	0.3387441	0.42979825	-0.02213578	1.1358061	2.4527197	0.907302	2.466215	0.447514	0.35765868	0.5913423	0.84386957	0.4457462	-0.39678442
ATR_175_set19__465	17434.31339885293	22278.13259036865	aCM-RA	False	0.32334623	-1.0429603	0.41414803	-0.24552722	0.4539088	-0.23575623	0.38602376	-0.48130503	0.37756684	-0.76633406	1.0187987	2.107251	0.803095	2.0360596	0.38193533	-0.814629	0.5377794	0.28258443	0.3606733	-0.6988213
ATR_175_set19__468	17566.254910163858	22419.312122447478	VIC	True	0.35361892	-0.65353227	0.41601434	-0.22414051	0.43298924	-0.5457529	0.34104154	-1.1307852	0.3483607	-1.1824664	0.19563207	-0.3231792	0.22340593	-0.35683388	0.52359873	1.7177534	0.29285887	-2.2839363	0.30071214	-0.9117033
ATR_175_set19__62	17429.1348193071	22346.190024826108	aCM-RA	False	0.46644112	0.7978128	0.44997463	0.16502218	0.48034507	0.15598977	0.3806935	-0.5582666	0.38745508	-0.62544554	0.17914522	-0.37185723	0.21390533	-0.3960513	0.53567237	1.9335823	0.35814032	-1.5998524	0.6267624	0.24588275
ATR_178_set19__114	17905.465608618397	22421.823640556187	aCM-RA	False	0.5420318	1.7702118	0.59120744	1.7834582	0.53657514	0.98923534	0.49020353	1.0229046	0.5185634	1.242599	0.22160734	-0.24648622	0.263238	-0.19241135	0.5034128	1.3569083	0.5517209	0.42867762	1.1662651	2.1612954
ATR_178_set19__152	17887.420335037175	22429.256275867134	aCM-RA	False	0.3298225	-0.9596494	0.38987872	-0.5236377	0.4250491	-0.66341394	0.359317	-0.8669131	0.38473284	-0.6642322	0.924633	1.8292234	0.75495625	1.8373481	0.372097	-0.9904998	0.49265093	-0.1903165	0.56336457	0.02079954
ATR_178_set19__155	17875.139975695092	22342.846996761175	aCM-RA	False	0.48819572	1.077664	0.36818758	-0.7722041	0.5155255	0.6773115	0.47891012	0.8598436	0.5753055	2.0510666	0.68974954	1.1357211	0.5014791	0.79102194	0.45742497	0.5348277	0.6898978	1.8766321	0.73002577	0.6125018
ATR_178_set19__216	17784.01716217792	22286.348170489055	aCM-LA	False	0.29612815	-1.3930937	0.30080494	-1.5443652	0.36983365	-1.4816244	0.3447263	-1.0775825	0.30955297	-1.7354027	0.67455405	1.0908558	0.53272045	0.91998285	0.36248565	-1.1623125	0.3142103	-2.060195	0.43302953	-0.44193286
ATR_178_set19__256	17993.72795900707	22379.552187623987	aCM-RA	False	0.3338619	-0.9076868	0.398967	-0.41949198	0.4195756	-0.7445229	0.35316953	-0.955674	0.33728537	-1.3402686	0.72100437	1.2280021	0.6263504	1.3064772	0.338546	-1.5902588	0.3802113	-1.3685708	0.5894648	0.11346393
ATR_178_set19__267	17924.234923838703	22384.853681895223	aCM-RA	False	0.33288094	-0.92030567	0.42506588	-0.12041587	0.42375457	-0.68259686	0.40320906	-0.2331734	0.38087046	-0.7192638	0.84780306	1.60238	0.7240038	1.7095797	0.34967604	-1.3912977	0.4989895	-0.1238947	0.45238426	-0.37321717
ATR_178_set19__275	17898.96794516284	22428.264278199673	ncCM-IFT-like	False	0.39717275	-0.09325573	0.4516138	0.18380621	0.39358872	-1.1296097	0.40783513	-0.16637951	0.3946035	-0.5235942	0.25317997	-0.15326686	0.25503513	-0.22627194	0.38123533	-0.82714224	0.3821859	-1.3478788	0.63131404	0.2620426
ATR_178_set19__286	17862.29586940285	22423.49726682746	aFibro	False	0.4965493	1.1851246	0.5217843	0.98791426	0.5016021	0.47098738	0.41094726	-0.12144461	0.5208589	1.2753054	0.090058476	-0.6348891	0.23213935	-0.32078326	0.4936698	1.1827424	0.53362054	0.23900382	0.9644258	1.4446993
ATR_178_set19__300	17823.655145509503	22344.98808112166	aCM-RA	False	0.38784093	-0.21330032	0.45322227	0.20223811	0.49668646	0.39814472	0.46970063	0.7268716	0.41950548	-0.1687882	1.1396844	2.4641707	0.94462305	2.6202722	0.43825725	0.19218454	0.4553266	-0.58143806	0.45429415	-0.36643645
ATR_178_set19__317	17698.246557853054	22269.75847758037	aCM-RA	False	0.43161798	0.34984776	0.3906449	-0.5148577	0.4164298	-0.79113925	0.33551198	-1.2106242	0.404448	-0.38332862	0.16123454	-0.42473915	0.17287624	-0.5654149	0.43523222	0.13810903	0.302016	-2.187979	0.9742143	1.4794518
ATR_178_set19__323	17733.580581902537	22401.93425081219	aEndocardial	False	0.49796438	1.2033281	0.5936478	1.8114228	0.5276704	0.8572802	0.48159897	0.8986669	0.4618522	0.4345721	0.091078416	-0.6318777	0.17121671	-0.57226527	0.4662532	0.6926415	0.49914202	-0.122296356	0.68500316	0.45265672
ATR_178_set19__332	17896.514207662745	22374.839610933985	Trabecular vFibro	False	0.45429662	0.6415859	0.43826863	0.03087912	0.44753322	-0.33023283	0.34110183	-1.1299148	0.44884104	0.24918783	0.047893383	-0.7593832	0.16202787	-0.6101958	0.38334376	-0.7894519	0.46260893	-0.50512636	0.9236796	1.3000368
ATR_178_set19__342	17905.272331684813	22316.78272069372	aCM-RA	False	0.41912612	0.18915254	0.5076271	0.8256823	0.55122066	1.2062601	0.46332046	0.6347509	0.46957266	0.54457414	1.0284289	2.1356845	0.8703819	2.3138127	0.4770779	0.8861446	0.61582446	1.1004183	0.5038183	-0.19060946
ATR_178_set19__74	17736.64088195851	22303.41392394421	aCM-RA	False	0.40311363	-0.016832173	0.48532844	0.5701538	0.5242832	0.80708677	0.45614538	0.5311527	0.43735033	0.08546712	1.0473148	2.1914458	0.8647007	2.2903612	0.4489873	0.38399562	0.5932039	0.8633776	0.520115	-0.13275063
ATR_178_set19__80	17744.223142561936	22372.04283856165	aEndocardial	False	0.45632157	0.66763484	0.5769549	1.6201334	0.48489907	0.2234733	0.40131852	-0.26047015	0.4275049	-0.054811638	0.098897286	-0.60879225	0.14812943	-0.6675671	0.47211397	0.79740906	0.44644666	-0.6744908	0.7881815	0.8189738
ATR_179_set19__11	17893.567733833206	22441.55268956755	aCM-RA	False	0.4109703	0.08423601	0.44688323	0.12959681	0.4682094	-0.02384294	0.44773176	0.40967193	0.4072862	-0.34288973	0.21205896	-0.27467817	0.24620391	-0.26272625	0.41982055	-0.13739088	0.37501383	-1.423035	0.7561922	0.7054013
ATR_180_set19__165	17573.86171400652	22485.698537970962	aCM-RA	False	0.42802274	0.30359867	0.5267382	1.044683	0.5425224	1.0773644	0.49617672	1.1091491	0.45177725	0.2910233	1.1574919	2.516748	0.93261105	2.5706878	0.46214503	0.6192038	0.61167055	1.0568895	0.4286394	-0.45751923
ATR_180_set19__2	17695.025165555773	22486.94511508389	aFibro	False	0.43855095	0.43903354	0.4168502	-0.21456204	0.456355	-0.19950715	0.36980087	-0.7155408	0.46852085	0.5295878	0.101221494	-0.6019299	0.21895213	-0.37521863	0.40449908	-0.41127816	0.46024886	-0.5298576	0.8082907	0.8903682
ATR_180_set19__20	17665.873083157654	22481.439104940735	aCM-RA	False	0.31617787	-1.135174	0.25137287	-2.1108243	0.35227618	-1.7417998	0.29996058	-1.7239366	0.19821413	-3.3217697	0.044750467	-0.7686628	0.060789485	-1.0280969	0.34345323	-1.5025371	0.1921296	-3.3394778	0.26760018	-1.0292616
ATR_180_set19__35	17632.10318404725	22482.425499480963	aCM-RA	False	0.36680087	-0.4839596	0.3202645	-1.3213714	0.42516726	-0.6616629	0.3541538	-0.94146234	0.2645616	-2.3764443	0.12117414	-0.543019	0.11967041	-0.78504276	0.41143018	-0.28737754	0.1918313	-3.342604	0.3085655	-0.88382125
ATR_180_set19__89	17461.170127675163	22502.09238704753	aCM-RA	False	0.43114895	0.34381416	0.47042572	0.39937845	0.48122314	0.1690014	0.41189346	-0.1077829	0.39709723	-0.48806316	0.34122738	0.10669641	0.37803414	0.28145462	0.47481215	0.8456419	0.3913567	-1.2517781	0.8921979	1.1882664
ATR_182_set19__18	16556.738297709213	22782.202494967314	aCM-RA	False	0.5031726	1.2703264	0.51923573	0.9587093	0.5194177	0.7349878	0.47318116	0.7771255	0.4741751	0.6101501	0.17750686	-0.37669453	0.24830355	-0.2540592	0.4773613	0.8912105	0.48832187	-0.23568065	0.9529434	1.4039329
ATR_184_set19__117	15991.61618818101	22584.889432405038	aCM-RA	False	0.41438437	0.12815455	0.47055936	0.4009098	0.53735256	1.0007557	0.4850577	0.94860625	0.44976854	0.26240304	1.1278683	2.4292831	0.93215275	2.568796	0.44538483	0.31959757	0.55375	0.44994015	0.54546493	-0.04275006
ATR_184_set19__168	15904.079868636503	22512.491901692913	aCM-RA	False	0.36713648	-0.4796424	0.4250203	-0.12093804	0.49084157	0.31153217	0.44533676	0.37509143	0.40517354	-0.37299109	1.4569049	3.400776	1.1704644	3.5525208	0.41314277	-0.25676316	0.488941	-0.22919266	0.539534	-0.06380693
ATR_184_set19__177	15888.972648601879	22495.575055692578	aFibro	False	0.48128405	0.9887523	0.47606987	0.46405664	0.46565711	-0.06166378	0.43267012	0.1922029	0.47483405	0.619539	0.10907009	-0.57875663	0.2232591	-0.35743994	0.4285446	0.018560937	0.46429434	-0.48746496	0.7626997	0.72850513
ATR_184_set19__201	16105.008604124632	22604.80703176133	aEndocardial	False	0.49391267	1.1512069	0.57820207	1.634425	0.5127859	0.6367146	0.44588012	0.38293675	0.45781398	0.37703523	0.14976193	-0.45861247	0.17989416	-0.5364457	0.46896848	0.7411802	0.56090313	0.524898	0.8591316	1.07087
ATR_184_set19__295	16104.613688532023	22524.221995403048	aCM-RA	False	0.44795588	0.56001854	0.5307832	1.0910355	0.5729528	1.528298	0.50928116	1.2983588	0.4813404	0.7122422	1.1757609	2.5706875	0.9733403	2.7388136	0.49459544	1.199289	0.62908983	1.239426	0.611798	0.19275418
ATR_184_set19__321	16064.103611496208	22528.41221144426	aFibro	False	0.4975803	1.1983871	0.47700974	0.474827	0.49733818	0.4078022	0.39907572	-0.2928531	0.5120668	1.1500347	0.13788927	-0.49366698	0.22978319	-0.33050922	0.4424052	0.26633346	0.5138661	0.03199747	0.77119774	0.7586759
ATR_184_set19__351	16006.59036091798	22573.8897393548	aCM-RA	False	0.37616566	-0.363491	0.4649891	0.3370782	0.5056088	0.53036046	0.44680697	0.39631918	0.41767323	-0.19489422	1.0951043	2.3325462	0.86252964	2.2813995	0.43320882	0.10193864	0.61167824	1.0569701	0.45164797	-0.37583125
ATR_184_set19__373	16087.487113562816	22572.919632616224	aEndocardial	False	0.44735655	0.55230886	0.5835222	1.6953903	0.46775344	-0.030599374	0.36157697	-0.8342823	0.441443	0.14377981	0.08951688	-0.63648826	0.12151695	-0.7774205	0.393092	-0.6151917	0.43175042	-0.8284926	0.510615	-0.16647886
ATR_184_set19__65	16069.030929498973	22479.53014568009	aCM-RA	False	0.44349033	0.5025737	0.5346463	1.1353041	0.5598232	1.3337371	0.47686836	0.8303635	0.48568344	0.7741222	1.042813	2.178154	0.8732804	2.3257773	0.4910077	1.1351541	0.6567633	1.5294163	0.57165444	0.050231326
ATR_184_set19__70	16065.436295277917	22489.683472159457	aCM-RA	False	0.39567155	-0.1125672	0.47506797	0.4525756	0.5077749	0.5624587	0.44671512	0.39499298	0.4418794	0.14999762	0.9656606	1.9503587	0.7986648	2.0177722	0.4280008	0.008839886	0.6110299	1.0501764	0.4582388	-0.3524316
ATR_185_set19__128	16223.976196191245	22727.608290526332	aCM-RA	False	0.44959414	0.5810932	0.4170263	-0.21254402	0.47085574	0.015372114	0.36698318	-0.75622433	0.45483965	0.33465666	0.28133515	-0.07013765	0.3310934	0.08768833	0.4664924	0.6969179	0.5074812	-0.03490996	1.1316859	2.0385277
ATR_185_set19__159	16176.377880149448	22633.520941683408	aEndocardial	False	0.48766962	1.0708963	0.54058546	1.2033633	0.5184371	0.72045654	0.44951114	0.43536365	0.46071213	0.41832846	0.10463713	-0.59184515	0.18588555	-0.5117139	0.46119708	0.60225815	0.51756847	0.07079429	0.70433474	0.5212902
ATR_185_set19__175	16440.740809790084	22623.091753657314	aEndocardial	False	0.4781974	0.94904554	0.55226576	1.337212	0.5005298	0.45509768	0.4036485	-0.22682858	0.44173688	0.14796706	0.1573121	-0.43632033	0.22101897	-0.36668697	0.48022863	0.9424672	0.44904667	-0.6472452	0.7061378	0.52769154
ATR_185_set19__20	16418.365162313166	22742.35976901899	aCM-RA	False	0.4300925	0.33022422	0.4866025	0.5847536	0.54684263	1.1413844	0.49859256	1.1440305	0.46179464	0.43375215	1.2445226	2.773709	1.0447139	3.033436	0.45991278	0.5792999	0.58097845	0.73526716	0.5774405	0.07077376
ATR_185_set19__215	16353.252923952792	22685.020568920892	aCM-RA	False	0.46430862	0.77038026	0.5357871	1.1483773	0.5889451	1.7652798	0.52431256	1.5153911	0.4995446	0.9716172	1.2939315	2.9195907	1.0681624	3.1302292	0.5183369	1.6236925	0.6553701	1.514817	0.62947166	0.25550154
ATR_185_set19__243	16284.71106954737	22552.224162710816	aCM-RA	False	0.4766383	0.9289892	0.56171834	1.4455323	0.603371	1.9790506	0.51603746	1.3959104	0.5180666	1.2355205	1.1098405	2.3760552	0.92143565	2.524557	0.5288005	1.8107402	0.69114995	1.8897537	0.57606626	0.06589473
ATR_185_set19__255	16213.318499630206	22558.376238886438	aEndocardial	False	0.4704264	0.84907955	0.5691246	1.530403	0.49871102	0.4281457	0.434075	0.21248741	0.44600332	0.20875573	0.086985834	-0.64396125	0.16380288	-0.6028688	0.44717735	0.35164076	0.44358283	-0.7045008	0.680059	0.43510336
ATR_185_set19__275	16435.257305134175	22710.450725558796	aCM-RA	False	0.39177603	-0.1626792	0.4455614	0.11444959	0.5221663	0.7757181	0.46929497	0.7210143	0.4307564	-0.008484038	1.3688573	3.140812	1.1032267	3.2749705	0.46383473	0.649409	0.57325715	0.65435565	0.5404303	-0.060624644
ATR_185_set19__287	16302.324889425794	22541.304819647605	aCM-RA	False	0.32756615	-0.98867524	0.40682042	-0.32949692	0.4348592	-0.51804304	0.38353375	-0.51725733	0.36459234	-0.9511961	1.0266387	2.130399	0.8767289	2.3400123	0.3816143	-0.8203678	0.46047607	-0.5274766	0.36039796	-0.6997989
ATR_185_set19__516	16390.057150740497	22742.169398217145	aCM-RA	False	0.26195502	-1.8326969	0.31746978	-1.353397	0.4333558	-0.5403209	0.28278556	-1.9719197	0.32020214	-1.5836722	1.150016	2.494675	1.0224409	2.9414957	0.33540225	-1.6464568	0.33481926	-1.8442336	0.32538986	-0.82408917
ATR_185_set19__594	16256.994350114312	22655.222066174858	aCM-RA	False	0.35400555	-0.64855874	0.4147594	-0.23852138	0.47463596	0.071389265	0.41693282	-0.03502156	0.3984933	-0.46817195	1.0057087	2.0686023	0.8269109	2.1343691	0.41058484	-0.30248892	0.57713807	0.6950238	0.47179317	-0.30430913
ATR_185_set19__83	16312.621268506586	22546.657027522066	aCM-RA	False	0.36060634	-0.5636461	0.37861168	-0.6527506	0.45034382	-0.28858396	0.43114248	0.17014596	0.39268926	-0.5508684	0.9701053	1.9634819	0.78497434	1.9612595	0.39868274	-0.5152514	0.4749742	-0.375551	0.4919112	-0.23288348
ATR_186_set19__98	16249.144636308627	22243.329966098383	aCM-RA	False	0.42447093	0.25790817	0.53207123	1.1057957	0.44563589	-0.3583485	0.4404571	0.3046361	0.38693964	-0.6327895	0.10453953	-0.5921333	0.16741146	-0.58797294	0.40036148	-0.48524222	0.4513845	-0.622747	0.47475135	-0.2938066
ATR_187_set19__127	16557.85621371153	22369.075773947472	aCM-RA	False	0.2943694	-1.4157183	0.40238106	-0.38036904	0.39712542	-1.077201	0.34383947	-1.090387	0.34910566	-1.171852	0.7465701	1.303486	0.66570485	1.468928	0.3239212	-1.8516926	0.5448204	0.3563674	0.48950365	-0.24143107
ATR_187_set19__182	16606.784495388692	22397.67251656114	aCM-RA	False	0.4144624	0.12915823	0.48097926	0.5203151	0.5173433	0.704248	0.46785912	0.7002827	0.4423978	0.157384	0.9342448	1.8576025	0.83078384	2.1503563	0.4462055	0.33426785	0.584567	0.7728716	0.45081234	-0.378798
ATR_187_set19__190	16683.576654965025	22381.35580315961	aCM-RA	False	0.3308724	-0.94614375	0.29782924	-1.5784647	0.39572152	-1.0980047	0.3743563	-0.6497668	0.2416609	-2.702736	0.1903128	-0.3388845	0.13499397	-0.7217888	0.35551652	-1.286893	0.239678	-2.8412185	0.52644813	-0.110265985
ATR_187_set19__197	16633.4564733492	22408.080852822997	aCM-RA	False	0.4423175	0.48748627	0.54612404	1.2668318	0.5479622	1.1579745	0.49119154	1.03717	0.4503675	0.2709372	1.0249234	2.1253345	0.8716573	2.3190775	0.47115964	0.7803494	0.6341138	1.292072	0.584746	0.096710704
ATR_192_set19__121	16487.18990230798	21241.03087000822	aCM-RA	False	0.41351545	0.116976805	0.48322305	0.5460275	0.53943366	1.0315944	0.49145436	1.040965	0.4562704	0.35504213	1.2661397	2.8375347	1.0896748	3.2190301	0.44397902	0.29446733	0.5434693	0.34220907	0.63733745	0.2834277
ATR_192_set19__14	16735.180821480273	21326.30549760408	aCM-RA	False	0.39264074	-0.15155551	0.4823811	0.5363793	0.5060672	0.53715354	0.4347818	0.22269249	0.45199183	0.29408062	0.9500141	1.9041619	0.77662015	1.9267744	0.4339791	0.115708046	0.60705936	1.0085689	0.43632057	-0.43024856
ATR_192_set19__178	16573.927954372055	21255.86923986133	aCM-RA	False	0.46599466	0.79206944	0.47880968	0.49545315	0.58489496	1.7052629	0.52538824	1.5309225	0.5117124	1.144985	1.094935	2.3320465	0.98583615	2.7903953	0.4862602	1.050288	0.6075662	1.0138798	0.6125491	0.19542097
ATR_192_set19__222	16591.838879063347	21271.41032400364	aCM-RA	False	0.41162056	0.09260092	0.4087422	-0.30747464	0.53147465	0.91365373	0.52114326	1.4696308	0.41936854	-0.17073935	1.4679925	3.4335127	1.1969047	3.661663	0.45974582	0.57631546	0.52787375	0.17878333	0.5089931	-0.17223714
ATR_192_set19__261	16603.040114539017	21231.86312511381	aCM-RA	False	0.36057463	-0.564054	0.4103171	-0.28942728	0.48388126	0.20839089	0.4506558	0.45189077	0.38625357	-0.6425648	1.0352405	2.155796	0.8654437	2.2934284	0.37623832	-0.91646916	0.5444897	0.35290152	0.5290588	-0.1009972
ATR_192_set19__294	16713.54104396623	21306.777979924074	Pericyte	False	0.4113454	0.08906119	0.46309093	0.31532642	0.4841151	0.21185589	0.42408624	0.068263814	0.4502446	0.26918602	0.20113039	-0.30694517	0.26702404	-0.17678303	0.41840896	-0.1626245	0.49445567	-0.17140464	0.9494245	1.3914398
ATR_192_set19__45	16663.738576296084	21257.42075244639	aCM-RA	False	0.42829067	0.30704522	0.48961842	0.6193142	0.55228746	1.2220684	0.48502547	0.9481407	0.45645705	0.35770154	1.2846174	2.8920908	1.0632541	3.1099682	0.4585927	0.5557024	0.5732017	0.6537748	0.62734437	0.24794896
ATR_193_set19__100	16822.054813513503	21315.668904746555	aCM-RA	False	0.40769258	0.042071424	0.43966866	0.04692248	0.49237764	0.33429447	0.48695728	0.9760334	0.4313636	0.00016772747	1.2646811	2.8332279	1.0003536	2.8503215	0.54687417	2.1338263	0.37901923	-1.3810624	0.4420147	-0.41003254
ATR_193_set19__101	16812.638474660045	21219.126637015124	aCM-RA	False	0.34203252	-0.80257976	0.39660728	-0.44653282	0.43778512	-0.47468513	0.38538855	-0.49047652	0.38965395	-0.59411573	0.8572661	1.6303201	0.72432363	1.7109	0.38326147	-0.7909228	0.5440102	0.34787726	0.40455383	-0.543031
ATR_193_set19__107	16810.15395036286	21258.06125477774	aFibro	False	0.52704704	1.5774474	0.54241735	1.2243555	0.57212186	1.5159847	0.42852685	0.13237992	0.5324403	1.4403187	0.120383866	-0.54535234	0.24116318	-0.28353387	0.5013051	1.3192313	0.6364274	1.3163164	0.7432093	0.6593077
ATR_193_set19__203	16754.01495582269	21281.155060237485	aEndocardial	False	0.46942845	0.8362418	0.56565905	1.4906902	0.51451975	0.66240746	0.5535925	1.9381524	0.40902936	-0.3180529	0.05952544	-0.72503906	0.11179602	-0.81754744	0.40288875	-0.44006467	0.46781737	-0.45054725	0.6485441	0.32321492
ATR_193_set19__40	16981.322194762528	21241.052259811884	aCM-RA	False	0.41103312	0.08504417	0.4950096	0.68109363	0.5106503	0.6050677	0.42460012	0.075683534	0.45297992	0.3081591	1.2931471	2.917275	1.0501715	3.0559647	0.40827662	-0.34375077	0.4583792	-0.5494496	0.46019295	-0.34549376
ATR_194_set19__123	16918.64772478766	20927.769465754347	EPDC	False	0.41990653	0.19919164	0.38800406	-0.54512006	0.42172587	-0.7126592	0.39302045	-0.3802826	0.4778631	0.6626972	0.17622234	-0.38048714	0.15960616	-0.6201924	0.38367382	-0.78355175	0.5932877	0.8642558	0.7563831	0.7060791
ATR_194_set19__214	16820.626042101398	20993.09893560584	aFibro	False	0.47872904	0.9558846	0.42983013	-0.06582056	0.49703082	0.4032477	0.38954324	-0.43048874	0.5282841	1.3811003	0.1608074	-0.42600033	0.25032285	-0.24572374	0.48725152	1.0680088	0.4711602	-0.41551766	0.8815451	1.1504456
ATR_194_set19__229	16803.855928620105	20957.2668859787	EPDC	False	0.44711798	0.54923993	0.4716794	0.41374463	0.43918124	-0.45399672	0.33537507	-1.2126011	0.48245984	0.72819203	0.06418216	-0.71128994	0.17562763	-0.5540575	0.4302851	0.049673945	0.52520776	0.15084636	0.8718453	1.1160079
ATR_194_set19__273	16760.45758818605	21064.15078932531	EPDC	False	0.53031033	1.6194265	0.5088118	0.83925754	0.5207373	0.7545421	0.39010414	-0.42238998	0.54420274	1.6079111	0.14838506	-0.46267772	0.22816831	-0.33717528	0.47784755	0.8999028	0.61658144	1.1083506	0.89232564	1.1887199
ATR_194_set19__332	16818.678749070965	21142.69766314081	aCM-RA	False	0.44231823	0.48749587	0.5145895	0.9054664	0.5577378	1.3028347	0.48739955	0.9824191	0.47404674	0.6083212	1.1634656	2.5343854	0.9824288	2.77633	0.48127967	0.96125567	0.6075511	1.0137218	0.59404236	0.12971584
ATR_194_set19__413	17049.851680862837	21124.940564625696	aFibro	False	0.30586562	-1.267831	0.32193723	-1.3022028	0.36397764	-1.5684017	0.29441455	-1.8040135	0.32970378	-1.4482919	0.23739617	-0.19986913	0.24743792	-0.2576324	0.40592763	-0.38574144	0.4782413	-0.34131494	0.41748098	-0.49713534
ATR_194_set19__414	17045.12061654524	21100.965486384623	aCM-RA	False	0.42134225	0.21766084	0.48626733	0.5809129	0.5260383	0.833095	0.4965445	1.1144595	0.47654867	0.64396906	1.1427772	2.4733021	0.90906173	2.4734788	0.44654274	0.34029645	0.5683424	0.6028539	0.5017094	-0.19809663
ATR_194_set19__416	17043.269444231493	21123.287199506784	aCM-RA	False	0.38842952	-0.20572862	0.45314714	0.20137715	0.5082508	0.5695106	0.46304557	0.63078177	0.41882852	-0.17843358	1.3314242	3.0302896	1.0984033	3.2550604	0.42619926	-0.023364725	0.53613424	0.26534495	0.4875974	-0.24819888
ATR_194_set19__43	17023.443803671646	20999.23804006645	BEC	False	0.34884307	-0.71496886	0.39796355	-0.4309908	0.42326346	-0.6898744	0.35965753	-0.8619964	0.32273158	-1.5476325	0.14187762	-0.48189119	0.18627676	-0.510099	0.44684064	0.3456218	0.27337226	-2.4881363	0.39444086	-0.5789354
ATR_194_set19__449	16968.77777040201	21108.0645111059	aCM-RA	False	0.40409765	-0.004173827	0.49515775	0.6827913	0.52500093	0.8177229	0.4522398	0.4747618	0.44807577	0.23828426	1.0401721	2.1703568	0.8714755	2.318327	0.4663781	0.6948742	0.60906595	1.0295959	0.5259501	-0.112034254
ATR_194_set19__463	16911.57978401196	21122.51782479779	aEndocardial	False	0.53825843	1.7216709	0.5230918	1.0028973	0.53568655	0.97606784	0.42402747	0.06741525	0.55144286	1.711069	0.13934435	-0.48937076	0.25290048	-0.23508355	0.50875	1.4523171	0.53968453	0.3025484	0.9646943	1.4456526
ATR_194_set19__63	16988.681508938324	21112.508244525954	aCM-RA	False	0.4422421	0.48651633	0.5218038	0.98813766	0.55857897	1.3152993	0.49725056	1.1246538	0.4724668	0.58581007	1.2012421	2.645922	1.0148692	2.9102407	0.48203215	0.974707	0.6019421	0.9549453	0.57761693	0.071400136
ATR_194_set19__635	16890.213616963963	21213.984093381594	aCM-RA	False	0.34408057	-0.7762337	0.32724786	-1.2413466	0.3797808	-1.3342224	0.3003178	-1.7187788	0.24247752	-2.6911004	0.098425455	-0.6101854	0.086392194	-0.9224117	0.3570426	-1.2596126	0.1570059	-3.7075388	0.2605365	-1.0543401
ATR_194_set19__678	17025.06029172695	21132.157356797998	aCM-RA	False	0.42148188	0.21945697	0.48614907	0.5795578	0.54478794	1.1109369	0.4937222	1.0737092	0.47815257	0.6668216	1.3420235	3.0615842	1.1475134	3.4577813	0.43772757	0.18271601	0.57610476	0.68419576	0.526289	-0.110831
ATR_194_set19__718	16879.596269407986	21063.455490770426	aCM-RA	False	0.31510037	-1.149035	0.37489825	-0.6953041	0.3535531	-1.722878	0.34243	-1.1107378	0.20552836	-3.2175558	0.14361687	-0.476756	0.16889952	-0.5818304	0.3126258	-2.0536098	0.18951339	-3.366893	0.31841996	-0.84883463
ATR_194_set19__83	16959.90986907059	20965.172863049283	aFibro	False	0.4836055	1.0186155	0.54687154	1.2753977	0.49869105	0.4278498	0.4498338	0.44002256	0.47116956	0.5673269	0.16649145	-0.40921795	0.19546168	-0.4721847	0.45446357	0.48188964	0.56553566	0.5734423	0.778829	0.78576934
ATR_195_set19__116	17278.712270832853	21031.535033451408	aCM-RA	False	0.45533267	0.6549136	0.4473749	0.13523114	0.58324414	1.6808003	0.511993	1.3375139	0.4563918	0.35677204	1.5917845	3.799013	1.2525818	3.8914926	0.503923	1.3660289	0.5715585	0.63655525	0.45236418	-0.37328848
ATR_195_set19__256	17173.823186249756	21141.448219668928	aCM-RA	False	0.4486768	0.5692924	0.4755876	0.45853025	0.5643437	1.4007238	0.5318856	1.6247356	0.468421	0.52816534	1.4464529	3.369916	1.1961766	3.658658	0.4611177	0.60083944	0.55905485	0.5055299	0.51143014	-0.1635848
ATR_195_set19__268	17166.819395149032	21037.12188949288	aFibro	False	0.43365034	0.37599215	0.4344143	-0.013289039	0.45606816	-0.2037578	0.38521808	-0.49293786	0.48395452	0.7494883	0.24673897	-0.17228416	0.31419083	0.017916372	0.4537798	0.46966627	0.46478206	-0.4823542	0.6917097	0.47646713
ATR_195_set19__30	17347.625335009085	20931.216783006133	aCM-RA	False	0.31673583	-1.1279964	0.33314908	-1.1737225	0.43629953	-0.49669927	0.45311305	0.48737016	0.353591	-1.1079444	1.215693	2.6885889	0.89032626	2.3961408	0.3403848	-1.5573883	0.490276	-0.21520324	0.33133698	-0.802975
ATR_195_set19__5	17372.059864340255	21109.368525565584	aFibro	False	0.43565786	0.40181682	0.3907423	-0.5137416	0.43050787	-0.5825231	0.309172	-1.5909365	0.3253287	-1.5106283	0.12003104	-0.54639405	0.19734727	-0.4644012	0.40670365	-0.3718692	0.20797421	-3.1734424	0.7327092	0.622029
ATR_195_set19__504	17143.034018220027	20968.92028806903	aCM-RA	False	0.43304917	0.36825868	0.47590998	0.4622244	0.5555073	1.2697817	0.51730704	1.4142413	0.47141019	0.57075536	1.19589	2.6301196	1.0293814	2.9701452	0.43702593	0.17017353	0.61283565	1.0690985	0.5106013	-0.16652752
ATR_195_set19__560	17329.32311421796	21103.41830779826	aCM-RA	False	0.4058068	0.017812852	0.48679754	0.5869888	0.5269382	0.84643036	0.5006983	1.1744348	0.44530848	0.19885556	1.3090813	2.9643211	1.0304763	2.9746652	0.43466496	0.1279687	0.6032313	0.9684547	0.5106013	-0.16652752
ATR_195_set19__561	17318.74004460508	21033.231986486633	aCM-RA	False	0.50246817	1.2612648	0.51032805	0.8566331	0.61689335	2.1794312	0.57177997	2.200754	0.49224254	0.86757696	1.4019532	3.238529	1.1473749	3.4572096	0.45069554	0.41453218	0.6288882	1.237313	0.4487195	-0.38622826
ATR_195_set19__591	17085.659152286156	20969.414051556545	aCM-LA	False	0.40361223	-0.010418274	0.46496868	0.33684427	0.5439171	1.0980326	0.49994305	1.1635296	0.43391782	0.03656034	1.5408745	3.6486993	1.2433553	3.8534062	0.44703043	0.3490143	0.53234166	0.22560248	0.5319198	-0.09083983
ATR_195_set19__627	17246.115361557546	21040.57091450403	aCM-RA	False	0.3958458	-0.11032559	0.4600672	0.28067663	0.51517	0.67204285	0.5031291	1.2095321	0.42844298	-0.041445673	1.3524446	3.092353	1.0590068	3.0924358	0.420639	-0.12276003	0.5393235	0.29876524	0.5607913	0.011663648
ATR_195_set19__634	17071.263473817176	21104.340779469665	aCM-RA	False	0.4227077	0.23522604	0.47950986	0.50347674	0.55015635	1.1904887	0.5048979	1.2350706	0.45084843	0.27778938	1.5199296	3.5868587	1.2036506	3.6895096	0.45421833	0.47750565	0.5525199	0.43705034	0.5471527	-0.03675794
ATR_195_set19__691	17323.78066222535	20974.581010720387	aCM-RA	False	0.4566456	0.6718033	0.50895643	0.8409152	0.55693203	1.2908942	0.51573616	1.3915601	0.49420828	0.8955849	1.1814114	2.587371	0.95970803	2.6825414	0.45219734	0.4413784	0.6181071	1.1243378	0.6121586	0.19403446
ATR_195_set19__800	17082.39157937051	21065.653042429316	aCM-RA	False	0.3910905	-0.17149763	0.4376433	0.023713106	0.5147868	0.66636443	0.4786726	0.8564141	0.41314152	-0.2594625	1.5108291	3.559989	1.2219039	3.7648573	0.4465817	0.34099275	0.5082992	-0.02633862	0.5117483	-0.16245519
ATR_195_set19__805	17067.989984222775	21188.09364861929	aCM-RA	False	0.38355166	-0.2684775	0.4836893	0.55137044	0.4996581	0.44218013	0.4294783	0.14611737	0.44202507	0.15207319	1.010426	2.0825305	0.8079032	2.0559072	0.4336651	0.11009501	0.581907	0.74499714	0.45545012	-0.36233237
ATR_195_set19__809	17281.640769456084	21117.09975192762	aCM-RA	False	0.33870482	-0.8453873	0.36983585	-0.7533159	0.4539977	-0.23443887	0.51831007	1.4287236	0.38598698	-0.6463631	1.1742324	2.5661747	0.8934882	2.409193	0.3875817	-0.7136941	0.41719103	-0.9810603	0.40582237	-0.53852725
ATR_195_set19__82	17316.099033152383	21189.439672073007	aFibro	False	0.43091094	0.3407525	0.4481503	0.14411667	0.45233938	-0.2590127	0.3520531	-0.9717936	0.47762364	0.6592853	0.06474848	-0.70961785	0.20692822	-0.42485204	0.41303203	-0.25874287	0.5671513	0.59037256	0.7665889	0.7423131
ATR_195_set19__824	17330.973464931878	21152.49812761551	aCM-RA	False	0.43630973	0.41020244	0.5413183	1.2117611	0.54086447	1.0527968	0.49413058	1.0796057	0.47855222	0.6725158	1.0818293	2.2933512	0.90498734	2.4566603	0.46523783	0.67449075	0.57490546	0.67162824	0.5643572	0.024323797
ATR_195_set19__872	17174.786766487538	21181.98720921056	aCM-RA	False	0.41639388	0.1540049	0.5043316	0.78791755	0.53965497	1.0348738	0.49138317	1.0399369	0.45031494	0.27018815	1.3909898	3.206159	1.1363204	3.4115777	0.45469096	0.4859545	0.5270796	0.1704612	0.5416661	-0.056237206
ATR_195_set19__91	17297.87122389547	20968.84658067198	aCM-RA	False	0.36324862	-0.5296559	0.38518304	-0.5774472	0.45894337	-0.1611515	0.4157362	-0.052299112	0.3679662	-0.903125	1.3134685	2.9772744	1.0809242	3.1829083	0.3397772	-1.56825	0.42071557	-0.9441267	0.53915405	-0.06515577
ATR_196_set19__217	17482.220371485822	21183.17676052311	aCM-RA	False	0.35307607	-0.6605155	0.41944304	-0.18484987	0.46012372	-0.14366046	0.39545164	-0.34517974	0.40322828	-0.4007073	0.9847676	2.006773	0.7800326	1.9408605	0.3860217	-0.7415808	0.57311183	0.65283287	0.4118361	-0.51717657
ATR_196_set19__328	17374.29041135287	20917.596576815235	aCM-RA	False	0.38648906	-0.23069069	0.28560498	-1.7185467	0.38356325	-1.2781723	0.42712173	0.112091966	0.28207907	-2.1268535	0.1946036	-0.32621574	0.14242442	-0.69111675	0.38451967	-0.7684313	0.115491405	-4.142569	0.19261508	-1.2954835
ATR_196_set19__67	17548.926849372878	20907.192409531188	VIC	True	0.5437664	1.792525	0.625908	2.1811042	0.5551334	1.2642411	0.5318389	1.6240609	0.6278121	2.7991855	0.15332949	-0.4480791	0.21915025	-0.37440085	0.5138383	1.5432752	0.7382689	2.383513	0.66071457	0.36642417
ATR_197_set19__177	17541.594375127675	20606.53904361556	VIC	True	0.5144968	1.4160012	0.53071386	1.0902411	0.5259529	0.8318293	0.44494057	0.36937097	0.4846083	0.7588033	0.16381396	-0.41712332	0.24867886	-0.25250992	0.46618292	0.69138527	0.71595997	2.1497376	0.7644728	0.7348001
ATR_197_set19__178	17543.202946680973	20829.229904255593	VIC	True	0.48999625	1.100826	0.57527524	1.6008855	0.5276025	0.8562742	0.4511862	0.4595493	0.51467806	1.1872405	0.117437266	-0.55405223	0.22334062	-0.35710347	0.44561931	0.32378924	0.5780926	0.7050261	0.7669468	0.7435836
ATR_197_set19__19	17665.569558631272	20732.473241375097	VIC	True	0.41219974	0.10005147	0.4226515	-0.14808303	0.4325136	-0.55280125	0.3625361	-0.82043386	0.41565558	-0.22364187	0.10046669	-0.60415846	0.145945	-0.6765842	0.46109596	0.6004505	0.4601847	-0.53053	0.729382	0.61021614
ATR_197_set19__236	17504.894933301468	20767.557596457413	VIC	True	0.48606017	1.0501924	0.509899	0.8517167	0.5366328	0.9900895	0.44028288	0.30212054	0.5380018	1.5195591	0.17780122	-0.37582543	0.21544003	-0.3897162	0.4597262	0.5759649	0.710666	2.0942624	0.7807737	0.7926737
ATR_197_set19__240	17498.1750146453	20638.583639734483	VIC	True	0.42492586	0.26376042	0.42621106	-0.1072928	0.4569415	-0.19081639	0.37704176	-0.61099255	0.4565375	0.35884762	0.13660815	-0.4974495	0.1944604	-0.47631782	0.42951378	0.035885897	0.5353207	0.2568198	0.76035523	0.7201814
ATR_197_set19__32	17651.399296145253	20626.94265368067	VIC	True	0.4221425	0.22795528	0.5381375	1.1753112	0.44578263	-0.35617393	0.45380342	0.49733815	0.3619306	-0.9891207	0.111699015	-0.5709947	0.16683576	-0.5903494	0.3801302	-0.8468976	0.5099771	-0.008755597	0.46496883	-0.3285378
ATR_197_set19__355	17374.480613129163	20871.890414319507	aFibro	False	0.4790273	0.95972145	0.5221523	0.9921313	0.4860634	0.24072674	0.31205145	-1.5493615	0.5554713	1.7684667	0.20847648	-0.28525558	0.166245	-0.592788	0.4670279	0.7064903	0.47509417	-0.37429366	0.831524	0.9728541
ATR_197_set19__447	17554.592382091843	20896.73225132058	VIC	True	0.5574824	1.9689683	0.6047867	1.9390676	0.6064502	2.0246794	0.5287742	1.579811	0.56979275	1.9725201	0.10820379	-0.5813144	0.17299023	-0.5649444	0.51715857	1.6026287	0.8940734	4.0161877	0.7970374	0.8504153
ATR_197_set19__479	17476.399101091396	20657.989103225573	VIC	True	0.61103	2.6578043	0.7285057	3.3568063	0.6334597	2.4249196	0.54561037	1.8229016	0.6384021	2.9500732	0.22603565	-0.23341146	0.2583159	-0.21272932	0.53355443	1.895722	0.8722233	3.7872205	0.8720664	1.1167929
ATR_197_set19__503	17429.382747011296	20757.077683301915	VEC	True	0.50837976	1.3373115	0.5313198	1.0971848	0.51249903	0.63246346	0.4538644	0.49821854	0.47167334	0.5745048	0.16100885	-0.42540553	0.22907764	-0.33342165	0.5496314	2.183115	0.4177771	-0.974919	0.6089194	0.18253417
ATR_197_set19__520	17357.025824698612	20798.46470819315	aEndocardial	False	0.49812785	1.2054309	0.5729203	1.5738997	0.5262566	0.83633035	0.4765861	0.8262881	0.44953218	0.25903535	0.1536566	-0.4471133	0.22833559	-0.33648476	0.47084653	0.7747523	0.52085865	0.10527203	0.7125269	0.5503751
ATR_197_set19__581	17423.975148604055	20730.58570717575	VEC	True	0.4781348	0.94824046	0.5260125	1.0363665	0.5054231	0.5276091	0.4495823	0.4363912	0.44978306	0.26260984	0.10859943	-0.5801463	0.15332267	-0.64612997	0.41459823	-0.23074536	0.5002075	-0.11113138	0.46739402	-0.31992754
ATR_197_set19__587	17496.98149056431	20736.49021557734	VIC	True	0.4661977	0.79468143	0.4798625	0.5075179	0.49632654	0.3928112	0.42074287	0.019990189	0.5119053	1.147734	0.100209534	-0.60491776	0.21644112	-0.38558382	0.4764537	0.8749862	0.594307	0.874937	0.8414166	1.007976
ATR_197_set19__602	17508.669213352776	20791.18283378915	VIC	True	0.5087658	1.3422778	0.5431823	1.2331215	0.5024593	0.48368943	0.40995413	-0.13578406	0.5327992	1.4454321	0.08102146	-0.66157126	0.2083831	-0.41884646	0.41485786	-0.22610407	0.62741095	1.221833	0.7927452	0.8351764
ATR_198_set19__272	17128.15582215572	20680.33504831139	ncCM-AVC-like	True	0.46218652	0.7430815	0.47182	0.4153559	0.57864374	1.6126292	0.5762591	2.265426	0.50414896	1.0372207	1.3724881	3.1515322	1.1162238	3.3286214	0.48749983	1.0724475	0.6571981	1.5339721	0.35251886	-0.7277723
ATR_198_set19__288	17114.307740294294	20723.812185947427	aFibro	False	0.6625967	3.3211586	0.58029884	1.6584527	0.6579104	2.7872427	0.58705086	2.4212441	0.6438102	3.0271285	0.45548007	0.44403175	0.43168133	0.5029044	0.5829105	2.7780132	0.80600756	3.0933459	0.7507928	0.6862316
ATR_198_set19__373	17059.520389788544	20713.546517595496	aFibro	False	0.5143089	1.4135844	0.59530306	1.8303913	0.54895586	1.1726991	0.450527	0.4500314	0.58002025	2.1182425	0.1821208	-0.3630717	0.26703528	-0.17673665	0.51041347	1.4820529	0.65515524	1.5125654	0.7893438	0.8231003
ATR_198_set19__401	17339.79428281568	20788.513388483872	aFibro	False	0.50184083	1.2531947	0.52377325	1.0107063	0.51192987	0.6240293	0.38746357	-0.46051618	0.5487176	1.6722395	0.103318416	-0.59573865	0.204472	-0.43499103	0.4591032	0.5648278	0.5837438	0.76424533	0.91131413	1.2561353
ATR_198_set19__403	17347.953893162958	20795.75388394138	aEndocardial	False	0.48217118	1.0001643	0.550306	1.3147546	0.5125204	0.63277966	0.44336078	0.346561	0.43090048	-0.0064309686	0.16087541	-0.42579952	0.2262898	-0.34492958	0.48498878	1.0275599	0.47700354	-0.35428533	0.6642314	0.37891015
ATR_198_set19__483	17210.13527047067	20730.34332297524	aCM-RA	False	0.5017594	1.2521473	0.5557067	1.3766426	0.60309213	1.9749179	0.5695263	2.1682143	0.5133439	1.1682308	1.0993466	2.3450718	0.9589927	2.6795886	0.4913409	1.1411108	0.6881381	1.8581928	0.61084044	0.18935457
ATR_198_set19__484	17203.39965044838	20722.388732309297	aFibro	False	0.5427967	1.7800508	0.51905984	0.95669365	0.5427094	1.0801361	0.52375257	1.5073057	0.49619737	0.9239257	0.26987997	-0.10395949	0.33434024	0.101090945	0.52760345	1.7893419	0.56331253	0.55014604	0.91956466	1.2854275
ATR_198_set19__486	17197.185102646283	20705.35703519701	aFibro	False	0.4192551	0.1908118	0.47644353	0.46833855	0.43912515	-0.45482785	0.3456881	-1.0636953	0.4669845	0.5076979	0.11276641	-0.56784314	0.19969219	-0.4547216	0.43664557	0.16337407	0.4910638	-0.20694795	0.8147197	0.91319317
ATR_198_set19__496	17177.32594012718	20715.90199966852	BEC	False	0.34817958	-0.723504	0.3822494	-0.6110649	0.3897231	-1.1868925	0.32855225	-1.311113	0.35576218	-1.0770091	0.106491156	-0.58637106	0.14794599	-0.6683243	0.4044172	-0.41274217	0.32380262	-1.959677	0.6484444	0.32286108
ATR_198_set19__52	17293.56875596467	20790.552160439165	aCM-RA	False	0.30628112	-1.2624859	0.25723976	-2.0435936	0.39985114	-1.0368099	0.39011034	-0.4223005	0.27984527	-2.158681	1.4592662	3.4077477	1.1701773	3.5513358	0.35731807	-1.2546884	0.2851894	-2.3643048	0.43967235	-0.41834864
ATR_198_set19__523	17107.8022106376	20888.491595543757	aFibro	False	0.44737598	0.5525588	0.43563142	0.0006584413	0.48065498	0.16058224	0.38669354	-0.4716344	0.4790195	0.6791735	0.15810359	-0.43398345	0.2713502	-0.1589251	0.51121664	1.4964105	0.5598949	0.51433295	0.9565044	1.4165757
ATR_198_set19__566	17075.77640010518	20900.892484164713	aCM-RA	False	0.38246346	-0.28247613	0.38652846	-0.5620295	0.4630338	-0.10053746	0.4303182	0.15824462	0.37486747	-0.804795	0.837427	1.5717443	0.6562128	1.4297459	0.39038068	-0.66365945	0.40611327	-1.0971441	0.3921577	-0.5870413
ATR_198_set19__568	17072.567235529626	20819.862317144863	BEC	False	0.4983209	1.2079145	0.4396019	0.046157483	0.49227896	0.33283225	0.38265947	-0.5298807	0.42526954	-0.086661175	0.13062008	-0.5151295	0.20675369	-0.4255725	0.58828723	2.8741283	0.3789375	-1.3819188	0.5529306	-0.016244503
ATR_198_set19__606	17089.82981903751	20605.615296055294	aCM-RA	False	0.40871242	0.055190593	0.46959192	0.38982353	0.5528288	1.2300901	0.555361	1.9636867	0.4455245	0.20193368	1.0246729	2.1245947	0.9675481	2.714904	0.44363844	0.2883791	0.5442679	0.3505774	0.67705464	0.42443684
ATR_198_set19__651	17282.86788083469	20875.36790187199	aCM-RA	False	0.41674957	0.15858051	0.43851733	0.033729065	0.53455424	0.9592887	0.48373604	0.9295231	0.42648336	-0.06936656	1.5843618	3.7770972	1.2540598	3.8975933	0.42949778	0.035599813	0.5047929	-0.06308053	0.49849927	-0.20949365
ATR_198_set19__655	17272.4361292943	20700.86528024978	aCM-RA	False	0.4749833	0.90769947	0.5545246	1.3630967	0.5950163	1.8552461	0.5618226	2.0569835	0.49785054	0.9474802	1.458538	3.405598	1.2144628	3.734141	0.49007607	1.1185005	0.62997675	1.24872	0.6506289	0.3306168
ATR_198_set19__676	17261.314438978137	20833.030601114704	aCM-RA	False	0.4189063	0.18632475	0.46902224	0.38329548	0.5458005	1.1259415	0.50728655	1.2695595	0.4353081	0.05636917	1.5072509	3.5494244	1.2237233	3.7723675	0.45858902	0.55563635	0.5322829	0.22498661	0.60760266	0.17785937
ATR_198_set19__68	17281.440525073187	20791.51565945474	aCM-RA	False	0.46769905	0.8139948	0.490739	0.6321552	0.5759614	1.5728811	0.5567046	1.9830865	0.50551105	1.0566279	1.3641753	3.1269884	1.152883	3.4799469	0.471238	0.78174996	0.6366026	1.3181521	0.43568265	-0.4325134
ATR_198_set19__680	17250.627271770376	20839.853006415055	aFibro	False	0.5560482	1.9505186	0.5003563	0.7423635	0.5683176	1.459611	0.46758613	0.69634116	0.57103765	1.9902576	0.14429416	-0.47475627	0.2652817	-0.18397519	0.49711433	1.2443168	0.62908846	1.2394117	0.87918913	1.142081
ATR_198_set19__695	17211.45032855414	20794.825702453254	aCM-RA	False	0.30549577	-1.2725886	0.3055284	-1.4902374	0.40834463	-0.91094923	0.39932713	-0.28922305	0.31367102	-1.6767282	1.3780004	3.1678073	1.1553512	3.490135	0.37002	-1.0276281	0.3051391	-2.155252	0.43010685	-0.45230934
ATR_198_set19__710	17125.906178011202	20697.278429889662	aCM-RA	False	0.43042788	0.33453834	0.43028006	-0.06066471	0.55676514	1.288421	0.5383762	1.7184505	0.49026826	0.83944714	1.0772841	2.2799313	0.9611385	2.688446	0.49119043	1.1384209	0.56124496	0.52848005	0.4674236	-0.31982258
ATR_198_set19__733	17271.607066265045	20836.0718029376	aCM-RA	False	0.4160194	0.14918777	0.47470728	0.44844222	0.5406157	1.0491102	0.4948676	1.0902472	0.4424058	0.1574978	1.4660833	3.4278755	1.1776253	3.5820801	0.4615716	0.6089532	0.5497026	0.4075275	0.55357623	-0.013952277
ATR_199_set19__225	17113.932103703675	20473.17650494258	VIC	True	0.5832586	2.3005536	0.6165907	2.0743334	0.5993629	1.9196563	0.49214464	1.0509316	0.6182309	2.6626716	0.22574207	-0.23427828	0.31661528	0.027924234	0.5586154	2.343713	0.6854431	1.8299516	1.0309016	1.6807102
ATR_199_set19__275	17090.60991784979	20383.677622086354	VIC	True	0.5510933	1.8867784	0.54897463	1.2994977	0.5390648	1.0261288	0.4198583	0.0072183446	0.5679429	1.9461635	0.16709246	-0.40744346	0.26979747	-0.1653346	0.50029474	1.3011701	0.6036869	0.97322917	0.91437745	1.2670112
ATR_199_set19__31	17177.50692222108	20457.76426934727	aEndocardial	False	0.52418077	1.5405757	0.6053141	1.945111	0.5486488	1.1681486	0.5120542	1.3383977	0.4696127	0.54514444	0.1540377	-0.44598812	0.20634614	-0.42725483	0.48890623	1.0975885	0.59243006	0.8552684	0.6485912	0.3233823
ATR_199_set19__323	17123.165138423476	20357.02365636133	aEndocardial	False	0.5105409	1.3651125	0.5852114	1.7147474	0.53536296	0.9712727	0.47812906	0.84856623	0.47297665	0.59307456	0.13965611	-0.4884503	0.20777324	-0.42136392	0.5016263	1.3249732	0.51016396	-0.0067974865	0.7872329	0.81560594
ATR_199_set19__384	17121.555935234126	20499.223173569048	aCM-RA	False	0.4552137	0.65338314	0.4359544	0.0043594413	0.5698831	1.4828097	0.5657112	2.1131294	0.48183277	0.7192574	1.3120003	2.9729395	1.1002942	3.2628658	0.47199538	0.7952892	0.6028756	0.96472716	0.48862416	-0.24455358
ATR_199_set19__391	17092.267873224424	20399.62777189643	VIC	True	0.49854767	1.2108315	0.49958628	0.73353946	0.5168511	0.69695497	0.37546808	-0.6337143	0.5422995	1.5807936	0.1036148	-0.5948636	0.23883466	-0.29314572	0.46986794	0.757259	0.58835804	0.8125979	0.82756007	0.95878077
ATR_199_set19__432	17225.806710829333	20523.91312721712	VIC	True	0.4644408	0.77208054	0.4501645	0.16719797	0.47945502	0.14280061	0.36581263	-0.7731254	0.52190053	1.290147	0.12978826	-0.51758546	0.18618853	-0.51046324	0.48750937	1.072618	0.6000825	0.93545854	0.7936021	0.8382188
ATR_199_set19__463	17106.888186669763	20352.09312817369	aFibro	False	0.37882173	-0.32932326	0.3721098	-0.72725797	0.37143075	-1.4579576	0.3109534	-1.5652156	0.4171322	-0.2026029	0.04141617	-0.7785074	0.13270684	-0.73122984	0.38990352	-0.6721893	0.48618203	-0.258104	0.7721019	0.7618859
ATR_199_set19__98	17110.29133925787	20558.131762376855	aCM-RA	False	0.43580726	0.4037387	0.47801742	0.48637432	0.55371135	1.2431685	0.5286818	1.578477	0.46686152	0.50594544	1.3003968	2.93868	1.0860094	3.2038996	0.46066996	0.5928354	0.58082056	0.7336126	0.595655	0.13544133
ATR_200_set19__128	17447.520269534565	20603.770564206166	VEC	True	0.51345086	1.4025462	0.56068784	1.4337234	0.5180435	0.71462446	0.5157762	1.3921384	0.4487713	0.2481942	0.1194558	-0.5480925	0.1682213	-0.58463	0.4689086	0.74010986	0.58257526	0.7520001	0.47431454	-0.29535744
ATR_200_set19__169	17669.4632756575	20573.605651356767	VIC	True	0.4959851	1.1778665	0.5333041	1.1199236	0.5377786	1.0070691	0.43571344	0.23614421	0.52072805	1.2734413	0.15162161	-0.4531217	0.20933428	-0.4149201	0.49655372	1.2342954	0.6110247	1.0501214	0.83923334	1.0002247
ATR_200_set19__213	17528.282341840342	20579.676459345425	VIC	True	0.5361201	1.6941636	0.55580103	1.3777238	0.56340915	1.3868753	0.41935837	0.0	0.57774234	2.0857866	0.108209364	-0.58129793	0.24860089	-0.25283182	0.5121196	1.5125517	0.6507029	1.4659092	0.8947014	1.1971548
ATR_200_set19__219	17519.648984366817	20513.380519555274	VIC	True	0.48121154	0.98781955	0.4879786	0.60052305	0.46159866	-0.121803954	0.41425663	-0.07366197	0.50273466	1.0170697	0.05840568	-0.7283452	0.15051204	-0.6577319	0.4262275	-0.02285968	0.58356047	0.7623241	0.84755147	1.0297568
ATR_200_set19__24	17638.284844763366	20335.643928261274	VEC	True	0.43067273	0.33768818	0.48066407	0.51670325	0.43464926	-0.52115387	0.42075846	0.020215238	0.4273203	-0.057441775	0.1128552	-0.567581	0.15657742	-0.63269466	0.39374894	-0.60344833	0.37348682	-1.4390365	0.6462917	0.31521815
ATR_200_set19__245	17472.04720237189	20536.03473165543	VIC	True	0.4743992	0.90018564	0.4671339	0.3616564	0.49273825	0.33963814	0.4416287	0.3215522	0.49166247	0.859312	0.12549692	-0.5302558	0.1875138	-0.50499266	0.46411252	0.6543748	0.50799567	-0.029519066	0.8690398	1.1060474
ATR_200_set19__265	17628.53514700071	20523.988996081225	VEC	True	0.47856578	0.95378447	0.5418203	1.2175136	0.5048867	0.5196599	0.4762267	0.8210986	0.4105133	-0.29690948	0.07648602	-0.67496234	0.13696188	-0.7136655	0.46924508	0.74612457	0.49239108	-0.19303943	0.48936993	-0.24190584
ATR_200_set19__307	17602.787626078607	20562.392991664834	VIC	True	0.43103093	0.34229597	0.45036432	0.16948783	0.44455138	-0.37441927	0.37338892	-0.66373444	0.47935572	0.6839642	0.08510466	-0.6495155	0.18164378	-0.52922344	0.41906518	-0.15089391	0.5382217	0.28721955	0.7584076	0.7132667
ATR_200_set19__330	17574.927495883596	20586.3769876284	VIC	True	0.46696606	0.80456567	0.5019212	0.7602958	0.49487552	0.37130934	0.3819878	-0.5395785	0.54570943	1.6293786	0.12902375	-0.51984274	0.24771683	-0.2564811	0.44930688	0.38970828	0.55058277	0.41675094	0.8708898	1.1126156
ATR_200_set19__347	17590.09671300146	20529.855814568797	VEC	True	0.53989583	1.7427344	0.5775093	1.6264862	0.5331819	0.93895274	0.46084172	0.59896123	0.5087904	1.1033521	0.11785464	-0.55281997	0.2208813	-0.36725527	0.42014945	-0.13151148	0.5414947	0.3215174	0.7743369	0.76982087
ATR_200_set19__70	17546.372021355164	20509.614734380484	VEC	True	0.5409094	1.7557731	0.5914235	1.7859342	0.5544409	1.2539794	0.48013344	0.87750673	0.50232947	1.0112964	0.13209729	-0.510768	0.20763898	-0.42191812	0.4585071	0.5541718	0.6052604	0.98971725	0.76098484	0.72241676
ATR_201_set19__157	17808.4278489391	20427.408375077554	vCM-RV-Hybrid	False	0.34332314	-0.7859772	0.3641956	-0.8179497	0.42557067	-0.65568507	0.42322752	0.05586504	0.37310758	-0.8298701	0.980296	1.9935704	0.73103905	1.7386205	0.39698067	-0.54567766	0.35651323	-1.6169027	0.3712956	-0.6611087
ATR_201_set19__259	17885.642951094884	20379.76869667482	vEndocardial	False	0.5159151	1.4342461	0.55362123	1.3527447	0.52795434	0.861488	0.47015968	0.7334996	0.4692219	0.5395763	0.27246186	-0.09633636	0.30794618	-0.007860903	0.48818064	1.0846177	0.40142706	-1.1462508	0.59274495	0.1251096
ATR_201_set19__282	17811.149922463213	20439.46748818717	vCM-LV-Trabecular II	False	0.39015776	-0.18349658	0.39872226	-0.4222965	0.5037496	0.50281006	0.503834	1.2197096	0.43149015	0.0019706916	1.512458	3.5647984	1.1717796	3.5579498	0.43018037	0.047801867	0.4996481	-0.11699322	0.41279015	-0.51378936
ATR_201_set19__340	17754.601830350155	20476.24956068522	vEndocardial	False	0.48478746	1.0338202	0.46055484	0.2862645	0.4982606	0.42147097	0.45308757	0.48700225	0.43675497	0.07698436	0.13586022	-0.4996578	0.18051441	-0.53388536	0.47799537	0.9025452	0.4803652	-0.3190587	0.5550881	-0.008584633
ATR_201_set19__37	17931.599128491194	20275.6192791416	VIC	True	0.43906888	0.44569626	0.45068297	0.17313932	0.43764904	-0.4767016	0.3655222	-0.7773187	0.46434632	0.4701087	0.15469392	-0.4440506	0.23719627	-0.29990885	0.43323493	0.10240533	0.52053106	0.10183925	0.8431921	1.0142796
ATR_202_set19__102	18132.445064510724	20386.039892870864	VIC	True	0.5352583	1.6830771	0.5925395	1.7987225	0.5796885	1.6281108	0.528151	1.5708125	0.5729465	2.0174549	0.17370145	-0.38793015	0.2622802	-0.1963651	0.5539521	2.2603517	0.7238951	2.2328897	0.7174173	0.5677376
ATR_202_set19__123	18115.991236721802	20283.873590307998	VIC	True	0.5329863	1.65385	0.5721973	1.5656146	0.5495077	1.1808763	0.4880846	0.99231046	0.5275753	1.3710018	0.15278628	-0.44968295	0.21816549	-0.37846583	0.48738903	1.0704669	0.6193259	1.1371096	0.698227	0.49960566
ATR_202_set19__134	18114.683942920106	20494.91963916716	VIC	True	0.50638294	1.3116245	0.66157866	2.5898664	0.5339725	0.95066816	0.39543834	-0.34537166	0.5782834	2.093496	0.15076599	-0.45564798	0.21611205	-0.3869422	0.5077151	1.4338169	0.7231797	2.2253933	0.7634792	0.73127246
ATR_202_set19__154	18093.546985210283	20330.307026861068	VIC	True	0.5456804	1.8171471	0.63090575	2.238375	0.5544142	1.2535838	0.48133782	0.89489615	0.57915455	2.105908	0.21104069	-0.27768466	0.2884365	-0.08839472	0.5445299	2.0919204	0.74291265	2.4321747	0.9239032	1.3008308
ATR_202_set19__218	18033.88924270792	20300.67114691028	VIC	True	0.51055133	1.3652467	0.5304856	1.0876251	0.5211839	0.7611603	0.4056204	-0.1983571	0.5509275	1.7037264	0.12543319	-0.53044397	0.26477194	-0.18607946	0.49454075	1.1983114	0.61861515	1.1296619	0.8664673	1.0969143
ATR_202_set19__247	18009.67322938512	20435.277347736923	VIC	True	0.40826762	0.04946869	0.42753422	-0.09213021	0.43401268	-0.530587	0.39618608	-0.33457533	0.46270204	0.44668075	0.145763	-0.4704195	0.19145977	-0.48870412	0.3977119	-0.5326062	0.44678834	-0.6709103	0.734839	0.62959045
ATR_202_set19__290	18207.638929595945	20453.794392139946	VEC	True	0.519139	1.4757184	0.51943296	0.96096945	0.5619101	1.3646616	0.48041636	0.8815916	0.50721157	1.080857	0.11194705	-0.5702623	0.20895416	-0.4164892	0.48245072	0.9821894	0.59449714	0.87692946	0.7045345	0.5219993
ATR_202_set19__296	18191.774782971428	20430.2650917537	VIC	True	0.4869986	1.0622641	0.5246916	1.0212297	0.50943923	0.5871217	0.45064497	0.45173454	0.530893	1.418273	0.16605558	-0.41050488	0.2461244	-0.26305446	0.47046843	0.76799333	0.5957637	0.8902015	0.7539507	0.69744325
ATR_202_set19__336	18050.69367231276	20312.619740842074	VIC	True	0.5828471	2.2952597	0.6747099	2.7403421	0.6095161	2.0701113	0.51246977	1.3443979	0.62341356	2.7365148	0.19604139	-0.32197064	0.2295224	-0.3315857	0.5590115	2.3507943	0.8028549	3.0603092	0.8942172	1.1954355
ATR_202_set19__425	18181.725443135983	20377.24851321633	VIC	True	0.5733414	2.1729786	0.67315596	2.722535	0.5997328	1.9251378	0.522321	1.4866357	0.5767726	2.0719693	0.22479141	-0.23708515	0.21289065	-0.40023977	0.5472729	2.1409545	0.7425305	2.4281704	1.0123292	1.6147722
ATR_202_set19__52	18173.662456461836	20421.887044548483	VIC	True	0.5965777	2.4718902	0.67271465	2.7174776	0.5927123	1.8211039	0.53001326	1.5977013	0.5613312	1.8519592	0.19321977	-0.33030158	0.21659316	-0.3849562	0.56712955	2.4959126	0.71064276	2.0940187	0.5853964	0.099019855
ATR_202_set19__53	18168.65832528379	20382.686142215964	VIC	True	0.4690669	0.83159065	0.51536363	0.9143376	0.4843709	0.21564636	0.39798194	-0.30864567	0.5222954	1.2957733	0.13570973	-0.5001021	0.23266037	-0.31863254	0.4486847	0.37858608	0.55370504	0.44946918	0.803801	0.8744282
ATR_202_set19__82	18149.035157264374	20315.26947989707	VIC	True	0.5781563	2.234917	0.6573404	2.5412989	0.5997359	1.9251838	0.5106291	1.3178215	0.60837275	2.5222118	0.22704452	-0.23043273	0.25272766	-0.23579694	0.5549435	2.2780743	0.78400654	2.8627973	0.94449764	1.3739477
ATR_203_set19__120	18172.277614471077	19979.299356338808	aEndocardial	False	0.4569045	0.6751337	0.5356767	1.1471123	0.46876514	-0.0156075	0.43532723	0.23056792	0.42697662	-0.06233857	0.10592464	-0.58804375	0.12817195	-0.7499494	0.3886507	-0.69458497	0.40893477	-1.0675776	0.5800772	0.08013481
ATR_203_set19__142	18105.64890270521	19987.885678185256	aEndocardial	False	0.5158169	1.4329833	0.61822	2.0930042	0.5489646	1.1728289	0.46130666	0.6056744	0.4817173	0.717612	0.07594095	-0.67657167	0.18244344	-0.52592254	0.46100345	0.5987969	0.47564563	-0.3685149	0.8094251	0.8943957
ATR_203_set19__200	18006.20902983218	20041.857983754326	aEndocardial	False	0.528688	1.598557	0.6278965	2.2038908	0.5554104	1.2683456	0.51469517	1.3765295	0.48082626	0.70491654	0.12814038	-0.5224509	0.21943669	-0.37321845	0.50238574	1.3385488	0.5192883	0.088816404	0.74796474	0.6761911
ATR_203_set19__279	18259.54008295269	20165.601691158266	aCM-RA	False	0.3999737	-0.057224408	0.47511113	0.4530701	0.51979834	0.74062824	0.47316405	0.7768785	0.43682665	0.07800559	1.1501693	2.4951274	0.9370054	2.5888274	0.43545204	0.14203857	0.57643807	0.6876885	0.45088562	-0.37853783
ATR_203_set19__304	18232.511185977426	20041.48661448445	aCM-LA	False	0.39958426	-0.062233996	0.48591477	0.57687277	0.52768874	0.85755223	0.46202868	0.61609936	0.44695562	0.22232425	1.2133124	2.6815598	0.9608224	2.6871412	0.44229466	0.26435748	0.62205315	1.1656886	0.54991144	-0.026963497
ATR_203_set19__330	18182.817648878052	20036.50973414518	aCM-RA	False	0.43073294	0.3384626	0.5114861	0.86990374	0.5532511	1.236348	0.47376773	0.7855947	0.47649166	0.6431567	1.1922472	2.619364	0.977348	2.7553573	0.47286224	0.8107853	0.61633486	1.1057668	0.52481097	-0.11607845
ATR_203_set19__339	18122.57343772902	20260.39450275965	VIC	True	0.5096821	1.3540651	0.60676336	1.9617189	0.5518388	1.2154202	0.49682197	1.1184657	0.5097391	1.1168697	0.20656957	-0.2908858	0.24961102	-0.24866208	0.47415492	0.8338932	0.6718489	1.687498	0.81356174	0.90908206
ATR_203_set19__43	18245.947733583962	20207.69333283611	aCM-RA	False	0.4079161	0.044946752	0.50480986	0.79339814	0.54361725	1.093589	0.4771967	0.83510417	0.44886333	0.24950545	1.35968	3.113716	1.0743233	3.1556606	0.4417829	0.25520915	0.59465736	0.87860835	0.5275188	-0.10646473
ATR_203_set19__77	18225.96103821111	20022.94132591111	aCM-RA	False	0.45243046	0.6175796	0.5358538	1.1491416	0.5632767	1.3849127	0.50614864	1.2531296	0.48713475	0.79480064	1.313893	2.9785278	1.1029613	3.2738752	0.4482618	0.3710264	0.6150505	1.0923079	0.57339877	0.056424275
ATR_204_set19__170	18449.09154852836	20136.07224031711	aCM-LA	False	0.39055887	-0.1783367	0.43474737	-0.009472265	0.51473564	0.6656066	0.46257833	0.6240355	0.42247865	-0.12642618	1.3048631	2.9518669	1.0589837	3.0923405	0.4261451	-0.024332726	0.5538124	0.4505941	0.5160285	-0.14725903
ATR_204_set19__172	18451.40463020149	20219.631594710056	aFibro	False	0.5165381	1.4422603	0.53802377	1.174008	0.53271514	0.932036	0.4112976	-0.1163864	0.5577146	1.8004291	0.10175877	-0.6003436	0.24808647	-0.25495526	0.48222074	0.97807825	0.58416134	0.7686206	0.8054499	0.8802824
ATR_204_set19__213	18419.507542425996	20154.72519846744	aFibro	False	0.40025786	-0.053568907	0.3661789	-0.7952222	0.4172342	-0.77921885	0.309057	-1.592597	0.4434687	0.1726421	0.1273755	-0.5247092	0.1906545	-0.4920282	0.3979947	-0.52755094	0.41159332	-1.0397187	0.7563765	0.70605564
ATR_204_set19__298	18361.345247971243	20212.22760978358	aEndocardial	False	0.48166522	0.9936557	0.5558354	1.3781179	0.5092101	0.5837265	0.44991937	0.44125795	0.45308992	0.3097264	0.08916769	-0.63751924	0.17657134	-0.55016196	0.45112988	0.42229646	0.509881	-0.009762447	0.6884693	0.4649626
ATR_204_set19__364	18303.130313050264	20064.144534485058	ncCM-IFT-like	False	0.39203858	-0.15930164	0.4058969	-0.34007978	0.49222943	0.33209825	0.46269438	0.6257111	0.37531438	-0.79842734	0.5955729	0.857661	0.5031296	0.79783505	0.43933424	0.21143697	0.40591434	-1.0992287	0.4631229	-0.33509144
ATR_204_set19__447	18523.02893587585	20173.028881268863	aFibro	False	0.48747706	1.0684192	0.48652127	0.58382297	0.5038367	0.5041005	0.43028975	0.15783368	0.512738	1.1595981	0.16760099	-0.405942	0.28112096	-0.11859249	0.47124347	0.781848	0.55108875	0.42205313	0.84178096	1.0092696
ATR_204_set19__467	18458.978519185723	20145.531655230036	aCM-RA	False	0.45078787	0.5964494	0.5151301	0.91166145	0.57281923	1.5263187	0.5075125	1.272822	0.48964965	0.83063316	0.97454643	1.9765946	0.84096813	2.192396	0.4704875	0.7683343	0.6054049	0.9912319	0.5876828	0.10713724
ATR_204_set19__469	18457.820353612035	20000.289045556787	aFibro	False	0.4838702	1.0220206	0.47816518	0.48806754	0.5114237	0.61652875	0.43948102	0.29054278	0.4569329	0.36448157	0.20220359	-0.30377653	0.28926712	-0.084966004	0.5181986	1.6212205	0.41134462	-1.0423249	0.65230656	0.33657297
ATR_204_set19__484	18420.367323290564	20070.06947399495	aCM-RA	False	0.36037967	-0.56656206	0.42500907	-0.121066794	0.47592753	0.09052845	0.44735783	0.4042729	0.36825672	-0.8989857	0.97525454	1.9786853	0.8172571	2.0945194	0.35111925	-1.3654989	0.51149535	0.0071541313	0.64493287	0.31039393
ATR_204_set19__528	18387.902787699888	20091.051423259385	ncCM-IFT-like	False	0.34788272	-0.7273228	0.40154725	-0.38992393	0.35340193	-1.7251179	0.3239104	-1.378135	0.3558262	-1.076097	0.08656233	-0.64521164	0.1406818	-0.6983101	0.32425144	-1.8457892	0.45305446	-0.6052477	0.6089518	0.1826493
ATR_204_set19__570	18310.44076991451	20107.918331378092	aCM-LA	False	0.40615514	0.022293765	0.41131917	-0.27794418	0.5300513	0.8925617	0.5259205	1.5386077	0.42121905	-0.14437301	1.1349641	2.4502337	0.97663546	2.752416	0.42700315	-0.008994383	0.6231111	1.1767752	0.45896822	-0.34984192
ATR_204_set19__607	18302.739147605436	20031.448186024238	VIC	True	0.37524432	-0.37534308	0.4167677	-0.21550769	0.4112229	-0.86829746	0.342299	-1.1126289	0.3811453	-0.7153479	0.1278342	-0.5233549	0.16309246	-0.6058013	0.42622396	-0.022923077	0.4155367	-0.99839604	0.73400044	0.6266132
ATR_204_set19__633	18442.02791261948	20194.376218136855	aFibro	False	0.39805624	-0.08189051	0.39035532	-0.5181762	0.39201602	-1.1529148	0.32191005	-1.407017	0.4439166	0.17902382	0.06516081	-0.7084004	0.15376677	-0.64429677	0.36075717	-1.1932108	0.53178805	0.21980122	0.71765375	0.56857705
ATR_204_set19__652	18478.895421204055	20082.44575348085	Compact vFibro	False	0.48518768	1.0389686	0.4820278	0.53233063	0.5056543	0.53103435	0.44138503	0.31803402	0.4907529	0.8463524	0.13402694	-0.5050706	0.24123453	-0.28323933	0.46844095	0.73175	0.57346237	0.6565061	0.84078044	1.0057174
ATR_204_set19__663	18417.135550070663	20061.918613564274	aCM-RA	False	0.34271136	-0.7938472	0.3348592	-1.1541257	0.37601632	-1.3900064	0.3289539	-1.3053138	0.24117124	-2.7097125	0.14163606	-0.4826044	0.116612926	-0.79766375	0.34673056	-1.4439514	0.23390281	-2.9017365	0.35093272	-0.7334036
ATR_204_set19__709	18389.482262551763	20218.88328484714	aCM-RA	False	0.3174716	-1.1185316	0.33159927	-1.1914823	0.3443544	-1.8591889	0.2983917	-1.746589	0.26656124	-2.347953	0.17985639	-0.36975747	0.16476387	-0.5989019	0.38058838	-0.8387071	0.2613724	-2.613883	0.3577877	-0.7090662
ATR_204_set19__83	18521.466202761723	20208.87112304182	aCM-RA	False	0.398618	-0.07466385	0.48933885	0.61611044	0.5249328	0.81671333	0.46065548	0.5962723	0.44397265	0.17982253	1.1421713	2.471513	0.93675464	2.5877922	0.4558068	0.5059011	0.5851087	0.778548	0.4854645	-0.25577137
ATR_205_set19__129	18176.503896907278	19724.99611019198	EPDC	False	0.5756081	2.2021368	0.5662766	1.4977671	0.5810044	1.6476103	0.5108202	1.3205806	0.6119302	2.5728986	0.10484358	-0.5912356	0.1781867	-0.5434939	0.52448183	1.7335397	0.7554467	2.5635188	0.6683299	0.3934611
ATR_205_set19__213	18110.421351645906	19755.37390537086	aFibro	False	0.6135001	2.6895802	0.61783755	2.0886219	0.6127489	2.118017	0.5143686	1.3718143	0.6379067	2.9430141	0.13944341	-0.48907828	0.24526447	-0.2666042	0.5403477	2.0171587	0.73819524	2.382741	0.7844136	0.8055965
ATR_205_set19__391	18258.543048473926	19915.391529419234	ncCM-IFT-like	False	0.2810298	-1.587319	0.26233393	-1.9852178	0.32369015	-2.1654022	0.3423694	-1.1116126	0.31404293	-1.6714293	0.24862182	-0.16672496	0.3227904	0.0534145	0.28129935	-2.613603	0.19545117	-3.304671	0.5028897	-0.19390622
ATR_205_set19__403	18225.549353930335	19750.545141687166	aFibro	False	0.45973998	0.7116093	0.47615626	0.4650467	0.48187578	0.17867257	0.40770894	-0.16820142	0.4795478	0.6867009	0.15493822	-0.44332927	0.20574635	-0.42973068	0.4453593	0.31914103	0.5218537	0.11569905	0.85534745	1.0574352
ATR_205_set19__452	17989.59597885674	19694.685924294536	aFibro	False	0.38822025	-0.2084207	0.34996763	-0.9809928	0.4119791	-0.8570916	0.33482134	-1.2205961	0.4206051	-0.15312074	0.095145404	-0.6198698	0.16971323	-0.5784715	0.40702367	-0.36614856	0.43697914	-0.7737008	0.8062373	0.88307786
ATR_205_set19__456	17969.263398679184	19718.636443554187	VEC	True	0.3149728	-1.1506763	0.33777806	-1.1206774	0.34368291	-1.8691392	0.34344822	-1.0960361	0.2962351	-1.9251568	0.1840461	-0.35738719	0.17702912	-0.5482723	0.3555257	-1.2867289	0.36482307	-1.5298239	0.5480031	-0.03373881
ATR_205_set19__472	18010.013995595596	19776.76421592431	VIC	True	0.3868445	-0.22611852	0.38177398	-0.6165128	0.4056339	-0.9511182	0.3711109	-0.696626	0.34905726	-1.1725416	0.08407897	-0.6525439	0.14726222	-0.6711468	0.381017	-0.83104515	0.36147553	-1.5649028	0.5676333	0.035954855
ATR_205_set19__501	18072.639612261868	19727.24432273843	aCM-RA	False	0.32936633	-0.9655177	0.35383096	-0.9367215	0.37317258	-1.4321464	0.36019602	-0.8542213	0.22981115	-2.8715723	0.18834633	-0.34469062	0.19548695	-0.47208038	0.34512725	-1.4726121	0.25993857	-2.628908	0.2102507	-1.2328712
ATR_205_set19__544	18187.774082885997	19943.45300958593	aEndocardial	False	0.50237936	1.2601223	0.60607594	1.9538414	0.52509475	0.81911314	0.46813813	0.7043112	0.46511704	0.48108995	0.105728805	-0.5886219	0.18620351	-0.5104014	0.47004393	0.7604049	0.5001998	-0.11121195	0.67873085	0.4303879
ATR_205_set19__575	18099.494525521095	19947.912674655934	aCM-RA	False	0.41716602	0.16393782	0.4440257	0.09685132	0.5386054	1.0193207	0.49552605	1.0997543	0.4352309	0.055269387	1.4143736	3.2752008	1.1758004	3.5745473	0.4492456	0.38861293	0.5550961	0.46404603	0.5632978	0.020562531
ATR_205_set19__97	18206.942746283104	19816.865860512964	ncCM-IFT-like	False	0.4166128	0.15682119	0.37972584	-0.63998306	0.440398	-0.435966	0.40708244	-0.17724726	0.39006346	-0.588281	0.15246932	-0.4506188	0.16694911	-0.5898815	0.3925076	-0.6256383	0.37531033	-1.419928	0.53372264	-0.084439084
ATR_206_set19__129	17858.0221792175	19973.97617814846	aCM-RA	False	0.33463508	-0.8977405	0.34119675	-1.0815014	0.38975725	-1.1863865	0.34848154	-1.023362	0.24946563	-2.5915332	0.22688961	-0.23089013	0.21248947	-0.40189582	0.34845468	-1.4131308	0.22738001	-2.970089	0.25450417	-1.0757568
ATR_206_set19__164	17819.864112589737	19666.380403758663	aCM-LA	False	0.32005858	-1.0852525	0.34164262	-1.0763919	0.4284684	-0.61274487	0.4088793	-0.15130296	0.31906855	-1.5998237	1.020099	2.1110904	0.81199944	2.0728161	0.38251922	-0.80419147	0.48746422	-0.24466798	0.37031397	-0.66459376
ATR_206_set19__394	17666.652624427377	19887.279749247333	aFibro	False	0.3547141	-0.63944393	0.38180614	-0.6161443	0.3938913	-1.1251259	0.31391412	-1.522467	0.41531765	-0.2284567	0.13805254	-0.4931849	0.22410671	-0.35394108	0.38777497	-0.71023923	0.3847707	-1.3207929	0.73913926	0.6448577
ATR_206_set19__426	17955.19225065519	19718.320699869324	aCM-RA	False	0.33637708	-0.8753313	0.3368771	-1.1310016	0.3863335	-1.2371213	0.32506013	-1.3615342	0.34552878	-1.2228156	0.1827268	-0.36128247	0.23351958	-0.3150858	0.5045556	1.3773371	0.30397105	-2.167492	0.20414998	-1.2545309
ATR_206_set19__441	17913.580779828662	19758.929212196523	ncCM-IFT-like	False	0.41377065	0.120259665	0.5494043	1.3044217	0.52407074	0.80393887	0.49062425	1.0289792	0.45010683	0.26722297	1.2042322	2.6547503	0.99149674	2.8137617	0.3864822	-0.7333488	0.5570445	0.48446348	0.66232276	0.3721338
ATR_206_set19__456	17833.079613583857	19905.108484629694	ncCM-IFT-like	False	0.45546052	0.6565583	0.55779725	1.4005992	0.5755587	1.5669138	0.5110733	1.3242347	0.48389292	0.7486106	1.1188045	2.4025216	0.97312427	2.737922	0.47850168	0.91159606	0.6235166	1.1810244	0.6174586	0.21285115
ATR_206_set19__463	17834.111552760238	19835.021828207664	ncCM-IFT-like	False	0.39294901	-0.14758985	0.55420256	1.3594064	0.48894998	0.28350174	0.45136085	0.46207088	0.42808267	-0.046579406	1.0529405	2.208056	0.86081344	2.274315	0.36578777	-1.1032835	0.45804122	-0.5529914	0.64810324	0.3216498
ATR_206_set19__546	17880.435728524164	19799.84735075613	aCM-RA	False	0.40268317	-0.022369673	0.40629607	-0.33550555	0.5245656	0.8112716	0.5352974	1.6739968	0.4595682	0.40202957	1.0797578	2.287235	0.9377168	2.5917637	0.4548356	0.48853993	0.64458513	1.4018012	0.4012682	-0.554696
ATR_206_set19__557	17654.484693502847	19906.282731595533	aCM-RA	False	0.35754988	-0.60296446	0.27311304	-1.8616962	0.41005096	-0.8856639	0.336656	-1.1941061	0.2850825	-2.0840607	0.11829999	-0.551505	0.09901252	-0.8703163	0.42605793	-0.025891013	0.19442132	-3.3154628	0.23533937	-1.1437981
ATR_206_set19__603	17723.46136093368	19773.22042879512	aFibro	False	0.50008494	1.2306069	0.46114647	0.29304427	0.48431617	0.21483554	0.4071576	-0.17616203	0.48445657	0.75664157	0.1490571	-0.4606935	0.24411273	-0.27135843	0.4532876	0.46086794	0.46220613	-0.5093474	0.9887074	1.530907
ATR_206_set19__619	17710.94038112736	19904.955613567025	ncCM-IFT-like	False	0.46714485	0.8068655	0.50127596	0.752902	0.56368387	1.3909463	0.54911065	1.8734407	0.47461373	0.6163997	1.164894	2.5386028	0.99202263	2.8159325	0.4660341	0.6887253	0.62641907	1.2114391	0.49095693	-0.23627146
ATR_206_set19__622	17675.23513908161	19792.94171652198	ncCM-IFT-like	False	0.4552647	0.65403914	0.49366918	0.6657333	0.4609702	-0.13111696	0.4091062	-0.14802706	0.4729725	0.59301555	0.1195379	-0.5478501	0.20648688	-0.42667386	0.3982962	-0.5221611	0.5156769	0.050972715	0.811456	0.9016061
ATR_206_set19__665	17857.23985096559	19898.937506556722	ncCM-IFT-like	False	0.3829798	-0.27583373	0.40305698	-0.37262347	0.4962603	0.3918295	0.49347228	1.0701008	0.43512616	0.053776823	1.0321318	2.1466174	0.87630826	2.3382761	0.4182198	-0.16600583	0.6656228	1.6222545	0.40673935	-0.53527164
ATR_206_set19__668	17849.016230083274	19876.72745320641	ncCM-IFT-like	False	0.44391838	0.5080801	0.43178576	-0.043410335	0.4601941	-0.14261734	0.39791998	-0.30954027	0.4406084	0.13188857	0.21379887	-0.26954103	0.17060992	-0.57477003	0.45788482	0.543048	0.45658857	-0.56821376	0.69790506	0.4984627
ATR_206_set19__686	17813.698986895717	19974.904422112868	aCM-RA	False	0.32206565	-1.0594336	0.28599668	-1.7140582	0.40120658	-1.0167243	0.40916228	-0.14721723	0.23814456	-2.752837	0.13491535	-0.50244755	0.10837422	-0.83167225	0.37400067	-0.9564694	0.19300635	-3.3302906	0.26441467	-1.0405712
ATR_206_set19__757	17761.273111644925	19958.26040141295	ncCM-IFT-like	False	0.3505986	-0.6923857	0.42585322	-0.11139337	0.46312472	-0.09919006	0.42339638	0.05830314	0.3963689	-0.49844062	0.8957409	1.7439183	0.74827665	1.8097755	0.3866832	-0.72975594	0.5580279	0.49476868	0.38523853	-0.61160666
ATR_206_set19__777	17858.910476228746	19967.494315925578	aCM-RA	False	0.38041028	-0.3088881	0.4558276	0.23209338	0.49431208	0.36295995	0.4896017	1.0142151	0.40816078	-0.33042863	1.0405064	2.1713438	0.9303547	2.561374	0.41963625	-0.1406854	0.51477325	0.041503206	0.4569241	-0.3570992
ATR_207_set19__190	17790.072985103703	19971.053921281702	ncCM-IFT-like	False	0.37599745	-0.36565477	0.48212743	0.53347236	0.5078776	0.5639806	0.4413161	0.31703874	0.4206712	-0.15217893	1.0818893	2.2935283	0.8628833	2.2828593	0.42902145	0.027084902	0.57979506	0.7228664	0.37863147	-0.6350639
ATR_207_set19__272	17733.878279788143	20127.101037557422	VEC	True	0.5009612	1.241879	0.55514735	1.370233	0.5203914	0.7494166	0.48303342	0.9193783	0.47562945	0.63087183	0.11761277	-0.55353403	0.15977097	-0.6195121	0.4828703	0.98969	0.48040682	-0.3186224	0.5428359	-0.05208403
ATR_207_set19__349	17688.3259317961	20081.375454413843	ncCM-IFT-like	False	0.4271378	0.29221466	0.5109812	0.86411774	0.522114	0.7749426	0.4789164	0.85993445	0.44358084	0.17423996	1.0177041	2.1040192	0.8383593	2.1816268	0.44061252	0.2342876	0.5568346	0.48226362	0.46149975	-0.34085417
ATR_207_set19__374	17675.24551003253	19991.052463517015	ncCM-IFT-like	False	0.35001594	-0.6998811	0.3537893	-0.93719894	0.4088802	-0.90301275	0.39528725	-0.34755328	0.2627811	-2.4018128	0.29698846	-0.023920665	0.25844878	-0.21218078	0.34112602	-1.5441383	0.30533886	-2.1531587	0.31118384	-0.87452525
ATR_207_set19__379	17665.141066250028	20128.46720132612	VEC	True	0.38302857	-0.2752065	0.5437551	1.2396854	0.41271305	-0.8462157	0.36191696	-0.8293734	0.35156253	-1.1368462	0.077167004	-0.6729517	0.13788429	-0.7098579	0.41372728	-0.24631438	0.4153899	-0.99993443	0.5681743	0.037875697
ATR_207_set19__412	17954.01582784714	20014.740179691093	aCM-RA	False	0.37477198	-0.38141924	0.39565858	-0.45740426	0.41548958	-0.80507165	0.39490145	-0.35312358	0.28008628	-2.155247	0.07119216	-0.69059265	0.105463855	-0.8436859	0.37606248	-0.91961235	0.24777943	-2.7563236	0.37090704	-0.6624882
ATR_207_set19__430	17915.23396446622	20224.75111156562	VIC	True	0.5443828	1.8004549	0.6001996	1.8865023	0.5482576	1.1623518	0.44285887	0.33931428	0.59580183	2.3431	0.089704074	-0.63593554	0.16451441	-0.59993166	0.5287356	1.80958	0.7690873	2.7064588	0.70969176	0.54030937
ATR_207_set19__457	17821.65269207403	20212.852924539566	VEC	True	0.5213557	1.504234	0.61187935	2.0203447	0.55186105	1.2157497	0.49867854	1.1452718	0.48129487	0.71159333	0.12242894	-0.53931415	0.2064898	-0.4266618	0.49032623	1.1229724	0.5228536	0.12617728	0.7354296	0.63168716
ATR_207_set19__479	17762.69895398248	20228.457325049298	VEC	True	0.5190683	1.4748089	0.6072301	1.9670677	0.5432833	1.0886401	0.4621985	0.61855125	0.49507067	0.90787226	0.14404367	-0.47549585	0.21895334	-0.37521365	0.503173	1.3526218	0.5468632	0.3777736	0.80957055	0.89491206
ATR_207_set19__520	17874.505582768026	19995.485299945052	aCM-RA	False	0.4569217	0.6753549	0.49587852	0.6910508	0.579655	1.6276144	0.5229238	1.4953398	0.49053466	0.8432429	1.3550093	3.0999253	1.1492252	3.4648476	0.48764503	1.0750431	0.6128856	1.0696219	0.65738904	0.35461748
ATR_207_set19__522	17857.593630329022	19993.34437451091	aCM-LA	False	0.426004	0.27762946	0.47711584	0.4760428	0.5437715	1.0958748	0.5304605	1.6041584	0.45655787	0.35913807	1.2996551	2.93649	1.0799375	3.1788352	0.44892266	0.3828401	0.5368333	0.2726702	0.52874196	-0.10212215
ATR_207_set19__525	17857.131430939327	20202.051532588506	VIC	True	0.42163593	0.22143865	0.42353892	-0.13791373	0.4235058	-0.6862831	0.31173724	-1.5538981	0.4319745	0.008871722	0.1276487	-0.52390265	0.18948898	-0.49683934	0.4470932	0.35013628	0.48634636	-0.25638196	0.8412931	1.0075376
ATR_207_set19__544	17672.11456581422	20097.94363527899	ncCM-IFT-like	False	0.43515882	0.3953972	0.5266863	1.0440881	0.5491377	1.1753939	0.49956232	1.1580325	0.47849298	0.6716717	1.1282972	2.4305494	0.9631679	2.6968231	0.43293065	0.096965976	0.587859	0.8073681	0.55805314	0.0019422132
ATR_207_set19__570	17713.835566088786	20175.087990218857	VIC	True	0.5553736	1.9418405	0.6648952	2.6278715	0.57346475	1.5358843	0.50795436	1.2792017	0.57176584	2.000633	0.2449315	-0.17762075	0.24258414	-0.2776683	0.51087946	1.4903829	0.7766461	2.7856672	0.85461265	1.0548264
ATR_207_set19__623	17917.20385979345	19980.589525443098	ncCM-AVC-like	True	0.34585413	-0.7534185	0.3343388	-1.1600888	0.3984532	-1.0575253	0.35874668	-0.8751478	0.23971991	-2.7303913	0.0885287	-0.6394059	0.09028884	-0.9063267	0.38400924	-0.77755564	0.1628584	-3.6462107	0.2805718	-0.9832082
ATR_207_set19__65	17914.636392695505	20206.350781432302	VIC	True	0.5535637	1.918558	0.56606996	1.495399	0.57131916	1.50409	0.47854346	0.8545496	0.57852703	2.096967	0.21667163	-0.2610591	0.2639554	-0.18944998	0.52185214	1.6865312	0.7705016	2.7212794	0.8361679	0.9893413
ATR_207_set19__666	17876.906623907533	20213.83485871278	VIC	True	0.36938253	-0.45074916	0.37983066	-0.63878196	0.41236413	-0.85138625	0.33025363	-1.2865474	0.3806089	-0.72299075	0.071559824	-0.6895071	0.18385921	-0.5200784	0.36027646	-1.201804	0.38140303	-1.3560826	0.7206812	0.5793255
ATR_207_set19__712	17750.37626546269	20185.7431226474	VIC	True	0.57567275	2.2029686	0.5653094	1.4866836	0.56601846	1.4255414	0.4800682	0.8765648	0.5609142	1.846018	0.14242828	-0.48026535	0.2270636	-0.3417354	0.5034651	1.3578439	0.6699178	1.6672623	0.7532713	0.69503105
ATR_207_set19__753	17956.883186158186	20157.994833748464	VEC	True	0.46917394	0.83296776	0.49339655	0.6626091	0.48351452	0.20295624	0.41260332	-0.0975335	0.47066694	0.5601656	0.10855407	-0.58028024	0.23811	-0.29613703	0.41785067	-0.17260446	0.5754676	0.67751884	0.7960219	0.8468098
ATR_208_set19__103	17596.567241967394	19972.55762403482	ncCM-IFT-like	False	0.31312618	-1.1744311	0.3432215	-1.0582992	0.42270994	-0.6980767	0.40774924	-0.16761965	0.37626484	-0.78488517	0.38502884	0.23602185	0.36338392	0.22098008	0.42571688	-0.031987783	0.39589497	-1.2042216	0.09786738	-1.6318692
ATR_208_set19__104	17601.27813298341	20164.74582980412	VIC	True	0.5546999	1.9331739	0.6151379	2.0576854	0.5623045	1.370506	0.4736365	0.7837001	0.5618776	1.8597444	0.292473	-0.037252754	0.24856651	-0.2529737	0.5691069	2.5312593	0.82718325	3.3152459	0.73437524	0.6279439
ATR_208_set19__125	17585.301713441175	20161.118292928433	VIC	True	0.46207577	0.7416569	0.42743713	-0.09324287	0.4832605	0.19919227	0.42491302	0.0802013	0.4542625	0.32643333	0.20427991	-0.2976461	0.23246844	-0.31942478	0.45975173	0.57642096	0.4864811	-0.25497007	0.7124681	0.55016625
ATR_208_set19__179	17542.590718964057	20149.735387518067	VIC	True	0.48961398	1.0959085	0.5101304	0.8543682	0.5036287	0.5010179	0.4267919	0.10732979	0.49817827	0.9521498	0.20763806	-0.28773105	0.26836026	-0.17126727	0.5082775	1.4438698	0.644741	1.4034345	0.81864953	0.9271454
ATR_208_set19__183	17542.22345027038	20169.85062579449	VIC	True	0.52338004	1.5302752	0.6168135	2.0768867	0.5633207	1.3855646	0.46604067	0.67402685	0.5722134	2.00701	0.19219178	-0.33333677	0.23734558	-0.2992925	0.48903582	1.0999049	0.80136454	3.0446918	0.87115175	1.1135457
ATR_208_set19__193	17536.97578894036	20262.252395735886	VIC	True	0.48942396	1.0934641	0.48426154	0.5579279	0.48840258	0.27538997	0.47154388	0.75348544	0.49509656	0.9082413	0.11170352	-0.5709814	0.23424502	-0.3120913	0.50385267	1.3647717	0.52387154	0.13684414	0.69450635	0.48639616
ATR_208_set19__207	17532.17649533898	20234.484431680932	VIC	True	0.525591	1.5587171	0.5086944	0.8379126	0.51440436	0.6606975	0.39099473	-0.40953124	0.5368456	1.5030861	0.10285895	-0.59709525	0.20885009	-0.41691878	0.46059853	0.59155846	0.56778365	0.59699893	0.90395886	1.2300217
ATR_208_set19__21	17654.559973564774	20048.225813565303	aCM-LA	False	0.34737498	-0.7338544	0.30995154	-1.439551	0.39866057	-1.0544524	0.35104197	-0.9863929	0.2742141	-2.2389147	0.21491657	-0.26624095	0.18988983	-0.49518466	0.3748259	-0.9417176	0.22312151	-3.0147135	0.2598785	-1.0566761
ATR_208_set19__224	17508.29398893563	20011.858805952044	aCM-RA	False	0.31761757	-1.1166538	0.29185632	-1.6469105	0.37116536	-1.4618903	0.32961702	-1.2957392	0.20291255	-3.254826	0.0843696	-0.6516858	0.08343502	-0.93461853	0.34812775	-1.418975	0.20610748	-3.1930034	0.30341917	-0.9020924
ATR_208_set19__225	17514.440317955814	20238.99772542237	VIC	True	0.38073435	-0.30471927	0.41221467	-0.26768234	0.39461282	-1.1144341	0.35732296	-0.89570427	0.34515524	-1.228138	0.19404973	-0.3278511	0.21101324	-0.40798953	0.41136706	-0.28850588	0.36298004	-1.549137	0.5985562	0.14574154
ATR_208_set19__226	17509.97798587152	20052.495655958028	aFibro	False	0.471754	0.8661579	0.44404927	0.097121455	0.44918516	-0.3057535	0.41533443	-0.058100037	0.43817785	0.09725773	0.17673321	-0.37897876	0.22914314	-0.33315125	0.44780168	0.3628013	0.3622256	-1.5570428	0.7820925	0.79735595
ATR_208_set19__269	17484.479508851065	20161.818301180767	VIC	True	0.4669711	0.80463046	0.45521832	0.22511144	0.49624375	0.39158437	0.39026812	-0.42002246	0.48818508	0.80976576	0.14136936	-0.48339185	0.20184603	-0.44583076	0.46229115	0.62181586	0.5952391	0.8847044	0.8000197	0.86100334
ATR_208_set19__271	17477.641001167955	20100.74918197011	aFibro	False	0.49842587	1.2092646	0.5251546	1.0265355	0.5273067	0.8518906	0.4278283	0.12229404	0.53804034	1.5201086	0.13953678	-0.4888026	0.20564684	-0.43014145	0.45812863	0.54740644	0.7088879	2.0756292	0.8054978	0.8804525
ATR_208_set19__273	17474.04097754268	19980.28981918345	aCM-LA	False	0.3761643	-0.36350864	0.39482903	-0.46691033	0.43987247	-0.44375363	0.39235836	-0.38984224	0.34061024	-1.2928956	0.37592793	0.20915106	0.35672277	0.19348359	0.39015627	-0.6676711	0.37526804	-1.420371	0.2596513	-1.0574828
ATR_208_set19__283	17469.282526977884	20179.18822840519	VIC	True	0.47344962	0.8879701	0.48260796	0.53897893	0.5075077	0.5584991	0.41183132	-0.108680084	0.5052151	1.0524113	0.14564708	-0.47076172	0.24227133	-0.2789595	0.47739673	0.8918439	0.55047584	0.4156304	0.86080384	1.0768071
ATR_208_set19__350	17431.11111316111	20210.105419186777	VIC	True	0.3794079	-0.32178262	0.43349582	-0.023814196	0.44042063	-0.43563083	0.3146804	-1.5114031	0.36245123	-0.9817029	0.12388709	-0.5350089	0.13369092	-0.72716767	0.4401866	0.22667357	0.30960426	-2.1084616	0.417401	-0.49741933
ATR_208_set19__356	17420.132252176416	20151.73754109027	VEC	True	0.5347952	1.6771201	0.58648837	1.7293806	0.5195757	0.7373293	0.51079357	1.3201959	0.48788795	0.8055322	0.1385719	-0.49165145	0.16629723	-0.5925724	0.44722626	0.352515	0.6317067	1.2668483	0.5295286	-0.09932924
ATR_208_set19__379	17405.483506994875	20011.485179233907	aCM-RA	False	0.23602107	-2.1663113	0.43439567	-0.013502486	0.30094984	-2.5023794	0.37192425	-0.68488216	0.26615158	-2.35379	0.8973907	1.7487894	0.85267675	2.2407277	0.27141172	-2.790355	0.26752287	-2.549432	0.4800644	-0.27494356
ATR_208_set19__427	17374.635713724754	20214.34135720394	VIC	True	0.46483627	0.777168	0.42529467	-0.11779405	0.5251591	0.82006705	0.4461701	0.38712358	0.4956647	0.91633594	0.17905696	-0.37211782	0.17925598	-0.5390801	0.43008053	0.046017163	0.65064406	1.4652927	0.6782162	0.42856082
ATR_208_set19__46	17638.45371460239	20049.062504257134	ncCM-IFT-like	False	0.32346135	-1.0414793	0.42235997	-0.15142374	0.45148295	-0.2717037	0.40977725	-0.13833791	0.40258905	-0.4098151	1.0701467	2.2588577	0.9412963	2.6065395	0.386187	-0.7386262	0.3802637	-1.3680217	0.11562407	-1.568827
ATR_208_set19__496	17646.588501567498	20143.79657821489	VIC	True	0.42405477	0.25255468	0.39602643	-0.45318893	0.43061608	-0.58091956	0.3778502	-0.5993197	0.44015402	0.12541428	0.088775344	-0.63867766	0.18955678	-0.49655947	0.41136765	-0.28849524	0.5378547	0.2833733	0.7994108	0.85884166
ATR_208_set19__498	17632.13178904445	20134.197458107676	VIC	True	0.52730924	1.5808204	0.60953623	1.9934942	0.54205185	1.0703921	0.4657392	0.6696739	0.53288513	1.4466567	0.121079534	-0.5432983	0.22050919	-0.36879128	0.47107074	0.7787602	0.6233461	1.1792374	0.7236765	0.5899598
ATR_208_set19__506	17596.79156739835	20182.82607959457	VIC	True	0.4557418	0.6601766	0.4937399	0.6665437	0.49269703	0.33902737	0.3922627	-0.39122352	0.54258776	1.5849006	0.094066374	-0.62305564	0.15053976	-0.6576175	0.43055218	0.054448433	0.68351	1.8096948	0.74300295	0.6585751
ATR_208_set19__536	17490.050195349344	20102.761984088487	aEndocardial	False	0.4629426	0.7528078	0.53863895	1.1810576	0.49344578	0.35012278	0.442544	0.33476812	0.4319234	0.008143487	0.07700575	-0.6734278	0.16375719	-0.6030574	0.4352275	0.13802485	0.4265943	-0.88252366	0.7171519	0.5667953
ATR_208_set19__595	17627.824473591696	20051.969219635674	ncCM-IFT-like	False	0.3959042	-0.10957418	0.4848259	0.5643952	0.5222401	0.77681154	0.46204022	0.6162659	0.45645186	0.35762766	1.0496018	2.1981983	0.9336057	2.5747936	0.42237145	-0.09179086	0.53170925	0.2189755	0.40599343	-0.53791994
ATR_208_set19__622	17379.60700746886	19989.299216799114	aCM-RA	False	0.35667193	-0.61425835	0.4107881	-0.28403	0.47931987	0.14079784	0.45308232	0.48692653	0.38796312	-0.6182069	1.281955	2.88423	1.0544212	3.0735068	0.39458948	-0.5884227	0.52075815	0.10421897	0.6101721	0.18698171
ATR_208_set19__82	17611.168431803366	20126.543711892642	VIC	True	0.44750828	0.5542606	0.48380488	0.55269486	0.4541632	-0.23198652	0.42545554	0.08803455	0.45510262	0.33840355	0.15936173	-0.4302687	0.24146019	-0.28230783	0.41297537	-0.2597556	0.49556434	-0.15978684	0.71826845	0.5707595
ATR_208_set19__83	17614.142532266786	20075.671448543315	aFibro	False	0.4842273	1.0266142	0.50051033	0.74412847	0.50501674	0.52158713	0.39452273	-0.35859188	0.5045603	1.0430814	0.08675853	-0.6446324	0.1964945	-0.4679213	0.45815828	0.5479365	0.6487507	1.4454525	0.88977623	1.1796687
ATR_209_set19__120	17267.896402329097	19981.244796425777	VIC	True	0.3834786	-0.26941714	0.34689176	-1.0162402	0.38353938	-1.278526	0.29264414	-1.8295757	0.38982123	-0.5917323	0.07056598	-0.69244146	0.13001533	-0.7423401	0.36386716	-1.1376165	0.4037447	-1.1219643	0.7334039	0.6244954
ATR_209_set19__228	17170.9450536702	20052.628481583306	VIC	True	0.4468046	0.5452087	0.4116102	-0.2746093	0.456408	-0.19872193	0.35904002	-0.8709123	0.46258986	0.44508246	0.09574853	-0.6180891	0.20988671	-0.4126397	0.412762	-0.2635701	0.49256134	-0.19125527	0.75836897	0.7131295
ATR_209_set19__321	17091.90786368627	20028.892095998435	VIC	True	0.46536523	0.78397256	0.44448674	0.102134556	0.464013	-0.08602696	0.3886303	-0.44367024	0.48723593	0.79624224	0.095913015	-0.61760336	0.19476642	-0.47505465	0.40860033	-0.33796406	0.5201994	0.098363996	0.89672065	1.2043236
ATR_209_set19__387	17047.535756886507	20112.67144463541	VIC	True	0.46779427	0.8152197	0.5542884	1.3603898	0.4729881	0.046970446	0.39601657	-0.3370229	0.46502936	0.4798407	0.07513451	-0.6789527	0.18242225	-0.52601004	0.3929022	-0.61858475	0.45632455	-0.5709804	0.76818544	0.74798125
ATR_209_set19__461	17264.18112205347	20081.47928094346	Proliferating vFibro	False	0.43774652	0.42868543	0.4749702	0.45145506	0.45584413	-0.2070775	0.35425213	-0.9400428	0.48943183	0.82752955	0.090347774	-0.634035	0.2414384	-0.28239775	0.42094502	-0.117289774	0.45197466	-0.61656284	0.7927173	0.83507735
ATR_209_set19__502	17136.705405418426	20231.99077857413	aFibro	False	0.44761875	0.55568177	0.5432189	1.2335409	0.45466956	-0.22448285	0.37210393	-0.6822878	0.4966204	0.92995286	0.105818406	-0.5883574	0.1813175	-0.5305703	0.37458476	-0.9460281	0.4377064	-0.7660798	0.7302303	0.61322784
ATR_209_set19__503	17140.925556548544	20161.397955460343	aCM-RA	False	0.50422984	1.283927	0.5053973	0.8001301	0.48898974	0.28409088	0.4256443	0.09076009	0.48343977	0.7421541	0.28039083	-0.07292578	0.29558143	-0.058901228	0.4698987	0.7578088	0.5649454	0.56725687	0.73580015	0.63300276
ATR_209_set19__539	17052.609146287305	20247.87694889477	VIC	True	0.4495781	0.5808869	0.5572365	1.3941733	0.45187873	-0.26583892	0.37749374	-0.60446656	0.5063133	1.0680588	0.1407707	-0.4851594	0.15448792	-0.64131993	0.4065109	-0.375315	0.5209592	0.10632573	1.0817621	1.8612818
ATR_209_set19__544	17329.43524980804	20264.306170453685	VIC	True	0.53634214	1.6970197	0.5917178	1.7893063	0.55618304	1.2797952	0.42230448	0.042537674	0.57210636	2.0054846	0.13551281	-0.50068355	0.23505504	-0.3087476	0.50012565	1.2981473	0.67802095	1.752175	0.82058084	0.9340022
ATR_209_set19__605	17313.897832182087	20004.743429119382	ncCM-IFT-like	False	0.4063654	0.02499849	0.5020241	0.7614754	0.5325125	0.9290329	0.4893678	1.010838	0.43113044	-0.0031545504	1.2087876	2.6682003	0.994577	2.8264766	0.42988926	0.042597987	0.58112293	0.7367812	0.5581825	0.0024014201
ATR_209_set19__628	17170.38137518247	20229.85924537336	aEndocardial	False	0.48745635	1.0681528	0.52550596	1.030562	0.48387948	0.2083644	0.49876708	1.1465503	0.4392449	0.11246106	0.07335659	-0.6842021	0.15651824	-0.632939	0.42038864	-0.12723564	0.43978965	-0.7442495	0.8532623	1.0500321
ATR_209_set19__645	17322.87232211015	20275.402364616355	VEC	True	0.4966372	1.1862552	0.5887461	1.7552525	0.49545383	0.3798791	0.45741582	0.5494961	0.48177272	0.7184018	0.14085062	-0.48492345	0.20206602	-0.4449227	0.43168506	0.074699774	0.5557645	0.47105026	0.6576501	0.35554436
ATR_209_set19__731	17072.219324370384	20230.537183138844	ncCM-AVC-like	True	0.3045455	-1.284813	0.28602368	-1.7137488	0.36001986	-1.62705	0.32612777	-1.346119	0.27289155	-2.2577584	0.33605447	0.091423206	0.28490168	-0.10298608	0.32570657	-1.8197773	0.25880986	-2.6407356	0.49419826	-0.22476366
ATR_209_set19__77	17313.99181731123	20046.067292109954	ncCM-IFT-like	False	0.45385572	0.6359142	0.49635392	0.6964987	0.5686262	1.4641845	0.5256463	1.5346489	0.47548732	0.6288468	1.0315728	2.144967	0.90598434	2.4607756	0.47171623	0.790299	0.6094148	1.0332516	0.436371	-0.43006954
ATR_209_set19__92	17299.5720501234	20021.22502728546	aCM-RA	False	0.4432718	0.49976242	0.4817795	0.52948517	0.5627191	1.3766499	0.5318586	1.6243458	0.4564457	0.35753977	1.3758153	3.1613557	1.1210397	3.348501	0.4695687	0.7519097	0.5566495	0.48032427	0.6068945	0.17534515
ATR_210_set19__123	17583.8537262873	19951.7160028122	ncCM-IFT-like	False	0.31517673	-1.1480528	0.3831727	-0.60048443	0.4380419	-0.47088006	0.44609746	0.38607493	0.390031	-0.5887434	0.9948784	2.0366254	0.8829971	2.365887	0.388872	-0.69062877	0.38254857	-1.3440784	0.30203238	-0.907016
ATR_210_set19__125	17579.59692232898	19894.084720257582	ncCM-IFT-like	False	0.4042899	-0.001700661	0.6200306	2.1137526	0.54860824	1.1675481	0.4845515	0.9412971	0.45722744	0.36867815	1.0425991	2.1775224	0.7624897	1.8684453	0.46143624	0.60653347	0.6291507	1.2400638	0.21947718	-1.2001141
ATR_210_set19__2	17656.74786705733	19921.924111362972	aCM-RA	False	0.36989608	-0.44414282	0.42640877	-0.10502719	0.47395784	0.06134051	0.44019982	0.3009213	0.40533572	-0.37068027	0.9733581	1.9730859	0.7722306	1.9086549	0.35920697	-1.2209222	0.5728187	0.64976114	0.40974706	-0.5245933
ATR_210_set19__203	17521.98015052445	19808.710701015734	aCM-RA	False	0.43163186	0.3500264	0.42750865	-0.09242323	0.4468911	-0.33974808	0.397398	-0.31707704	0.46349078	0.45791894	0.09482705	-0.62080973	0.14274652	-0.68978715	0.44163224	0.2525161	0.52335334	0.1314139	0.61967427	0.22071756
ATR_210_set19__253	17480.329555449505	19692.0522704566	VIC	True	0.4739149	0.8939554	0.53221923	1.1074917	0.48073274	0.16173445	0.46862456	0.71133465	0.5138081	1.1748447	0.16881622	-0.40235397	0.2105205	-0.41002348	0.45880792	0.55954933	0.6986164	1.9679945	0.79744214	0.8518522
ATR_210_set19__258	17483.015572968325	19800.501938110905	aFibro	False	0.4384225	0.43738118	0.33922654	-1.1040787	0.5148938	0.66794986	0.3874281	-0.46102825	0.5557848	1.7729337	0.10732147	-0.5839195	0.22056766	-0.36854994	0.51147467	1.501023	0.48252168	-0.29646078	0.7666214	0.7424284
ATR_210_set19__303	17451.28656354969	19914.493091174398	aEndocardial	False	0.509157	1.34731	0.52827144	1.0622526	0.5183232	0.71876866	0.39403287	-0.36566478	0.53677624	1.5020976	0.08663053	-0.6450103	0.20243727	-0.44339022	0.47641844	0.8743559	0.6214045	1.1588918	0.9329759	1.3330417
ATR_210_set19__320	17440.25093077097	19693.103847821352	VIC	True	0.4173668	0.16652063	0.45997173	0.27958244	0.42760295	-0.6255697	0.3708136	-0.70091826	0.46816748	0.524553	0.12536421	-0.53064764	0.14911956	-0.6634799	0.4296458	0.03824597	0.6882914	1.8597987	0.79358315	0.8381515
ATR_210_set19__355	17419.683752370758	19879.46017364635	aFibro	False	0.48824376	1.078282	0.51825625	0.947485	0.51048416	0.60260606	0.3965734	-0.3289831	0.5272552	1.3664404	0.14552511	-0.47112185	0.25029853	-0.24582413	0.4526575	0.44960403	0.6166854	1.10944	0.8333113	0.9791996
ATR_210_set19__418	17381.816423705448	19937.827231103063	ncCM-IFT-like	False	0.5297504	1.6122236	0.5626329	1.4560127	0.55966526	1.3313965	0.45285398	0.48362952	0.5093234	1.1109469	0.2284221	-0.22636537	0.2851734	-0.1018645	0.53251004	1.8770524	0.54429877	0.35090095	0.81724656	0.9221644
ATR_210_set19__438	17366.095618518782	19836.66176197829	VIC	True	0.37245402	-0.41123754	0.31448543	-1.3875957	0.33044493	-2.0653064	0.26418296	-2.2405152	0.3820558	-0.7023751	0.15177946	-0.45265564	0.15140022	-0.6540656	0.40240535	-0.44870582	0.39952868	-1.166144	0.919254	1.2843245
ATR_210_set19__533	17576.940393505414	19940.076611089982	ncCM-IFT-like	False	0.39045665	-0.17965168	0.40528888	-0.3470474	0.43706858	-0.48530313	0.39830756	-0.30394417	0.38057277	-0.7235054	0.2248638	-0.2368714	0.2153963	-0.38989675	0.45202452	0.43828902	0.33959723	-1.7941654	0.64313775	0.30402067
ATR_210_set19__558	17509.847749781897	19958.89979283549	aCM-RA	False	0.3955067	-0.11468766	0.43531162	-0.0030063582	0.5327945	0.93321157	0.5024597	1.1998667	0.42666385	-0.06679502	1.0372396	2.1616983	0.89058703	2.3972173	0.46086463	0.5963154	0.51372385	0.030506555	0.28605914	-0.9637262
ATR_210_set19__563	17502.07821726211	19785.418717439967	VIC	True	0.5481318	1.8486822	0.5259309	1.0354314	0.56963676	1.4791592	0.49141985	1.0404667	0.5767512	2.0716643	0.2552076	-0.14728022	0.2517938	-0.2396518	0.5138849	1.5441085	0.7220566	2.2136245	1.0015464	1.5764896
ATR_210_set19__597	17390.915436597752	19918.476031077807	EPDC	False	0.5055186	1.3005058	0.5407585	1.2053461	0.49953187	0.4403094	0.41302034	-0.09151226	0.47963914	0.6880024	0.20050761	-0.30878395	0.24492785	-0.2679937	0.46034476	0.5870221	0.6646538	1.6121005	0.96040344	1.4304186
ATR_210_set19__602	17356.029293582622	19894.012982513275	VIC	True	0.58062816	2.266715	0.6205777	2.120022	0.58372366	1.687906	0.48925522	1.0092124	0.6034386	2.4519098	0.15976866	-0.42906725	0.2633995	-0.19174469	0.4940274	1.1891348	0.77020603	2.7181818	0.8185364	0.92674375
ATR_210_set19__628	17575.802806386637	19755.026199407686	VIC	True	0.37346557	-0.39822495	0.3700838	-0.7504745	0.39285985	-1.1404105	0.33666492	-1.1939775	0.43048123	-0.012404614	0.18761943	-0.34683678	0.17274255	-0.5659668	0.41699192	-0.18795559	0.45341277	-0.6014929	0.8021538	0.8685802
ATR_210_set19__693	17409.47469236238	19818.76168872614	VIC	True	0.30486628	-1.2806864	0.37427932	-0.7023967	0.32766107	-2.106559	0.22388065	-2.822424	0.37155157	-0.8520403	0.06290421	-0.71506315	0.1438135	-0.6853827	0.37743163	-0.89513737	0.34520602	-1.7353908	0.80505985	0.87889755
ATR_210_set19__695	17427.564181715366	19921.078942481527	ncCM-IFT-like	False	0.46167043	0.73644257	0.5130376	0.887683	0.5649618	1.4098831	0.5448288	1.8116164	0.47772086	0.66067046	1.2344149	2.743866	1.0419614	3.0220745	0.44735485	0.3548138	0.67663604	1.7376626	0.5283067	-0.10366737
ATR_210_set19__700	17502.917638729414	19867.910626347835	aCM-RA	False	0.43232793	0.35898057	0.50186384	0.7596387	0.5537819	1.2442143	0.5010803	1.1799495	0.46087685	0.42067537	1.2682862	2.8438723	1.0305848	2.975113	0.46471953	0.66522574	0.59180576	0.8487264	0.5229981	-0.122514755
ATR_210_set19__895	17421.92414730668	19899.28848932046	VEC	True	0.39552897	-0.11440127	0.45894134	0.26777488	0.4057808	-0.9489414	0.34725407	-1.041085	0.4483958	0.2428439	0.10977858	-0.5766648	0.20656486	-0.42635196	0.39335135	-0.6105557	0.45659155	-0.5681825	0.8236314	0.94483274
ATR_211_set19__134	17248.65116403064	19841.42311801985	VIC	True	0.42623872	0.28064895	0.44512326	0.10942864	0.42878008	-0.60812634	0.34657264	-1.0509238	0.46490124	0.4780152	0.07880893	-0.6681039	0.1700471	-0.5770933	0.43208945	0.08192863	0.52665114	0.16597159	0.68828744	0.46431696
ATR_211_set19__251	17158.551661611487	19795.91246736673	VIC	True	0.4148635	0.1343181	0.5067704	0.8158644	0.47592765	0.09053022	0.40676904	-0.18177234	0.4616067	0.43107447	0.16650276	-0.40918455	0.17076227	-0.57414114	0.44417593	0.2979872	0.5229861	0.12756577	0.59861326	0.14594404
ATR_211_set19__316	17106.534802789305	19680.904163437775	VIC	True	0.49536005	1.1698259	0.54448503	1.2480499	0.5080786	0.5669589	0.4407539	0.3089215	0.5047052	1.045146	0.13463984	-0.503261	0.20758043	-0.4221598	0.46854162	0.7335496	0.57034135	0.623801	0.8175007	0.92306674
ATR_211_set19__318	17113.02136452347	19830.166389753183	VIC	True	0.50979185	1.3554767	0.45564187	0.22996506	0.51069933	0.60579455	0.40703648	-0.17791079	0.49531457	0.91134745	0.06996488	-0.69421625	0.18987441	-0.49524832	0.49545965	1.2147377	0.5937014	0.86859107	0.7860039	0.81124264
ATR_211_set19__372	17069.877158729938	19833.174160414725	VIC	True	0.55871224	1.9847888	0.56228757	1.4520553	0.5494419	1.1799011	0.4663362	0.67829376	0.57125974	1.9934219	0.1291712	-0.5194074	0.23690063	-0.30112922	0.47309643	0.8149716	0.5459943	0.36866823	0.7911373	0.82946783
ATR_211_set19__394	17054.216500932904	19888.09583036235	VIC	True	0.5076052	1.3273475	0.4947536	0.67816	0.5102532	0.59918344	0.43739104	0.26036644	0.515647	1.2010459	0.15725338	-0.43649366	0.22472498	-0.35138896	0.48043385	0.9461357	0.6041286	0.9778574	0.8930889	1.1914296
ATR_211_set19__482	17158.309168123407	19784.19962495602	VIC	True	0.517711	1.4573485	0.4882145	0.6032261	0.5423506	1.074819	0.48518726	0.95047677	0.5376978	1.5152279	0.28819638	-0.04987959	0.33075157	0.086277284	0.53700274	1.9573642	0.7332555	2.3309777	0.9001572	1.2165246
ATR_211_set19__597	17220.41507838832	19690.924696794624	VIC	True	0.49651423	1.1846733	0.46685854	0.35850078	0.5118037	0.6221595	0.37225765	-0.6800683	0.52216613	1.2939312	0.11884431	-0.5498979	0.2637342	-0.19036317	0.48451617	1.0191115	0.56878954	0.60753965	0.92844844	1.3169678
ATR_211_set19__60	17308.061911169763	19968.575307988238	VIC	True	0.45053822	0.5932378	0.47699684	0.4746791	0.4717633	0.028820947	0.35905874	-0.8706421	0.48770794	0.8029675	0.098669864	-0.60946375	0.1909401	-0.4908493	0.4353536	0.1402789	0.5168253	0.06300682	0.90630925	1.2383664
ATR_211_set19__610	17278.860314120364	19913.047846712787	VIC	True	0.44896224	0.57296443	0.4168948	-0.21405113	0.44781485	-0.32605946	0.41438508	-0.07180736	0.45527133	0.34080735	0.13293397	-0.5082976	0.15815836	-0.6261687	0.4454224	0.32026938	0.56200653	0.5364605	0.8592145	1.0711644
ATR_211_set19__670	17105.061023154245	19694.636114180026	Trabecular vFibro	False	0.47997043	0.9718538	0.47285324	0.42719623	0.4686486	-0.017334258	0.38847914	-0.44585273	0.48333842	0.74071	0.08629829	-0.64599127	0.19607717	-0.469644	0.45598438	0.50907576	0.44869447	-0.650936	0.9983492	1.5651386
ATR_211_set19__719	17306.683137543652	19866.31116735423	VIC	True	0.49972442	1.2259692	0.5289155	1.0696334	0.5053927	0.5271578	0.3988515	-0.29609028	0.52767277	1.3723904	0.10409776	-0.5934377	0.21719337	-0.38247865	0.47181413	0.79204905	0.4890934	-0.22759587	0.81759167	0.9233897
ATR_211_set19__720	17302.10043835593	19781.03068398511	VIC	True	0.4112619	0.087986976	0.4234049	-0.13944952	0.42234498	-0.7034849	0.33584893	-1.2057592	0.42691013	-0.06328591	0.117189534	-0.5547837	0.22519942	-0.34943053	0.45111188	0.4219747	0.46127057	-0.5191511	0.7511769	0.6875953
ATR_211_set19__725	17271.72122503924	19702.74699642579	VIC	True	0.46049717	0.7213498	0.49959192	0.73360395	0.45479995	-0.22255075	0.41806984	-0.018604612	0.46907726	0.5375156	0.08026427	-0.6638069	0.18597494	-0.5113449	0.40806785	-0.34748268	0.29481745	-2.2634125	0.72270405	0.5865073
ATR_211_set19__743	17146.079277321624	19865.668636606584	VIC	True	0.4060776	0.021296218	0.4504179	0.17010188	0.4260165	-0.6490783	0.3300063	-1.2901185	0.46328643	0.45500726	0.07632413	-0.6754403	0.17076531	-0.5741286	0.35816044	-1.2396302	0.5409164	0.31545696	0.7876713	0.8171626
ATR_211_set19__755	17306.463919781476	19931.930030621494	aFibro	False	0.33781418	-0.8568445	0.35199878	-0.9577172	0.31056046	-2.3599644	0.30359674	-1.6714356	0.35916853	-1.0284752	0.06784537	-0.70047414	0.1335549	-0.72772914	0.33149067	-1.7163805	0.36875904	-1.4885789	0.828356	0.9616067
ATR_212_set19__100	17104.042000737536	19645.133680718023	VEC	True	0.43353122	0.3744598	0.5223225	0.9940814	0.46015823	-0.14314906	0.42185524	0.036051273	0.42069107	-0.1518957	0.09259882	-0.62738866	0.12508675	-0.7626847	0.37052798	-1.0185473	0.50622946	-0.048027117	0.5095638	-0.17021091
ATR_212_set19__192	17136.089844868613	19671.96895499284	VEC	True	0.51276284	1.3936956	0.6145496	2.0509439	0.5332398	0.9398104	0.48570043	0.95788616	0.5294385	1.3975486	0.09081561	-0.6326537	0.15769763	-0.6280706	0.4712675	0.7822774	0.50033945	-0.10974852	0.68906146	0.467065
ATR_212_set19__26	17325.84126538197	19643.685925839367	VIC	True	0.3988818	-0.07127058	0.40490785	-0.35141367	0.39968336	-1.0392963	0.28601804	-1.9252472	0.45385787	0.32066816	0.09486569	-0.6206957	0.18585306	-0.51184803	0.40963173	-0.31952673	0.46945962	-0.43333805	0.83723354	0.9931248
ATR_213_set19__112	17252.423909474328	19131.44467542346	vCM-RV-AV	False	0.4312035	0.34451613	0.4257878	-0.112143	0.4866111	0.24884294	0.44913998	0.43000466	0.38897666	-0.60376585	0.1821644	-0.36294296	0.2331312	-0.31668898	0.4460798	0.33202073	0.41205898	-1.034839	0.61389613	0.20020328
ATR_213_set19__115	17250.20587235462	19182.54926969066	vCM-LV-Trabecular II	False	0.45314017	0.6267093	0.43021765	-0.061379842	0.51390946	0.6533639	0.4897232	1.0159694	0.45054883	0.27352062	0.5316061	0.6687966	0.45651197	0.6054026	0.48327103	0.99685335	0.5112292	0.004365307	0.58578473	0.10039853
ATR_213_set19__125	17239.498593446988	19123.744153441057	vCM-LV-Trabecular II	False	0.4806499	0.9805944	0.52170354	0.9869888	0.57872456	1.6138269	0.54023874	1.7453429	0.5261269	1.3503649	1.017177	2.1024628	0.8396548	2.1869745	0.3897788	-0.67441887	0.5778506	0.7024902	0.5051937	-0.1857262
ATR_213_set19__138	17226.960887180463	19236.51387655002	VEC	True	0.45116398	0.60128754	0.5536691	1.3532932	0.4605341	-0.13757928	0.46432796	0.6492978	0.4178189	-0.19281866	0.09980988	-0.60609776	0.15174426	-0.6526454	0.44930947	0.38975462	0.52887255	0.1892497	0.60291874	0.16122992
ATR_213_set19__222	17129.295722870913	19141.45716652696	vCM-RV-Proliferating	False	0.4694411	0.8364043	0.52569187	1.0326924	0.49188903	0.327054	0.45601794	0.52931273	0.4678079	0.5194295	0.1950568	-0.3248777	0.24199519	-0.28009942	0.47120887	0.7812295	0.47712028	-0.35306206	0.7070133	0.5308
ATR_213_set19__252	17100.613387874982	19139.552539878172	vCM-RV-AV	False	0.300106	-1.3419228	0.26615748	-1.9414024	0.3456929	-1.8393542	0.3152624	-1.5029997	0.2539013	-2.5283332	0.25170606	-0.15761863	0.18243027	-0.52597696	0.3668413	-1.084451	0.19579114	-3.3011088	0.33833754	-0.77812064
ATR_213_set19__284	17080.44348511054	19205.578235652993	vCM-LV-AV	False	0.32168132	-1.0643777	0.34697106	-1.0153315	0.38841626	-1.2062578	0.36386493	-0.8012475	0.31730902	-1.6248937	0.62188566	0.9353504	0.40648147	0.39888212	0.38077405	-0.8353881	0.33510998	-1.8411872	0.3428096	-0.76224345
ATR_213_set19__323	17053.84184496967	19196.269195209446	vCM-LV-Compact I	False	0.41482195	0.13378367	0.4695571	0.38942465	0.5414249	1.0611012	0.5415302	1.7639896	0.48243517	0.7278404	1.3150218	2.9818606	1.0626024	3.107278	0.43931198	0.21103902	0.6300144	1.2491148	0.43363395	-0.43978694
ATR_213_set19__339	17044.310147246008	19298.82381119021	vCM-RV-AV	False	0.39327466	-0.14340068	0.40847406	-0.31054726	0.48434246	0.21522506	0.4217148	0.034023684	0.4077549	-0.33621162	0.77385324	1.3840404	0.6069716	1.2264837	0.42620984	-0.023175599	0.47567964	-0.36815855	0.36243308	-0.69257355
ATR_213_set19__397	17257.71289576476	19236.67075941649	VEC	True	0.41193587	0.096657045	0.49726674	0.70695895	0.4398306	-0.4443741	0.41360006	-0.08314199	0.38802376	-0.6173428	0.08893145	-0.6382168	0.14927666	-0.6628314	0.43648085	0.16042957	0.43792418	-0.7637978	0.6112846	0.19093153
ATR_213_set19__484	17117.015337652592	19073.69681126923	vCM-LV-Trabecular II	False	0.42647347	0.28366882	0.46832326	0.37528557	0.46162584	-0.12140119	0.4234988	0.059782095	0.38771605	-0.6217271	0.33283696	0.081923366	0.29252723	-0.07150864	0.4092413	-0.32650626	0.4065423	-1.0926483	0.44088992	-0.41402584
ATR_213_set19__487	17106.116091815038	19118.08856075692	vEndocardial	False	0.4294176	0.32154226	0.45797917	0.25674906	0.45034587	-0.2885535	0.39825198	-0.3047467	0.41992217	-0.16285107	0.19487855	-0.325404	0.26038724	-0.20417902	0.41322637	-0.2552688	0.49639875	-0.1510431	0.8189907	0.9283567
ATR_213_set19__639	17321.39765845351	19143.077322412624	VIC	True	0.4846726	1.0323427	0.53675836	1.1595073	0.49582836	0.385429	0.43157607	0.17640644	0.5316689	1.4293276	0.1357784	-0.4998994	0.21626124	-0.38632637	0.44181752	0.2558282	0.64694417	1.4265215	0.8030409	0.87172973
ATR_214_set19__136	17197.965832391703	18874.213148588584	BEC	False	0.41099462	0.084548846	0.469891	0.39325097	0.43113983	-0.57315844	0.4104143	-0.12913974	0.42129236	-0.14332843	0.23828961	-0.1972312	0.23410462	-0.31267083	0.4326023	0.091096155	0.45857522	-0.54739565	0.9258973	1.3079104
ATR_214_set19__146	17186.14246733694	18804.033085075294	vCM-LV-Compact I	False	0.42725155	0.29367802	0.44424173	0.09932696	0.5425044	1.0770978	0.5367632	1.6951607	0.4727328	0.58960027	1.2752031	2.8642945	1.0394908	3.0118759	0.44989693	0.40025616	0.5915151	0.8456809	0.41859442	-0.49318224
ATR_214_set19__158	17168.659427651877	18842.518343471536	vCM-LV-Trabecular II	False	0.37130225	-0.42605394	0.40090796	-0.3972498	0.47823927	0.12478493	0.4642209	0.6477521	0.40306714	-0.40300325	1.1883675	2.6079092	0.93466026	2.5791469	0.35079792	-1.371243	0.51465976	0.040313974	0.35981333	-0.7018745
ATR_214_set19__244	17078.18034607428	18869.587491588678	vCM-LV-Compact II	False	0.36201143	-0.54557097	0.42433083	-0.12883899	0.44438723	-0.37685174	0.44562662	0.37927657	0.37569237	-0.7930418	0.7850282	1.417035	0.61576176	1.2627684	0.42278063	-0.08447623	0.47249722	-0.40150702	0.41395628	-0.50964916
ATR_214_set19__253	17069.243715008626	18846.74446012831	vCM-LV-Compact I	False	0.47325715	0.88549423	0.44774577	0.13948095	0.49916393	0.4348571	0.45469272	0.5101784	0.4973506	0.9403571	0.40329322	0.2899481	0.39322034	0.34414157	0.4421093	0.2610438	0.526673	0.16620082	0.68531305	0.4537569
ATR_214_set19__30	17300.17834816777	18743.094274910745	aEndocardial	False	0.40950117	0.065337054	0.47811627	0.4875071	0.42921942	-0.6016159	0.38622445	-0.47840735	0.37100664	-0.8598046	0.062471066	-0.71634203	0.12622412	-0.7579898	0.41944912	-0.14403053	0.40177086	-1.1426482	0.6973483	0.496486
ATR_214_set19__31	17308.363941621017	18996.235555563788	vCM-LV-Trabecular II	False	0.5495432	1.8668382	0.5529405	1.3449439	0.574527	1.5516256	0.43337646	0.20240152	0.5780229	2.0897841	0.32284462	0.052420635	0.26932997	-0.16726443	0.52625257	1.7651935	0.65524006	1.5134541	0.8946479	1.1969647
ATR_214_set19__351	17089.8504555904	18927.719550527618	vCM-LV-Compact I	False	0.41860735	0.18247908	0.48850346	0.60653746	0.5014575	0.46884462	0.45028806	0.44658124	0.4465156	0.21605463	0.9184609	1.8109999	0.7501482	1.817501	0.40669227	-0.37207273	0.5614924	0.53107274	0.5122799	-0.16056779
ATR_214_set19__352	17084.91946823152	18902.373401512967	vCM-LV-Compact II	False	0.41915354	0.18950525	0.42306542	-0.14333972	0.5344528	0.9577854	0.50958	1.3026739	0.48062235	0.7020112	1.2225578	2.7088573	0.98048353	2.7683003	0.43024218	0.04890679	0.56149995	0.53115207	0.33890498	-0.77610606
ATR_214_set19__387	17295.93989887224	18860.52326582101	VEC	True	0.4226619	0.23463678	0.5166767	0.9293847	0.42815387	-0.6174058	0.41193733	-0.1071495	0.4052245	-0.37226498	0.14291607	-0.47882515	0.16882761	-0.5821272	0.39746526	-0.5370152	0.52959776	0.19684915	0.54791147	-0.034064066
ATR_214_set19__491	17292.13921603284	18954.293497063434	vCM-LV-Trabecular II	False	0.3899391	-0.18630941	0.42614457	-0.10805472	0.46526477	-0.067477785	0.41835546	-0.014480581	0.40803528	-0.33221674	0.33527473	0.08912097	0.33610487	0.10837513	0.4963155	1.2300371	0.41387638	-1.0157945	0.280253	-0.98433995
ATR_214_set19__515	17191.64058661018	18940.741635070775	vCM-LV-AV	False	0.4636315	0.76166993	0.5654993	1.4888597	0.5252261	0.8210598	0.41510704	-0.061383255	0.53673965	1.5015762	0.22246534	-0.24395296	0.30722937	-0.010819798	0.43262872	0.09156871	0.54633135	0.3722003	0.9235771	1.2996728
ATR_214_set19__569	17259.262520378914	18982.80419743881	Trabecular vFibro	False	0.36717343	-0.47916698	0.32119203	-1.3107425	0.42308474	-0.6925228	0.44571185	0.38050723	0.3995231	-0.453499	0.24514273	-0.17699711	0.20456348	-0.43461344	0.44948807	0.39294738	0.6687081	1.6545855	0.94239545	1.3664843
ATR_214_set19__639	17123.209758893972	19006.70608825273	vCM-LV-AV	False	0.5097908	1.3554629	0.5376721	1.1699781	0.4686614	-0.017144801	0.40303573	-0.23567605	0.59663844	2.3550203	0.38886967	0.24736205	0.27296135	-0.15227447	0.39047414	-0.6619888	0.4983576	-0.13051637	0.45548236	-0.36221787
ATR_214_set19__664	17029.786174227746	18929.11795932319	Compact vFibro	False	0.37721053	-0.3500498	0.37535983	-0.6900147	0.41041002	-0.88034326	0.3068172	-1.6249366	0.39960152	-0.4523818	0.09150737	-0.63061124	0.19260839	-0.48396277	0.44113487	0.24362507	0.44730178	-0.66553	0.8389858	0.9993459
ATR_214_set19__683	17118.367959421394	19055.41026784578	vCM-LV-Trabecular II	False	0.3134399	-1.1703953	0.31832936	-1.3435466	0.37396193	-1.4204495	0.36487636	-0.7866438	0.29329273	-1.9670802	0.13975523	-0.48815763	0.14242919	-0.691097	0.36721116	-1.077839	0.23699738	-2.8693087	0.23601256	-1.1414081
ATR_214_set19__699	17215.86345448858	19006.078247536137	VEC	True	0.5020532	1.2559267	0.61570776	2.064216	0.51810694	0.71556425	0.42088234	0.02200401	0.46581432	0.49102494	0.090469964	-0.63367426	0.15677725	-0.6318698	0.44248822	0.26781768	0.41792044	-0.97341686	0.876446	1.132342
ATR_214_set19__714	17102.204504175665	18844.43264729628	vCM-LV-Trabecular II	False	0.38991928	-0.18656436	0.45217034	0.19018365	0.49547568	0.3802028	0.47766763	0.84190387	0.45295557	0.30781218	1.1871455	2.6043012	0.9306196	2.5624673	0.4249032	-0.046532862	0.5695445	0.6154508	0.45949152	-0.34798405
ATR_214_set19__720	17040.49912935725	18919.83645053004	Pericyte	False	0.38509142	-0.24866992	0.46491244	0.33619985	0.41345567	-0.8352113	0.33815083	-1.1725229	0.37241727	-0.8397057	0.17664082	-0.37925154	0.23692648	-0.3010225	0.46496457	0.66960603	0.32800055	-1.915687	0.8383206	0.99698424
ATR_214_set19__735	17247.03018180599	18917.727560261654	vCM-LV-AV	False	0.5533223	1.9154527	0.59487593	1.8254967	0.58916986	1.7686106	0.5083087	1.284318	0.5225944	1.3000331	0.2467452	-0.17226575	0.29952615	-0.04261783	0.5371892	1.960697	0.65362024	1.4964801	0.814141	0.9111386
ATR_215_set19__198	17379.996857776685	18872.48199474151	VIC	True	0.46954304	0.83771586	0.55177766	1.3316185	0.4963318	0.39288938	0.44773448	0.4097111	0.5502248	1.6937137	0.06968485	-0.695043	0.14975438	-0.66085947	0.38889807	-0.6901626	0.47661826	-0.3583227	0.8557786	1.0589658
ATR_215_set19__220	17337.535436306083	18975.018092500803	VIC	True	0.53121066	1.6310083	0.493314	0.6616631	0.5522017	1.2207975	0.37761647	-0.6026946	0.5763577	2.0660584	0.18038104	-0.3682084	0.22578852	-0.34699878	0.50829595	1.4442002	0.6816744	1.7904596	0.99980474	1.5703062
ATR_215_set19__288	17337.866917879954	19004.53803502793	VIC	True	0.46918514	0.8331119	0.4935786	0.66469544	0.48050252	0.15832289	0.43261057	0.19134314	0.4960703	0.9221151	0.09607195	-0.6171341	0.1841271	-0.5189726	0.4687155	0.7366577	0.47546655	-0.3703915	0.8777585	1.1370018
ATR_215_set19__67	17409.525630549775	18978.206723822288	aFibro	False	0.4328639	0.3658752	0.44932377	0.15756384	0.43587157	-0.503041	0.33463013	-1.2233568	0.48643005	0.7847599	0.10133776	-0.60158664	0.21342689	-0.39802626	0.4337017	0.11074923	0.48231113	-0.29866716	0.84739995	1.0292189
ATR_216_set19__106	17568.192319095746	19127.571472491964	VIC	True	0.5173917	1.4532409	0.5644746	1.4771171	0.53678614	0.9923621	0.44270593	0.33710596	0.56935054	1.9662194	0.1719371	-0.39313948	0.22572003	-0.3472815	0.5085118	1.4480582	0.78565645	2.880087	0.931338	1.3272268
ATR_216_set19__142	17532.11113620449	19159.099070197153	VIC	True	0.38976023	-0.18861043	0.3611967	-0.852315	0.38214502	-1.2991883	0.3037739	-1.6688775	0.4233834	-0.113534935	0.076112956	-0.67606384	0.17500074	-0.5566452	0.3921071	-0.63279796	0.4147407	-1.0067372	0.8292219	0.96468085
ATR_216_set19__180	17494.96896193405	19059.161582366047	aEndocardial	False	0.48572165	1.0458375	0.49466422	0.6771358	0.5012156	0.4652595	0.46300492	0.63019484	0.47119492	0.5676883	0.1154792	-0.5598335	0.18340756	-0.5219428	0.45486787	0.4891169	0.5082271	-0.027093757	0.6489348	0.32460204
ATR_216_set19__308	17372.066555311856	19088.774685663284	Trabecular vFibro	False	0.5450006	1.8084023	0.5214528	0.9841153	0.554321	1.2522024	0.4029801	-0.23647943	0.5911911	2.2774062	0.10808435	-0.58166707	0.27740335	-0.13393834	0.49267307	1.1649246	0.62653995	1.2127059	0.9538724	1.4072312
ATR_216_set19__343	17344.37424728414	19206.13060692339	VIC	True	0.50739104	1.3245926	0.5853903	1.7167978	0.5375156	1.0031713	0.46631324	0.6779624	0.53391147	1.46128	0.12006048	-0.54630715	0.19808084	-0.4613731	0.46800163	0.72389674	0.6537668	1.498016	0.7732849	0.76608604
ATR_216_set19__396	17463.836579633677	19149.087251912733	VIC	True	0.477231	0.93661374	0.50878394	0.83893853	0.4848009	0.22201858	0.39524263	-0.34819746	0.52419794	1.3228806	0.11124266	-0.5723421	0.21563	-0.38893208	0.46474698	0.6657164	0.5810151	0.7356513	0.8094261	0.8943993
ATR_216_set19__456	17488.911959310524	19141.083087791907	VIC	True	0.46172076	0.7370901	0.4870886	0.59032404	0.48190728	0.17913936	0.41670233	-0.038349528	0.47531456	0.6263853	0.09048273	-0.63363653	0.20421451	-0.43605393	0.43530092	0.13933702	0.5249603	0.14825304	0.7818814	0.7966064
ATR_216_set19__485	17460.505094211174	19048.914698299843	aEndocardial	False	0.47633377	0.92507184	0.5331646	1.1183252	0.50272346	0.487604	0.46974525	0.72751576	0.42607495	-0.07518564	0.05670228	-0.73337454	0.1476713	-0.6694582	0.44019005	0.22673537	0.46333364	-0.49753222	0.619059	0.21853326
ATR_216_set19__50	17616.460088828622	19237.055773395998	VEC	True	0.38906917	-0.19750018	0.44895455	0.1533328	0.41290015	-0.84344316	0.3639968	-0.79934335	0.33383346	-1.3894519	0.13460015	-0.5033782	0.18671286	-0.5082989	0.4678491	0.7211701	0.41792408	-0.9733788	0.33952698	-0.77389777
ATR_216_set19__539	17643.2188887479	19086.525748095144	VIC	True	0.39020163	-0.18293224	0.3823802	-0.60956603	0.40352747	-0.9823323	0.34734058	-1.0398358	0.42509142	-0.08919917	0.16156738	-0.42375645	0.206528	-0.42650414	0.3794467	-0.85911614	0.5420191	0.32701263	0.7516152	0.6891515
ATR_216_set19__643	17377.12965457377	19202.466166086626	VIC	True	0.45589757	0.66218054	0.47567576	0.45954043	0.44206315	-0.41129106	0.3746983	-0.6448286	0.49404964	0.8933246	0.047822896	-0.7595913	0.17987408	-0.5365286	0.39778283	-0.5313382	0.48359317	-0.28523272	0.8162782	0.9187265
ATR_216_set19__699	17638.648207616672	19146.06548373879	aEndocardial	False	0.43319836	0.37017787	0.4648044	0.33496186	0.3941727	-1.1209561	0.3939977	-0.36617252	0.4346976	0.047670696	0.036659833	-0.7925506	0.115809165	-0.8009816	0.4436487	0.28856236	0.57044256	0.6248616	0.77731323	0.78038794
ATR_216_set19__77	17596.15908754695	19110.064704367695	VIC	True	0.3543528	-0.6440916	0.37043977	-0.7463954	0.35899588	-1.6422238	0.3270892	-1.3322375	0.3653534	-0.9403524	0.09321021	-0.6255835	0.18649806	-0.50918555	0.35196036	-1.3504632	0.43896043	-0.75293887	0.76681906	0.74313015
ATR_216_set19__84	17589.6726273007	19142.4053245888	VIC	True	0.49632517	1.1822412	0.55575514	1.3771979	0.52337545	0.7936357	0.40865335	-0.15456553	0.5797545	2.1144557	0.31079724	0.016850295	0.29546633	-0.059376333	0.53126955	1.8548774	0.7584511	2.5950022	0.9716723	1.4704268
ATR_217_set19__100	17584.206063433725	19545.922861133862	VIC	True	0.49842614	1.2092681	0.4988518	0.7251228	0.49896476	0.43190572	0.40899476	-0.14963596	0.5214243	1.2833614	0.10566253	-0.5888176	0.2058975	-0.42910677	0.4821038	0.97598773	0.57736033	0.6973529	0.85743207	1.0648363
ATR_217_set19__122	17565.84526431706	19450.95759641832	VIC	True	0.43635538	0.41078976	0.4139376	-0.24793866	0.4400946	-0.4404622	0.319015	-1.4488175	0.42186758	-0.13513272	0.24262664	-0.18442596	0.2463466	-0.2621373	0.37120494	-1.006446	0.5212711	0.10959424	0.57243514	0.053003076
ATR_217_set19__164	17530.041383504293	19470.662345728837	VIC	True	0.48324388	1.0139636	0.5272149	1.0501451	0.49059087	0.30781722	0.4067738	-0.1817035	0.5113605	1.1399719	0.12999514	-0.5169747	0.1887238	-0.4999979	0.42881957	0.023476068	0.6355255	1.3068656	0.84047383	1.0046289
ATR_217_set19__220	17482.824358438324	19449.140671731744	VIC	True	0.44387498	0.5075219	0.45021823	0.16781373	0.46781814	-0.029640606	0.31032398	-1.5743035	0.52071863	1.2733071	0.111535795	-0.5714766	0.21428427	-0.39448708	0.39306167	-0.61573404	0.5427781	0.33496562	0.61602825	0.207773
ATR_217_set19__256	17450.149251707422	19632.178119628938	VIC	True	0.39294094	-0.14769375	0.40990207	-0.29418322	0.39937636	-1.0438455	0.34012645	-1.1439977	0.43283892	0.021188013	0.071386695	-0.6900183	0.15395546	-0.64351785	0.3779487	-0.8858942	0.4303926	-0.8427212	0.77769923	0.78175837
ATR_217_set19__263	17443.4696101663	19563.728581382253	VIC	True	0.4684961	0.8242482	0.5003416	0.7421948	0.46781543	-0.029680792	0.4034355	-0.22990395	0.5082374	1.0954735	0.20491692	-0.2957653	0.25894699	-0.21012424	0.481201	0.9598492	0.53364074	0.23921555	0.80000204	0.8609407
ATR_217_set19__295	17414.055598329436	19655.158179687605	VIC	True	0.46751207	0.8115895	0.44350815	0.09092056	0.44960755	-0.29949433	0.367841	-0.7438385	0.44043338	0.12939474	0.0670955	-0.7026882	0.1739018	-0.56118155	0.43542075	0.1414792	0.3747971	-1.4253061	0.89487106	1.197757
ATR_217_set19__31	17640.940740982653	19467.719470148895	VIC	True	0.47140622	0.86168385	0.5179369	0.94382536	0.4962454	0.3916091	0.42887008	0.13733573	0.49069858	0.8455783	0.16550742	-0.41212332	0.22489962	-0.35066807	0.45511705	0.4935712	0.52741975	0.17402577	0.74692374	0.6724952
ATR_217_set19__345	17368.310190345703	19560.524459239572	VIC	True	0.44267428	0.49207607	0.48798826	0.6006337	0.4741269	0.06384586	0.36683378	-0.7583814	0.4651455	0.48149547	0.082818605	-0.65626514	0.1599614	-0.61872596	0.4135172	-0.25006974	0.5408692	0.31496227	0.7497618	0.6825713
ATR_217_set19__388	17604.170891076385	19512.05131929928	VIC	True	0.4550341	0.6510729	0.44610223	0.120647065	0.45746154	-0.18311001	0.4219699	0.037706655	0.470052	0.5514039	0.123859964	-0.53508896	0.1946244	-0.4756409	0.4249512	-0.04567514	0.5438895	0.34661245	0.6143819	0.20192795
ATR_217_set19__465	17438.81571294157	19624.660298283918	VIC	True	0.43456775	0.38779366	0.40104714	-0.39565492	0.43002403	-0.5896929	0.3457383	-1.0629706	0.4184965	-0.18316434	0.076377094	-0.67528397	0.17827871	-0.5431141	0.41024232	-0.30861178	0.39616445	-1.2013978	0.8068831	0.8853707
ATR_217_set19__484	17378.43510944086	19505.951334307952	VIC	True	0.41141564	0.089964814	0.4306341	-0.056607507	0.4412752	-0.4229672	0.36011004	-0.85546273	0.47963995	0.68801385	0.21554539	-0.26438436	0.2482642	-0.25422165	0.41552144	-0.21424189	0.5266316	0.16576673	0.7515509	0.6889232
ATR_217_set19__496	17402.340644521526	19538.5334425951	VIC	True	0.48228502	1.0016288	0.47745734	0.4799562	0.47986695	0.14890477	0.38620123	-0.47874257	0.48753685	0.80052966	0.089873046	-0.63543665	0.19203176	-0.48634303	0.44855586	0.37628302	0.48706767	-0.24882342	0.7551774	0.7017983
ATR_217_set19__50	17628.048804155333	19627.112624276862	VIC	True	0.4778533	0.94461906	0.48206306	0.53273463	0.47816518	0.123687044	0.38158092	-0.5454534	0.50746477	1.0844647	0.09357938	-0.62449354	0.19928262	-0.4564123	0.4220271	-0.09794623	0.53808826	0.28582108	0.79652315	0.8485895
ATR_217_set19__517	17430.428304923465	19645.71592360229	VIC	True	0.47907704	0.9603613	0.46409276	0.3268068	0.48546296	0.2318293	0.38448793	-0.5034803	0.4871654	0.7952371	0.11897458	-0.5495133	0.22475229	-0.35127622	0.4579612	0.54441345	0.56795913	0.59883773	0.8057117	0.8812118
ATR_217_set19__549	17593.78559018131	19415.242769563272	VIC	True	0.5603731	2.0061543	0.5741641	1.5881525	0.56411433	1.397325	0.4471171	0.40079692	0.5865922	2.2118804	0.09158387	-0.63038534	0.23905572	-0.2922332	0.47088063	0.7753618	0.6626752	1.591367	0.8821999	1.1527702
ATR_217_set19__586	17628.91539114614	19404.783955345596	VIC	True	0.568302	2.108151	0.66211885	2.5960567	0.590811	1.79293	0.489	1.0055273	0.6359788	2.915546	0.19060437	-0.33802363	0.26343527	-0.19159707	0.48653558	1.0552105	0.7310816	2.3081973	0.8489409	1.0346898
ATR_217_set19__594	17606.415202054544	19605.562213087313	VIC	True	0.60646784	2.5991168	0.62730515	2.1971145	0.61241204	2.113025	0.5437417	1.7959207	0.65845716	3.2358196	0.30607513	0.0029080631	0.31727195	0.030634873	0.5440136	2.082691	0.77403116	2.7582655	0.7866276	0.81345695
ATR_217_set19__608	17509.375537690088	19471.924756454366	VIC	True	0.4629941	0.7534703	0.5172936	0.9364534	0.48590657	0.2384029	0.43745816	0.2613355	0.507348	1.082801	0.16456003	-0.4149205	0.19757257	-0.46347114	0.45351273	0.46489233	0.6324659	1.2748039	0.72998744	0.6123657
ATR_217_set19__674	17588.62970878077	19591.603397187253	VIC	True	0.36273956	-0.53620434	0.3512787	-0.96596885	0.34401068	-1.8642821	0.28888154	-1.8839023	0.37016	-0.87186736	0.11735053	-0.55430835	0.17106634	-0.572886	0.39652142	-0.5538873	0.3880518	-1.2864101	0.9194772	1.285117
ATR_218_set19__118	17883.090137590814	19536.447488963837	aCM-LA	False	0.595322	2.4557369	0.648273	2.4373922	0.5193232	0.73358786	0.50199044	1.193091	0.5094127	1.1122191	0.12456033	-0.53302115	0.12081958	-0.7802991	0.3499087	-1.3871386	0.43013448	-0.845426	0.6760713	0.42094558
ATR_218_set19__130	17877.56976494909	19582.465181422675	aFibro	False	0.40337154	-0.0135144275	0.38170084	-0.6173509	0.4278326	-0.6221665	0.37008452	-0.7114452	0.46080706	0.4196809	0.13450131	-0.50367004	0.18489093	-0.5158196	0.40040052	-0.4845443	0.50885206	-0.02054486	0.71438897	0.55698603
ATR_218_set19__164	17856.85928106947	19384.665236958295	aCM-RA	False	0.4123591	0.102101386	0.47210065	0.41857195	0.54214853	1.0718247	0.5037529	1.2185384	0.44354346	0.17370749	1.5192279	3.5847867	1.2028849	3.686349	0.44846106	0.37458834	0.5240069	0.13826261	0.6380508	0.28596032
ATR_218_set19__199	17835.193644657258	19516.178687116768	aCM-LA	False	0.3414283	-0.8103523	0.3554115	-0.91860956	0.4151982	-0.8093894	0.37350753	-0.6620218	0.32242388	-1.5520167	0.33385816	0.08493851	0.31190887	0.008496674	0.3915013	-0.6436271	0.3170913	-2.030005	0.18491644	-1.3228163
ATR_218_set19__205	17830.014199327205	19646.854279681505	aCM-RA	False	0.35756883	-0.6027206	0.2984069	-1.5718452	0.42146084	-0.7165866	0.38198978	-0.53955007	0.2831328	-2.11184	0.15007582	-0.4576857	0.12184429	-0.7760693	0.41269803	-0.26471338	0.20526636	-3.2018178	0.27571297	-1.0004586
ATR_218_set19__239	17806.160679958324	19548.734221737745	aFibro	False	0.40088838	-0.045457795	0.46855527	0.37794426	0.3939637	-1.1240531	0.31991488	-1.4358245	0.4014603	-0.42589784	0.101424225	-0.60133135	0.15615743	-0.6344283	0.42039508	-0.12712057	0.32272223	-1.9709984	0.8563073	1.060843
ATR_218_set19__249	17798.252534389394	19400.761529416137	VIC	True	0.35559845	-0.6280676	0.408672	-0.30827892	0.3482809	-1.8010038	0.352865	-0.96007085	0.36383772	-0.96194804	0.07597313	-0.67647666	0.12259114	-0.77298635	0.3943558	-0.5926	0.2788292	-2.4309533	1.1187457	1.9925858
ATR_218_set19__276	17782.11221195596	19628.133368665596	aCM-RA	False	0.47029582	0.8473996	0.5294471	1.0757247	0.58368874	1.6873885	0.5386237	1.7220238	0.50226295	1.0103487	1.2808868	2.8810759	1.0832705	3.1925938	0.47743014	0.89244115	0.65183496	1.4777721	0.5824929	0.088711396
ATR_218_set19__286	17774.530828048948	19596.371044164272	WBC	False	0.35825378	-0.5939095	0.31788823	-1.3486018	0.4223266	-0.70375735	0.34331217	-1.0980004	0.30348855	-1.821809	0.10706574	-0.5846746	0.10111073	-0.8616552	0.41399458	-0.24153617	0.18691576	-3.3941138	0.2265982	-1.1748322
ATR_218_set19__287	17773.48757441796	19416.850544375768	VIC	True	0.47662973	0.92887914	0.4887105	0.60890996	0.47760507	0.11538713	0.42345512	0.05915127	0.46473524	0.47565007	0.16118585	-0.42488295	0.23630697	-0.30357978	0.45041612	0.40953714	0.47310174	-0.39517236	0.8810874	1.1488205
ATR_218_set19__455	17668.854317102618	19381.974734260588	VIC	True	0.4536159	0.6328292	0.49177057	0.6439764	0.42819774	-0.6167557	0.42247865	0.04505237	0.44804448	0.2378384	0.074793376	-0.67995995	0.17318156	-0.56415457	0.38697913	-0.7244657	0.4467412	-0.67140436	0.8064609	0.8838718
ATR_218_set19__47	17939.291334375455	19559.285990986697	aCM-RA	False	0.40163025	-0.035914388	0.47094586	0.4053389	0.5131662	0.6423497	0.4631148	0.6317814	0.43676987	0.07719667	1.0693239	2.2564285	0.8947898	2.4145658	0.4448937	0.3108179	0.5119081	0.011479463	0.5035541	-0.19154733
ATR_218_set19__483	17654.201461318764	19494.957788255033	Epicardial	False	0.3705627	-0.43556744	0.40648946	-0.33328944	0.37268525	-1.4393679	0.3073281	-1.6175598	0.41799212	-0.19035073	0.063919626	-0.71206504	0.1428768	-0.68924934	0.3501084	-1.3835686	0.43448412	-0.7998461	0.79203606	0.8326588
ATR_218_set19__558	17891.060592674396	19519.60383702216	aCM-RA	False	0.47927094	0.9628555	0.5236064	1.0087945	0.5181415	0.7160765	0.4910371	1.0349402	0.4950438	0.9074897	0.660134	1.0482801	0.6029497	1.2098815	0.45583028	0.5063209	0.59866476	0.9206019	0.80082124	0.8638491
ATR_218_set19__566	17873.12367550035	19620.290626665366	ncCM-IFT-like	False	0.38924763	-0.19520453	0.46862188	0.37870756	0.51598376	0.68410194	0.47309622	0.7758991	0.4431348	0.167885	1.1912802	2.6165092	1.0160991	2.9153175	0.42353496	-0.07099185	0.5123729	0.016350068	0.40595654	-0.5380509
ATR_218_set19__598	17800.036456963644	19576.00517323604	aCM-RA	False	0.51084864	1.3690712	0.5515602	1.3291268	0.6084012	2.05359	0.5937212	2.5175548	0.5290167	1.3915385	1.0329709	2.149095	0.94783866	2.6335459	0.50571114	1.3979938	0.6645356	1.6108619	0.8780129	1.137905
ATR_218_set19__625	17732.01443078671	19647.77916023593	aFibro	False	0.5307099	1.6245668	0.5430913	1.2320786	0.5215326	0.7663273	0.4295367	0.14696077	0.5171516	1.2224836	0.18939485	-0.34159482	0.26035538	-0.20431052	0.47905272	0.9214466	0.6093156	1.0322117	0.9038284	1.2295585
ATR_218_set19__670	17883.89909131936	19455.05059105551	aCM-RA	False	0.33245513	-0.92578334	0.42175046	-0.1584084	0.41207132	-0.8557252	0.3522568	-0.96885246	0.36688513	-0.9185283	0.8570828	1.6297787	0.6933146	1.5828981	0.36145148	-1.1807995	0.50228643	-0.089346066	0.30720302	-0.88865846
ATR_218_set19__674	17870.62537707254	19412.161309851414	aCM-LA	False	0.36880773	-0.45814335	0.42681098	-0.1004181	0.5093737	0.58615106	0.4803096	0.88005024	0.40789083	-0.33427492	1.5542756	3.6882665	1.2371608	3.827836	0.41521904	-0.21964769	0.5115369	0.0075894753	0.5440846	-0.04765067
ATR_218_set19__680	17817.859064271048	19628.22903103079	aCM-RA	False	0.39382482	-0.13632354	0.48665926	0.58540416	0.52613395	0.83451265	0.47302678	0.7748965	0.4285921	-0.039321262	1.3539091	3.096677	1.0959244	3.2448275	0.4316981	0.07493312	0.54035693	0.30959448	0.57783216	0.07216428
ATR_218_set19__716	17832.684669296326	19431.414026807284	aCM-LA	False	0.40056527	-0.04961437	0.67669296	2.7630665	0.4562886	-0.20049109	0.46138334	0.6067816	0.42809767	-0.04636582	0.8601495	1.6388333	0.755623	1.8401003	0.46658695	0.69860774	0.64817965	1.4394681	0.5515245	-0.021236528
ATR_218_set19__736	17672.55956400494	19602.910343032123	VIC	True	0.5304609	1.6213633	0.44227317	0.07676852	0.49674398	0.39899707	0.47114906	0.7477848	0.49523923	0.91027397	0.12142006	-0.5422929	0.19861872	-0.45915276	0.5338728	1.9014128	0.71398616	2.129054	0.8134741	0.908771
ATR_218_set19__774	17719.491586698197	19589.224924223403	VIC	True	0.5119928	1.3837899	0.5188452	0.95423406	0.5143485	0.6598699	0.44750518	0.40640032	0.5334711	1.4550056	0.1066932	-0.5857745	0.17726332	-0.5473055	0.49281296	1.1674254	0.57844657	0.7087355	0.74814653	0.6768365
ATR_218_set19__785	17838.022043054865	19546.891181914158	aCM-LA	False	0.3280507	-0.9824419	0.3474486	-1.0098593	0.4084132	-0.90993303	0.39616224	-0.33491957	0.32671583	-1.4908645	0.5978463	0.86437345	0.50037634	0.78646994	0.38338143	-0.78877854	0.46942964	-0.43365222	0.43363822	-0.43977183
ATR_218_set19__829	17916.90196805574	19548.4655432581	ncCM-IFT-like	False	0.43542898	0.3988725	0.55385625	1.3554379	0.5455747	1.1225958	0.49391478	1.0764899	0.4594755	0.4007086	1.0736468	2.269192	0.9118469	2.4849756	0.42823216	0.012975607	0.63225156	1.2725577	0.47404903	-0.29630008
ATR_218_set19__847	17843.056290157398	19558.86313609768	aCM-LA	False	0.32912016	-0.96868443	0.3757204	-0.6858827	0.42829418	-0.61532664	0.44628134	0.38872993	0.3391027	-1.3143753	0.9588225	1.930169	0.8591211	2.2673292	0.36199248	-1.1711285	0.4503707	-0.63337076	0.36811727	-0.6723928
ATR_218_set19__897	17812.197126457213	19551.439868156638	aCM-LA	False	0.3029568	-1.30525	0.19888109	-2.712346	0.39922893	-1.0460303	0.41591915	-0.04965748	0.27301192	-2.2560432	0.82460886	1.5338982	0.5856802	1.138595	0.33242008	-1.6997662	0.47334155	-0.3926593	0.16257228	-1.4021454
ATR_219_set19__15	17943.780945411396	19280.727531773253	aCM-LA	False	0.38635823	-0.23237371	0.4770847	0.47568592	0.51764494	0.7087181	0.45207205	0.47233966	0.43610743	0.067758076	1.2191881	2.698908	0.94205105	2.6096551	0.42790714	0.007165459	0.62144035	1.1592672	0.44652754	-0.39401045
ATR_219_set19__203	17745.98056979845	19071.550729781527	VIC	True	0.41280356	0.10781907	0.45537326	0.22688697	0.42057735	-0.7296786	0.32142842	-1.4139711	0.4788203	0.67633533	0.104180284	-0.593194	0.17480238	-0.55746406	0.40788728	-0.3507106	0.52842826	0.18459395	0.8213487	0.9367285
ATR_219_set19__208	17746.862920240434	19141.382931770164	VIC	True	0.42150286	0.21972686	0.4569059	0.24445008	0.42285106	-0.6959856	0.344897	-1.0751177	0.45622197	0.3543521	0.07708419	-0.67319626	0.18199107	-0.5277899	0.38171563	-0.8185565	0.49611837	-0.15398121	0.85946316	1.0720472
ATR_219_set19__215	17741.74136492511	19221.575546587188	VIC	True	0.44451657	0.5157753	0.44455272	0.10289067	0.44772395	-0.3274064	0.36040643	-0.85118335	0.4393532	0.11400415	0.077076115	-0.6732201	0.17596568	-0.5526621	0.39674336	-0.54991996	0.4773758	-0.3503844	0.79689366	0.8499049
ATR_219_set19__278	17701.7730342784	19114.04396751398	aFibro	False	0.35965168	-0.5759268	0.47202164	0.41766658	0.42381182	-0.6817485	0.2752142	-2.0812397	0.42294177	-0.11982748	0.12565745	-0.5297818	0.14910999	-0.66351944	0.35556513	-1.2860241	0.4003961	-1.1570542	0.76771754	0.74632007
ATR_219_set19__375	17913.009801694167	19312.65276623718	aCM-LA	False	0.37778148	-0.34270504	0.4617767	0.3002663	0.5166627	0.694163	0.46521148	0.66205454	0.4167481	-0.20807548	1.3795702	3.1724424	1.1074976	3.2926004	0.4275063	0.0	0.55844903	0.49918148	0.46065485	-0.34385383
ATR_219_set19__396	17828.764663633854	19275.260615512485	VIC	True	0.4020142	-0.03097534	0.35373923	-0.9377727	0.41137916	-0.865982	0.34669563	-1.049148	0.39045244	-0.58273876	0.08399739	-0.6527847	0.13813315	-0.7088306	0.40094846	-0.4747492	0.36602136	-1.517267	0.61635727	0.20894112
ATR_219_set19__409	17763.753319677708	19103.79152967572	VIC	True	0.54026	1.7474192	0.5176764	0.94084054	0.5575671	1.3003051	0.45046207	0.4490938	0.55103743	1.7052925	0.12051149	-0.5449755	0.26474705	-0.18618219	0.5001877	1.2992564	0.60464317	0.98324955	0.8629068	1.0842733
ATR_219_set19__451	17707.726683408706	19248.709912122064	aFibro	False	0.51199716	1.3838458	0.4150382	-0.2353265	0.50199693	0.47683805	0.39393994	-0.36700645	0.5238445	1.3178445	0.115639076	-0.55936146	0.22912909	-0.33320928	0.44245917	0.26729825	0.58616793	0.7896477	0.9360891	1.3440946
ATR_219_set19__515	17741.25894584281	19320.54353344933	aFibro	False	0.43109423	0.3431103	0.4389726	0.03894605	0.43472776	-0.5199906	0.3518769	-0.9743375	0.46439633	0.4708212	0.09320294	-0.625605	0.19336279	-0.48084867	0.41846013	-0.16170976	0.5026118	-0.08593639	0.8557106	1.0587245
ATR_219_set19__557	17763.292262482508	19276.8334716753	VIC	True	0.45587343	0.66187	0.46513027	0.33869597	0.46064845	-0.13588475	0.40001586	-0.27927873	0.4777597	0.6612237	0.10234066	-0.59862554	0.2048682	-0.4333556	0.44820353	0.36998487	0.51258546	0.01857738	0.84717155	1.0284079
ATR_219_set19__565	17730.848873419432	19148.4709104501	VIC	True	0.4263846	0.28252557	0.4272265	-0.09565635	0.42635825	-0.6440142	0.37522885	-0.63716835	0.42961863	-0.024695003	0.15873787	-0.4321107	0.18865524	-0.5002809	0.39594463	-0.56419814	0.45250094	-0.611048	0.870876	1.1125667
ATR_219_set19__574	17700.147530488648	19217.699108775436	VIC	True	0.4230058	0.23906057	0.3961704	-0.45153907	0.44693834	-0.33904812	0.37814495	-0.595064	0.448473	0.24394411	0.104631	-0.5918632	0.21191278	-0.4042763	0.41420162	-0.23783517	0.5302846	0.20404638	0.7306498	0.6147174
ATR_219_set19__620	17756.8834384304	19243.87179558328	VIC	True	0.4442996	0.51298434	0.44577694	0.11691943	0.43591106	-0.5024559	0.35937878	-0.8660211	0.4884414	0.813418	0.059492096	-0.72513753	0.15373649	-0.64442176	0.4004186	-0.48422095	0.57040524	0.6244706	0.8302223	0.96823263
ATR_219_set19__646	17788.39978158941	19170.093833482057	VIC	True	0.41862854	0.18275167	0.39514068	-0.46333912	0.4157667	-0.80096537	0.2577753	-2.3330326	0.41073155	-0.29379994	0.24748495	-0.17008162	0.29695833	-0.053217545	0.44052917	0.2327975	0.57616293	0.6848054	0.93460625	1.3388301
ATR_219_set19__648	17773.285776895824	19130.30375598548	VIC	True	0.41214055	0.09929008	0.38253984	-0.6077365	0.4078166	-0.91877395	0.33264065	-1.2520822	0.45851275	0.38699144	0.12838496	-0.52172875	0.19168729	-0.48776498	0.369259	-1.0412318	0.48709348	-0.24855296	0.74491215	0.66535336
ATR_220_set19__33	17688.8143986215	19038.1442328033	VIC	True	0.39721477	-0.09271517	0.5185891	0.9512991	0.40569493	-0.95021373	0.32428297	-1.3727553	0.42849594	-0.040691108	0.10411765	-0.5933789	0.19497344	-0.4742001	0.361564	-1.1787878	0.44258034	-0.7150059	0.7681412	0.7478242
ATR_221_set19__104	17880.45856325145	18538.37448483037	VEC	True	0.5023298	1.2594851	0.6145654	2.0511248	0.517492	0.7064517	0.46070233	0.59694874	0.4866087	0.78730553	0.16309004	-0.41926074	0.2265885	-0.34369653	0.45765957	0.5390215	0.6772032	1.7436055	0.5591944	0.005994028
ATR_221_set19__174	17823.01686207177	18469.41270086948	VIC	True	0.56032956	2.0055938	0.6154424	2.0611749	0.60301054	1.9737086	0.5476522	1.8523825	0.6048362	2.4718232	0.2554668	-0.14651494	0.3322789	0.09258197	0.60321635	3.1410022	0.7309556	2.306877	1.1118655	1.968159
ATR_221_set19__207	17792.560813858407	18524.80394289892	VIC	True	0.49600932	1.1781782	0.6074706	1.969823	0.5225162	0.78090274	0.44505194	0.37097904	0.52972007	1.4015604	0.32531878	0.05972568	0.30422422	-0.023224719	0.5506043	2.200506	0.7053962	2.0390399	0.8025577	0.87001413
ATR_221_set19__238	17768.73519222538	18482.00056774341	VIC	True	0.4576164	0.6842914	0.45565042	0.23006307	0.48218563	0.18326415	0.37799948	-0.5971643	0.49129263	0.8540424	0.09043946	-0.63376427	0.2097289	-0.41329116	0.42965904	0.03848251	0.51567507	0.050953355	0.8018582	0.8675306
ATR_221_set19__27	17938.864140986123	18603.733290984157	VIC	True	0.49402145	1.1526061	0.5240744	1.014157	0.5187877	0.72565186	0.41775894	-0.02309354	0.53064835	1.4147867	0.13490686	-0.50247264	0.2538387	-0.23121074	0.49229324	1.1581347	0.6136884	1.0780346	0.8253189	0.9508238
ATR_221_set19__289	17721.915992682196	18509.821344635533	VIC	True	0.5128109	1.3943136	0.5878275	1.7447263	0.5427087	1.0801255	0.4269855	0.11012505	0.561078	1.8483516	0.14974873	-0.45865145	0.2596673	-0.20715083	0.5187175	1.6304967	0.6108792	1.0485967	0.8515242	1.0438613
ATR_221_set19__294	17717.84151411824	18541.29019311902	VIC	True	0.53413993	1.6686904	0.57196146	1.5629117	0.5441181	1.1010109	0.49333847	1.0681688	0.5452397	1.6226856	0.29247642	-0.037242636	0.3055736	-0.017654585	0.5449124	2.0987575	0.7409741	2.411861	0.877715	1.1368473
ATR_221_set19__304	17713.300486811087	18581.536902922067	VIC	True	0.45758587	0.6838988	0.4587667	0.2657736	0.46792737	-0.028022045	0.36604887	-0.76971436	0.5055055	1.0565488	0.13189037	-0.51137894	0.21088529	-0.40851772	0.40410903	-0.41825077	0.6075601	1.0138161	0.8609657	1.0773818
ATR_221_set19__318	17702.465263467944	18536.711334109816	VIC	True	0.52792186	1.5887011	0.5395106	1.1910461	0.5362365	0.98421764	0.49433014	1.0824871	0.5243449	1.3249749	0.21315801	-0.27143317	0.25955713	-0.20760563	0.4770439	0.88553673	0.69072956	1.8853484	0.62676454	0.24589036
ATR_221_set19__362	17925.4473153157	18730.309912090775	VIC	True	0.4437766	0.5062564	0.49399543	0.66947186	0.4501662	-0.29121608	0.39887923	-0.2956901	0.46544755	0.48579904	0.0748279	-0.67985797	0.17845096	-0.5424031	0.42476293	-0.049040508	0.47572875	-0.3676439	0.685596	0.45476145
ATR_221_set19__391	17864.565503994607	18629.237515886074	VIC	True	0.5682859	2.107944	0.6577289	2.5457509	0.59101075	1.7958897	0.5016633	1.1883681	0.5981847	2.3770516	0.1580315	-0.4341963	0.2801241	-0.12270742	0.5298234	1.8290263	0.7307229	2.3044384	0.7843597	0.8054052
ATR_221_set19__497	17691.702558414767	18523.33799650244	VEC	True	0.57299256	2.168491	0.63113487	2.2410004	0.5641811	1.3983144	0.538821	1.7248725	0.5285248	1.3845304	0.15752563	-0.43568987	0.19029519	-0.49351138	0.49058938	1.1276765	0.636991	1.3222226	0.5854151	0.09908631
ATR_221_set19__529	17925.26731611947	18650.916350957694	VIC	True	0.37881166	-0.32945284	0.35059756	-0.9737742	0.39508656	-1.107414	0.29802328	-1.7519084	0.40359122	-0.39553618	0.08112122	-0.66127676	0.18036841	-0.5344881	0.4289591	0.025970394	0.4349409	-0.7950595	0.8753047	1.1282899
ATR_221_set19__569	17736.12929424965	18493.87524159992	VIC	True	0.47184542	0.86733365	0.49892583	0.7259711	0.5030138	0.49190632	0.3826714	-0.5297086	0.5469964	1.6477156	0.102682844	-0.59761524	0.21620505	-0.38655832	0.48124668	0.9606659	0.5807625	0.7330043	0.95453084	1.4095689
ATR_221_set19__59	17911.2592759997	18498.91315053627	VIC	True	0.5194861	1.480184	0.59082526	1.7790786	0.5531848	1.2353659	0.48778108	0.98792785	0.5439751	1.6046678	0.28519657	-0.058736645	0.25417072	-0.22984016	0.46784595	0.7211137	0.66765255	1.6435245	0.62817323	0.2508917
ATR_221_set19__593	17776.85945200314	18595.32802743519	VIC	True	0.46681446	0.8026154	0.47765508	0.48222217	0.47876415	0.13256285	0.35600048	-0.91479903	0.5085091	1.0993445	0.110857755	-0.5734785	0.19738404	-0.46424937	0.44532982	0.31861413	0.50004536	-0.11283028	0.90474486	1.2328123
ATR_221_set19__608	17737.257007983157	18568.60503193206	VIC	True	0.4446166	0.5170619	0.4510071	0.17685364	0.4548397	-0.22196162	0.36408943	-0.798006	0.51162606	1.1437553	0.12037626	-0.54537475	0.25205156	-0.2385878	0.37972105	-0.8542117	0.5192588	0.088507235	0.8585317	1.0687404
ATR_222_set19__215	18050.885071899844	18654.9194760448	VEC	True	0.5386453	1.7266479	0.605004	1.9415579	0.53924567	1.0288086	0.47744858	0.8387411	0.49792382	0.94852436	0.1219484	-0.540733	0.18897428	-0.49896398	0.48745835	1.071706	0.51673716	0.062083043	0.66804564	0.3924519
ATR_222_set19__229	18026.73940138507	18604.96669892202	VIC	True	0.5076943	1.3284938	0.5620722	1.4495875	0.5361753	0.9833105	0.45753753	0.5512535	0.5504748	1.6972764	0.19014572	-0.33937785	0.26174763	-0.19856349	0.510001	1.4746797	0.666453	1.6309545	0.81311095	0.9074816
ATR_222_set19__255	17998.455045794166	18617.178692081503	VIC	True	0.5566213	1.957891	0.61392957	2.043839	0.564468	1.4025663	0.5025944	1.2018116	0.58886117	2.2442088	0.27489653	-0.089147896	0.3098505	0.0	0.5238309	1.7219034	0.75937766	2.6047115	0.82339126	0.9439801
ATR_222_set19__3	18263.135270828527	18702.66262980782	vCM-LV-Compact I	False	0.34156644	-0.8085754	0.36443648	-0.81518924	0.3900176	-1.1825284	0.32093087	-1.421155	0.24741778	-2.620711	0.10709887	-0.5845767	0.08657645	-0.9216511	0.3622125	-1.1671952	0.18310392	-3.434058	0.22130436	-1.1936271
ATR_222_set19__415	18053.519189366074	18643.57518134826	VEC	True	0.52389973	1.5369605	0.67121536	2.7002966	0.55139756	1.2088815	0.42327082	0.056490272	0.5509516	1.7040695	0.18095677	-0.36650857	0.20715992	-0.4238956	0.5051865	1.3886154	0.51195	0.011918555	0.73265034	0.6218199
ATR_222_set19__530	18263.505400972914	18593.983851577388	VEC	True	0.5130268	1.3970908	0.57829136	1.6354482	0.52672124	0.8432153	0.47077134	0.74233115	0.48404202	0.750735	0.14563945	-0.47078425	0.18392824	-0.5197935	0.49328277	1.1758236	0.49536964	-0.16182709	0.70607793	0.5274791
ATR_222_set19__569	18228.360789718332	18715.120815137583	VEC	True	0.40330303	-0.014395812	0.47431204	0.44391304	0.47076386	0.014010581	0.40617535	-0.19034441	0.44798478	0.23698787	0.27965114	-0.07510976	0.26158142	-0.19924958	0.49490747	1.2048669	0.3992257	-1.1693188	0.3832188	-0.6187774
ATR_222_set19__602	18053.896704398503	18687.96532597584	VIC	True	0.40693927	0.0323808	0.49073058	0.63205886	0.4182386	-0.76433516	0.366606	-0.7616703	0.44130865	0.1418656	0.12877855	-0.5205667	0.18779072	-0.50384957	0.40329084	-0.43287683	0.4823922	-0.2978177	0.6814594	0.44007528
ATR_222_set19__660	18149.957197170268	18700.436038880456	VIC	True	0.41781294	0.1722598	0.48175767	0.5292351	0.42267293	-0.6986252	0.3308508	-1.277925	0.44149202	0.14447832	0.13824904	-0.4926047	0.19059093	-0.4922906	0.3989342	-0.51075655	0.57472754	0.66976386	0.6048684	0.1681519
ATR_222_set19__95	18207.18016828579	18691.51462517583	VIC	True	0.41971046	0.19666941	0.3972133	-0.4395881	0.40417016	-0.97280866	0.348294	-1.02607	0.4210225	-0.14717342	0.119841106	-0.5469549	0.21534488	-0.390109	0.3963492	-0.55696607	0.40706295	-1.0871924	0.8697022	1.1083993
ATR_223_set19__141	18156.387207673073	18177.54619997735	vCM-LV-Compact I	False	0.38301563	-0.2753729	0.4289898	-0.075450264	0.5019346	0.47591418	0.46174803	0.6120472	0.44036248	0.12838455	1.4006774	3.2347622	1.0751163	3.1589339	0.41677284	-0.1918718	0.520943	0.106155835	0.49240378	-0.23113468
ATR_223_set19__167	18134.02945185358	18157.20569222752	vCM-LV-Trabecular II	False	0.31225786	-1.1856011	0.33395422	-1.1644961	0.41638625	-0.7917844	0.43950096	0.29083067	0.33742207	-1.3383209	1.3449012	3.0700808	1.0271358	2.960876	0.386702	-0.72941977	0.4129336	-1.0256741	0.35957173	-0.7027323
ATR_223_set19__256	18072.959016250803	18234.811456224248	vCM-LV-Compact I	False	0.3288721	-0.97187525	0.36094573	-0.8551909	0.45335996	-0.24388923	0.43040437	0.15948863	0.37125716	-0.85623515	1.4443941	3.3638372	1.0606359	3.0991607	0.3836214	-0.78448886	0.49920583	-0.121627726	0.41110685	-0.51976556
ATR_223_set19__286	18049.389808534623	18409.14745497835	VEC	True	0.48298284	1.0106056	0.57598025	1.6089644	0.49774644	0.41385204	0.43487027	0.22397007	0.441016	0.13769576	0.10114387	-0.60215914	0.17630066	-0.5512793	0.4669024	0.7042469	0.4946803	-0.16905086	0.74781257	0.67565084
ATR_223_set19__376	17980.56871851372	18135.65085069624	VIC	True	0.48083887	0.9830254	0.5679144	1.5165354	0.53434354	0.95616645	0.4839646	0.9328231	0.52107084	1.2783253	0.14067863	-0.48543125	0.19690602	-0.4662226	0.47597796	0.8664819	0.62200195	1.1651521	0.71794635	0.5696159
ATR_223_set19__418	17958.709402192817	18171.23974901657	VIC	True	0.39441732	-0.12870163	0.40765074	-0.31998196	0.42749426	-0.6271803	0.32361528	-1.3823959	0.4143724	-0.24192458	0.12225725	-0.5398211	0.1388114	-0.7060309	0.40312582	-0.43582666	0.4062372	-1.0958453	0.7223496	0.5852488
ATR_223_set19__457	18225.580046187046	18197.503393410258	vCM-LV-Hybrid	False	0.32998553	-0.9575523	0.39640534	-0.4488469	0.43901566	-0.45645037	0.39413464	-0.3641953	0.38188598	-0.70479465	1.0338179	2.1515958	0.80719024	2.0529644	0.34840646	-1.4139928	0.4891594	-0.22690412	0.4911505	-0.23558423
ATR_223_set19__493	18150.183192008088	18207.7373998825	vCM-LV-Trabecular II	False	0.36092037	-0.55960643	0.388056	-0.5445248	0.4044719	-0.9683372	0.38600856	-0.48152447	0.3339564	-1.3877002	0.6332547	0.96891797	0.46396813	0.63618076	0.3787154	-0.87218875	0.3353787	-1.8383713	0.33690333	-0.7832126
ATR_223_set19__532	18064.771889478077	18313.863263436833	vEndocardial	False	0.4198309	0.19821864	0.4467671	0.12826593	0.43637845	-0.49552986	0.38495484	-0.49673873	0.41976434	-0.16509989	0.32901827	0.070648536	0.28498906	-0.102625385	0.42197487	-0.098880135	0.43300414	-0.8153548	0.7187001	0.572292
ATR_223_set19__534	18057.488134630104	18323.9179452548	Trabecular vFibro	False	0.4339694	0.38009658	0.38857564	-0.5385701	0.45304748	-0.24851967	0.35443437	-0.9374115	0.44623318	0.21203087	0.37395307	0.20332024	0.32366922	0.057042137	0.47911698	0.9225952	0.5010316	-0.1024957	0.80597	0.88212895
ATR_223_set19__537	18063.663765829828	18400.332100263142	vCM-LV-Trabecular I	False	0.3768695	-0.35443678	0.36414918	-0.81848145	0.4136857	-0.83180237	0.34632677	-1.0544739	0.33689332	-1.3458545	0.21979386	-0.2518406	0.20096418	-0.44947094	0.4239209	-0.06409276	0.30597284	-2.1465151	0.4411974	-0.41293424
ATR_223_set19__618	18087.5100460955	18221.702726370997	vCM-LV-Compact I	False	0.34699473	-0.7387459	0.3868658	-0.5581639	0.40244982	-0.9983015	0.367569	-0.74776584	0.31705105	-1.6285692	0.59017533	0.8417245	0.43708396	0.52520585	0.3943468	-0.59276086	0.3287172	-1.9081771	0.27199543	-1.0136571
ATR_223_set19__635	18193.430213719308	18378.021423759645	vCM-LV-Compact I	False	0.3166392	-1.1292393	0.31182447	-1.4180886	0.41858855	-0.7591496	0.42092776	0.022659793	0.35802847	-1.0447187	1.4380412	3.3450801	1.0699044	3.1374202	0.3583799	-1.2357072	0.41382337	-1.01635	0.338822	-0.7764006
ATR_223_set19__733	18205.852658467433	18371.141202408715	vCM-LV-Compact I	False	0.44670996	0.5439911	0.4901299	0.6251753	0.5741955	1.546713	0.54381055	1.7969147	0.4767244	0.64647263	1.0939131	2.329029	0.89794064	2.4275723	0.46225587	0.62118506	0.6014032	0.9492977	0.42667302	-0.46450055
ATR_223_set19__74	18204.170492058245	18200.98900517771	Trabecular vFibro	False	0.42333186	0.24325511	0.49069396	0.6316392	0.44794208	-0.32417417	0.38721147	-0.46415612	0.46487886	0.47769633	0.14502476	-0.47259915	0.22383574	-0.35505965	0.42998224	0.044260163	0.47555727	-0.36944085	0.8494187	1.0363861
ATR_223_set19__842	18214.675877271507	18228.223785581613	vCM-LV-Trabecular II	False	0.33052287	-0.95064	0.3815153	-0.61947715	0.4390051	-0.45660672	0.41325325	-0.088149436	0.39164546	-0.5657405	1.4214715	3.2961574	1.0700016	3.1378212	0.36759016	-1.071064	0.43778268	-0.7652806	0.37940782	-0.6323076
ATR_224_set19__207	18091.24375448517	17892.39029344738	vCM-LV/RV-Purkinje	False	0.33707458	-0.86635876	0.3987863	-0.42156258	0.45074055	-0.28270504	0.41475224	-0.06650602	0.39014104	-0.58717567	1.2397554	2.7596338	0.928983	2.5557115	0.37276584	-0.97854334	0.4986238	-0.12772691	0.45600525	-0.3603615
ATR_224_set19__232	18068.733841045814	17917.901775231352	VEC	True	0.4752294	0.91086537	0.56236464	1.4529384	0.5115433	0.61830056	0.44186768	0.3250028	0.44055507	0.13112849	0.24707936	-0.17127915	0.26288918	-0.1938513	0.4927316	1.1659709	0.47613215	-0.3634166	0.66031533	0.36500677
ATR_224_set19__233	18077.116542165713	17894.97151473014	vEndocardial	False	0.4323614	0.3594111	0.56905305	1.5295833	0.45425233	-0.23066562	0.4343369	0.21626893	0.40590277	-0.3626009	0.075146	-0.67891884	0.16131349	-0.6131447	0.4089784	-0.33120564	0.46153626	-0.51636696	0.53503066	-0.07979517
ATR_224_set19__44	18227.04224483133	18003.758503443325	Trabecular vFibro	False	0.45103773	0.5996636	0.45914993	0.27016515	0.48142675	0.17201859	0.39422193	-0.36293492	0.48936403	0.82656354	0.17667863	-0.37913993	0.26687667	-0.17739137	0.4676177	0.7170334	0.4564101	-0.5700838	0.82671195	0.95576966
ATR_224_set19__440	18099.363472957855	17997.174691662298	vCM-LV-Trabecular II	False	0.34461394	-0.7693724	0.37803748	-0.6593306	0.47165537	0.027221378	0.43664032	0.2495271	0.38547865	-0.65360594	1.5008919	3.5306492	1.1171172	3.332309	0.37917152	-0.864035	0.45596477	-0.5747505	0.4511333	-0.37765846
ATR_224_set19__494	17976.007892454138	18046.55313490884	vCM-LV-Trabecular II	False	0.40304345	-0.017735027	0.4449958	0.10796797	0.5247947	0.8146668	0.4986552	1.1449349	0.44807336	0.23824987	1.5961152	3.8117995	1.2061175	3.6996927	0.4345097	0.12519309	0.54633796	0.37226966	0.5077023	-0.1768199
ATR_224_set19__543	18161.888983787096	17941.2880775329	vEndocardial	False	0.4102096	0.07445031	0.3895717	-0.527156	0.4650733	-0.070315234	0.47269508	0.7701072	0.41460517	-0.23860826	0.14624883	-0.46898502	0.15205683	-0.6513552	0.3583284	-1.2366277	0.26872194	-2.5368671	0.24208911	-1.1198344
ATR_224_set19__555	18044.796731853894	17835.20312713291	vEndocardial	False	0.45602942	0.6638766	0.5734785	1.5802963	0.48641634	0.24595691	0.40295303	-0.23687014	0.45122036	0.28308874	0.15569708	-0.44108874	0.17340092	-0.5632491	0.45676625	0.5230524	0.47854495	-0.33813295	0.5521725	-0.01893605
ATR_224_set19__708	18087.68697652658	18041.202850516456	vEndocardial	False	0.4769805	0.93339145	0.5386715	1.1814305	0.50862265	0.5750212	0.45876786	0.5690177	0.43652052	0.073643826	0.07664574	-0.6744908	0.16925016	-0.580383	0.460463	0.5891355	0.43888193	-0.7537615	0.7155076	0.5609576
ATR_224_set19__724	18040.57165215254	18034.665448593292	Compact vFibro	False	0.42056406	0.2076501	0.4850871	0.5673882	0.46200418	-0.11579475	0.39017376	-0.4213848	0.39982393	-0.44921282	0.32810912	0.06796424	0.34271893	0.13567725	0.47786438	0.9002038	0.43164214	-0.82962716	0.75012046	0.6838446
ATR_224_set19__749	17970.78157696096	18058.17021165736	vEndocardial	False	0.43245605	0.3606287	0.4291473	-0.07364536	0.5301707	0.89433086	0.52455926	1.5189532	0.48159823	0.7159156	1.1233166	2.4158442	0.9155192	2.5001345	0.43515277	0.13668872	0.5055422	-0.055228718	0.46339527	-0.33412445
ATR_224_set19__823	18166.11087590827	17866.98654421836	vCM-LV-Trabecular II	False	0.34147754	-0.80971897	0.40828198	-0.31274834	0.45912206	-0.1585035	0.41014203	-0.13307099	0.3983236	-0.4705898	1.2440287	2.772251	0.946034	2.6260965	0.36985698	-1.0305421	0.5459073	0.36775693	0.44246244	-0.40844288
ATR_224_set19__83	18197.218067225283	17920.820632191622	vCM-LV-Trabecular II	False	0.3417997	-0.8055747	0.41068783	-0.28517884	0.45240033	-0.25810957	0.42109084	0.025014415	0.3894677	-0.5967697	1.2023399	2.6491632	0.9327523	2.571271	0.36599833	-1.0995197	0.49149698	-0.2024087	0.4571367	-0.35634446
ATR_225_set19__177	17816.034826643096	18023.354215177074	VIC	True	0.47828323	0.95014966	0.50299436	0.77259374	0.49721488	0.4059752	0.4478584	0.4115003	0.51498693	1.1916412	0.17663215	-0.37927714	0.23591796	-0.30518556	0.41786423	-0.17236206	0.5619334	0.5356941	0.8102708	0.8973981
ATR_225_set19__218	17770.371919730096	17878.903997417015	vEndocardial	False	0.50799346	1.3323421	0.5773673	1.6248592	0.5373095	1.0001179	0.46314546	0.63222414	0.46985975	0.54866457	0.23519056	-0.20638128	0.2554453	-0.22457881	0.48955974	1.1092706	0.4842573	-0.27827317	0.680087	0.4352026
ATR_225_set19__286	17715.510619009	17949.01129657497	vEndocardial	False	0.47162402	0.86448556	0.529031	1.0709565	0.52512324	0.8195353	0.47103512	0.74613976	0.44776797	0.23389871	0.2694982	-0.10508668	0.30162832	-0.03394032	0.47528258	0.8540513	0.4042057	-1.1171334	0.65195596	0.33532825
ATR_225_set19__469	17824.44231079352	18003.483776691435	Trabecular vFibro	False	0.4561102	0.6649159	0.5591144	1.4156928	0.5118812	0.6233077	0.4151409	-0.06089443	0.48275146	0.73234695	0.18378676	-0.3581529	0.18844129	-0.5011641	0.49233478	1.1588774	0.63034475	1.2525764	0.813705	0.9095908
ATR_225_set19__478	17814.57324364733	18080.40602943825	VIC	True	0.43184522	0.352771	0.47794756	0.4855738	0.46278593	-0.10421046	0.35568643	-0.9193335	0.47115484	0.56711715	0.1548993	-0.4434442	0.2146023	-0.39317426	0.44326532	0.28170907	0.55995923	0.5150069	0.72252065	0.58585614
ATR_225_set19__535	17699.12614390428	17861.80688677947	vCM-RV-Trabecular	False	0.33553496	-0.8861644	0.42310917	-0.14283839	0.4273143	-0.6298469	0.38214618	-0.5372918	0.3934923	-0.5394264	0.89790905	1.7503198	0.729261	1.7312808	0.35321212	-1.3280866	0.5392029	0.29750168	0.49695206	-0.21498679
ATR_225_set19__555	17664.213848248524	17997.357017809085	VIC	True	0.43110648	0.34326786	0.45726988	0.248621	0.43735847	-0.48100743	0.36576533	-0.7738083	0.45630786	0.35557586	0.103295624	-0.595806	0.19191085	-0.48684213	0.4435939	0.28758264	0.53210104	0.22308098	0.8041445	0.8756478
ATR_225_set19__581	17818.11865939208	17865.780022950057	vCM-LV-Trabecular II	False	0.3646629	-0.5114627	0.3405454	-1.0889655	0.45431167	-0.22978634	0.41806227	-0.018713908	0.37087873	-0.86162704	1.2176338	2.6943192	0.89235437	2.4045126	0.38669243	-0.7295908	0.4715842	-0.4110746	0.38818306	-0.60115266
ATR_225_set19__590	17770.54434005282	17948.723643725476	VEC	True	0.47058085	0.85106623	0.5698747	1.5389988	0.49047738	0.3061355	0.44125998	0.31622848	0.47815752	0.66689205	0.24940205	-0.16442132	0.23376839	-0.31405875	0.48038283	0.9452237	0.47301406	-0.39609116	0.4605292	-0.3442999
ATR_225_set19__611	17867.44097090637	17892.832246971437	vCM-LV-Trabecular II	False	0.4198788	0.1988351	0.43325707	-0.026550073	0.52833396	0.8671135	0.5226538	1.4914412	0.46016058	0.4104699	1.2174917	2.6938996	0.9621043	2.6924329	0.44891858	0.3827671	0.5977721	0.9112479	0.38003764	-0.6300716
ATR_225_set19__619	17686.18431125638	17808.45730992426	vCM-LV-Compact I	False	0.2866613	-1.5148753	0.33329645	-1.1720337	0.39963695	-1.0399839	0.37827387	-0.5932025	0.3620967	-0.9867543	1.3118613	2.9725292	1.0001208	2.8493607	0.3224026	-1.8788393	0.5049718	-0.06120611	0.36663425	-0.677658
ATR_225_set19__770	17866.04432954717	18064.33187016352	VIC	True	0.361388	-0.55359083	0.3235094	-1.284187	0.3806714	-1.3210249	0.30762583	-1.6132611	0.40703756	-0.3464324	0.08581298	-0.6474241	0.16674778	-0.59071255	0.3743654	-0.9499497	0.46693844	-0.45975754	0.7716361	0.7602323
ATR_225_set19__776	17852.16465491926	17892.6729493741	vCM-LV-Trabecular II	False	0.34101802	-0.81563026	0.41687486	-0.2142796	0.45838454	-0.16943242	0.4290561	0.14002168	0.38800645	-0.61758953	0.8254639	1.5364227	0.70260066	1.6212299	0.32015565	-1.9190058	0.5813446	0.7391041	0.61142635	0.19143476
ATR_225_set19__777	17770.64257138801	18014.55383256297	VIC	True	0.44774008	0.5572425	0.41994515	-0.17909603	0.46486428	-0.07341235	0.40075102	-0.268664	0.50490123	1.0479392	0.09168252	-0.6300941	0.20911966	-0.41580603	0.4232175	-0.07666668	0.5594921	0.5101119	0.93014634	1.3229959
ATR_225_set19__85	17885.072048144277	17913.07371543038	vCM-LV-Compact II	False	0.39157724	-0.16523632	0.39492312	-0.46583217	0.49988252	0.44550556	0.4921561	1.0510968	0.44300875	0.16608883	1.1888435	2.6093147	0.9425321	2.611641	0.41669494	-0.19326441	0.56333107	0.5503403	0.26625642	-1.0340325
ATR_226_set19__158	17834.70424214044	18327.87947504133	VIC	True	0.5344623	1.672837	0.561681	1.4451041	0.56633645	1.4302536	0.47757182	0.8405204	0.583738	2.1712139	0.105172545	-0.5902643	0.22594142	-0.34636763	0.48698214	1.0631932	0.67318946	1.7015458	0.7748689	0.77170974
ATR_226_set19__164	17832.532681029064	18184.182739589338	VIC	True	0.42089337	0.21188642	0.5026434	0.7685721	0.49797612	0.41725564	0.43338448	0.20251727	0.4386917	0.10457914	0.11046124	-0.5746493	0.2332031	-0.3163922	0.43048012	0.053160246	0.54785246	0.38814002	0.70582664	0.52658695
ATR_226_set19__202	17810.808559076468	18268.044315991352	VIC	True	0.48809665	1.0763897	0.588793	1.75579	0.5134612	0.64672095	0.40675086	-0.18203482	0.52419704	1.3228679	0.11134854	-0.5720295	0.28766382	-0.09158427	0.46173707	0.611911	0.49816462	-0.1325385	0.79020995	0.8261755
ATR_226_set19__208	17807.434094469405	18210.792719453762	VIC	True	0.5132752	1.4002866	0.56187606	1.4473397	0.5428552	1.0822965	0.4335982	0.20560299	0.54257756	1.5847554	0.2332571	-0.21208988	0.30083746	-0.037204918	0.5349439	1.9205599	0.6124768	1.0653385	0.85648	1.0614561
ATR_226_set19__230	17793.84989532247	18152.01563005196	VIC	True	0.55604076	1.9504228	0.57367575	1.5825565	0.57223886	1.5177184	0.47445506	0.7955188	0.5706795	1.9851544	0.25953817	-0.13449402	0.2793199	-0.126027	0.5752109	2.6403759	0.7352799	2.3521914	0.95236325	1.4018732
ATR_226_set19__305	17752.441018586793	18318.79751087871	VIC	True	0.449131	0.5751355	0.49601287	0.6925904	0.5048137	0.5185779	0.40756673	-0.17025483	0.48333296	0.7406323	0.10306142	-0.5964975	0.19720207	-0.46500054	0.3990766	-0.5082106	0.55619204	0.47553048	0.7379539	0.6406493
ATR_226_set19__370	17712.204224771478	18436.376044859153	VEC	True	0.4910397	1.1142489	0.5461827	1.2675039	0.5078027	0.56287116	0.46381178	0.64184487	0.45827028	0.38353667	0.122669734	-0.53860325	0.18013756	-0.535441	0.44868535	0.37859783	0.5371034	0.2755009	0.6625056	0.37278304
ATR_226_set19__472	17908.435738032233	18262.869952775443	VIC	True	0.53766084	1.7139834	0.58726734	1.7383071	0.5414336	1.0612301	0.49092382	1.0333047	0.56716746	1.9351147	0.07942816	-0.66627556	0.19684164	-0.46648836	0.4330211	0.098582864	0.65357363	1.4959917	0.67897856	0.43126738
ATR_226_set19__500	17865.59934088585	18376.954853400937	VIC	True	0.54637295	1.826056	0.57683617	1.6187727	0.5628576	1.3787026	0.45292154	0.484605	0.56094325	1.8464315	0.13922578	-0.48972085	0.23651686	-0.30271333	0.5013676	1.320349	0.6735586	1.7054139	0.8225138	0.9408649
ATR_226_set19__502	17858.473873571143	18300.80155912273	VIC	True	0.5681852	2.106649	0.67811686	2.7793834	0.5959123	1.8685231	0.55751705	1.9948174	0.61671054	2.6410096	0.19440824	-0.3267926	0.20311697	-0.44058448	0.5186998	1.6301802	0.8187245	3.2266068	0.9089519	1.2477486
ATR_226_set19__505	17861.756084439767	18288.55819409427	VIC	True	0.4133088	0.11431847	0.46711022	0.36138487	0.49126986	0.31787878	0.42755082	0.118287474	0.36849666	-0.89556706	0.16132058	-0.42448512	0.18257965	-0.5253603	0.42860478	0.019636555	0.38672733	-1.3002893	0.66750187	0.39052132
ATR_226_set19__536	17804.147032811	18332.199791432966	VIC	True	0.42690572	0.2892293	0.46320966	0.31668702	0.45706043	-0.18905386	0.33835125	-1.1696292	0.4872111	0.7958885	0.11394381	-0.5643668	0.1564954	-0.6330332	0.4108071	-0.29851568	0.58050966	0.7303547	0.7448213	0.6650309
ATR_226_set19__545	17783.9780109119	18379.384452773964	VIC	True	0.5164724	1.4414153	0.5564215	1.3848342	0.5580906	1.3080628	0.46678713	0.6848047	0.5560921	1.7773117	0.11217953	-0.5695759	0.25817326	-0.21331811	0.4904456	1.1251066	0.6384376	1.3373816	0.8839639	1.159033
ATR_226_set19__573	17692.416717232736	18278.56001000635	VIC	True	0.5414712	1.7629997	0.5958642	1.8368213	0.568116	1.4566239	0.47959787	0.86977375	0.53597236	1.4906437	0.22415406	-0.23896696	0.320869	0.04548311	0.55629325	2.3022022	0.7144489	2.1339035	0.9690094	1.4609725
ATR_226_set19__584	17654.024380415703	18168.40089839262	VIC	True	0.43225887	0.35809228	0.5487381	1.2967875	0.458982	-0.16057914	0.40568274	-0.19745691	0.48903683	0.82190156	0.23960093	-0.1933595	0.2127861	-0.4006714	0.47467625	0.84321254	0.5248692	0.14729865	0.9990037	1.5674623
ATR_226_set19__619	17842.4255510569	18346.374727878203	VIC	True	0.49251777	1.1332629	0.58731997	1.7389103	0.53457874	0.9596517	0.46343246	0.636368	0.5294598	1.3978518	0.22794679	-0.22776876	0.22880945	-0.3345287	0.51196855	1.5098517	0.68181664	1.79195	0.9302063	1.3232088
ATR_226_set19__648	17814.114153930437	18169.4698992852	VIC	True	0.46129376	0.73159707	0.5519524	1.3336213	0.53078485	0.9034319	0.52018213	1.4557536	0.5403402	1.552877	0.12499366	-0.53174174	0.20563859	-0.4301755	0.4128727	-0.26159093	0.6500368	1.4589293	0.6426241	0.30219698
ATR_226_set19__653	17898.773072098782	18407.566703239172	aFibro	False	0.45797884	0.68895406	0.4666457	0.35606167	0.4840722	0.21122038	0.38758054	-0.45882726	0.50725895	1.0815322	0.0965631	-0.61568403	0.21797909	-0.37923527	0.4447656	0.30852816	0.5390973	0.29639488	0.82104594	0.93565345
ATR_226_set19__673	17824.15546582153	18268.496130990217	VIC	True	0.43948013	0.45098647	0.52802455	1.0594234	0.50960505	0.5895789	0.43909657	0.28499186	0.46305057	0.45164678	0.15181519	-0.45255014	0.19362111	-0.47978234	0.5179745	1.6172142	0.5640432	0.557803	0.7407247	0.65048647
ATR_226_set19__710	17793.948261156147	18402.869005347322	VIC	True	0.5549227	1.93604	0.5956913	1.8348405	0.5753222	1.5634091	0.45848995	0.5650051	0.5842354	2.1783009	0.17151392	-0.39438894	0.2805255	-0.12105045	0.50391066	1.3658084	0.673238	1.7020543	0.8735139	1.1219319
ATR_226_set19__728	17716.926844727015	18243.47287133079	VIC	True	0.53401566	1.6670917	0.5524157	1.3389304	0.54843545	1.1649874	0.49993402	1.1633992	0.51939917	1.2545072	0.18800728	-0.34569165	0.21629138	-0.38620192	0.48668358	1.0578562	0.7225259	2.218542	0.7370627	0.6374852
ATR_226_set19__773	17643.693126671467	18316.01621835943	VIC	True	0.4157683	0.14595743	0.48095852	0.5200774	0.47297895	0.046834867	0.39236	-0.38981858	0.4916651	0.85934937	0.14395034	-0.4757714	0.24665956	-0.2608454	0.48419508	1.0133717	0.62244403	1.1697848	0.84637547	1.0255816
ATR_227_set19__109	17451.816239653897	18461.067578565333	VIC	True	0.36580673	-0.4967483	0.3738523	-0.7072899	0.37645912	-1.3834448	0.29509598	-1.7941746	0.42648062	-0.06940563	0.1759658	-0.38124457	0.25028118	-0.24589571	0.35174713	-1.354275	0.45534357	-0.58126	0.7780689	0.7830708
ATR_227_set19__140	17434.629341373584	18475.394754469096	vCM-RV-AV	False	0.44513273	0.5237016	0.4830496	0.54403985	0.4967305	0.39879745	0.4153996	-0.057158962	0.4211851	-0.14485666	0.28574198	-0.057126295	0.3356454	0.10647852	0.5063372	1.4091858	0.2771583	-2.4484627	0.5539444	-0.0126451235
ATR_227_set19__141	17431.52725252195	18497.360662636373	VIC	True	0.42045686	0.2062711	0.44338256	0.08948142	0.44501665	-0.3675246	0.34579507	-1.062151	0.4734032	0.59915185	0.11659578	-0.5565368	0.18688285	-0.50759715	0.42534885	-0.038566686	0.51908726	0.08670964	0.70607555	0.52747065
ATR_227_set19__163	17418.183711514306	18570.193323649735	VEC	True	0.44324148	0.4993725	0.6297954	2.2256508	0.46878996	-0.015239626	0.43701133	0.25488394	0.47816125	0.66694516	0.08401374	-0.6527365	0.107174486	-0.8366246	0.4203192	-0.12847695	0.5843549	0.7706487	0.39012706	-0.5942508
ATR_227_set19__180	17406.95448071641	18605.918179747892	VEC	True	0.47381896	0.8927213	0.56241137	1.4534739	0.4937651	0.35485435	0.42003018	0.009699906	0.48431563	0.7546335	0.45974258	0.45661694	0.3760303	0.27318296	0.42367974	-0.068403766	0.5266326	0.16577734	0.75368536	0.69650114
ATR_227_set19__233	17476.412957442262	18474.781030004393	VIC	True	0.46196607	0.7402457	0.5008938	0.7485224	0.47637814	0.09720583	0.3809179	-0.55502635	0.473714	0.60358024	0.15970573	-0.42925304	0.26595938	-0.18117782	0.440454	0.23145391	0.5491208	0.40143082	0.89300156	1.1911197
ATR_227_set19__265	17420.68577106451	18520.490621242603	VEC	True	0.47993216	0.9713615	0.57193375	1.5625942	0.45491722	-0.22081295	0.3445247	-1.0804931	0.4268809	-0.06370247	0.13782442	-0.49385843	0.08321042	-0.9355457	0.4798902	0.93641734	0.55815697	0.49612093	0.506259	-0.18194398
ATR_227_set19__286	17561.62545934048	18473.32995491831	VIC	True	0.4259559	0.27701068	0.45914537	0.2701129	0.4509014	-0.2803216	0.3446298	-1.0789758	0.4895071	0.82860214	0.08986476	-0.6354611	0.18254665	-0.52549654	0.41426513	-0.23669988	0.49495366	-0.16618614	0.89308274	1.1914079
ATR_227_set19__288	17524.098212739977	18499.69362076794	VIC	True	0.42373854	0.24848667	0.4444272	0.10145221	0.43721354	-0.48315507	0.34729332	-1.0405183	0.45823115	0.38297915	0.08049345	-0.6631302	0.1898535	-0.49533463	0.3883904	-0.699238	0.5261134	0.16033648	0.8223581	0.94031197
ATR_227_set19__309	17463.57917465338	18728.17265841945	aEndocardial	False	0.5121659	1.3860165	0.5973631	1.8539982	0.5344856	0.9582712	0.46283516	0.62774384	0.4610321	0.42288724	0.13495016	-0.5023448	0.21225232	-0.40287474	0.49329785	1.1760931	0.49122682	-0.20523968	0.8000094	0.8609669
ATR_227_set19__325	17479.819528782456	18497.610362051662	VIC	True	0.4710504	0.8571067	0.49356443	0.6645329	0.49607974	0.3891541	0.40923923	-0.14610618	0.49953282	0.9714495	0.19697882	-0.31920284	0.2653649	-0.18363184	0.48309597	0.993724	0.58571315	0.784882	0.8925817	1.1896291
ATR_227_set19__342	17453.676723935863	18646.7167210124	VIC	True	0.38567755	-0.24113004	0.35914227	-0.87585735	0.41817963	-0.76520914	0.32012334	-1.4328145	0.41903883	-0.17543699	0.113417946	-0.5659194	0.1801422	-0.53542185	0.45811796	0.5472157	0.49808896	-0.13333142	0.8977515	1.2079836
ATR_227_set19__355	17383.954320824734	18690.28863855351	VEC	True	0.46187118	0.739025	0.49284434	0.6562812	0.47196046	0.0317423	0.4701723	0.7336816	0.46268252	0.44640264	0.42613092	0.35737726	0.3277521	0.07389586	0.4419885	0.25888458	0.49969	-0.116554126	0.5996056	0.14946724
ATR_227_set19__361	17385.429661026916	18704.063922223133	VEC	True	0.45814303	0.6910661	0.52672124	1.0444883	0.49178228	0.3254721	0.41453373	-0.06966101	0.48403537	0.75064033	0.25610808	-0.14462152	0.24068898	-0.2854913	0.45315176	0.45843968	0.42738533	-0.8742343	0.5926976	0.124941565
ATR_227_set19__372	17465.231316071764	18640.875895554003	VIC	True	0.6018365	2.5395393	0.73159236	3.3921778	0.6140735	2.1376455	0.52491444	1.5240815	0.6619522	3.2856174	0.16648129	-0.40924796	0.23018108	-0.32886675	0.5531797	2.246544	0.7354427	2.353897	0.887911	1.1730466
ATR_227_set19__384	17419.2012978509	18723.96382033699	VIC	True	0.470901	0.85518485	0.52713007	1.0491732	0.48921773	0.2874693	0.38519537	-0.49326575	0.5363022	1.4953434	0.16171838	-0.4233106	0.22166894	-0.36400396	0.47001347	0.75986046	0.6081654	1.0201589	0.85963964	1.0726738
ATR_227_set19__40	17509.875620810428	18493.55040884092	VIC	True	0.4623694	0.7454343	0.48262003	0.5391172	0.47206488	0.03328976	0.36244375	-0.82176733	0.52312905	1.3076509	0.09039187	-0.63390476	0.23607272	-0.3045467	0.45397937	0.4732341	0.54562557	0.36480448	0.8168735	0.9208399
ATR_227_set19__55	17491.550575829613	18526.26360371928	VIC	True	0.47435048	0.89955884	0.4914283	0.6400541	0.4940678	0.35933995	0.36103636	-0.842088	0.5105155	1.127932	0.12505758	-0.531553	0.24862048	-0.25275093	0.46871462	0.73664224	0.6054319	0.99151486	0.89446425	1.1963127
ATR_227_set19__6	17567.870352732367	18460.051527765707	VEC	True	0.5097246	1.3546118	0.5055695	0.8021034	0.51631254	0.6889739	0.4443924	0.3614564	0.47963768	0.68798155	0.15755028	-0.4356171	0.2248941	-0.3506908	0.4755876	0.859504	0.584146	0.7684601	0.6752167	0.41791144
ATR_227_set19__63	17478.808972464532	18449.240564599626	vCM-RV-AV	False	0.4051889	0.00986391	0.49215582	0.6483912	0.45287272	-0.25110936	0.39917627	-0.29140124	0.4750666	0.6228524	0.4332025	0.37825638	0.3329266	0.09525558	0.4683106	0.72941977	0.51791704	0.07444693	0.62677217	0.24591745
ATR_227_set19__9	17564.67102234088	18432.71658668656	aEndocardial	False	0.38098365	-0.30151233	0.39114264	-0.5091541	0.3956271	-1.0994039	0.32057765	-1.426255	0.41031054	-0.29979864	0.08112101	-0.66127735	0.14045872	-0.6992309	0.38955352	-0.6784459	0.4731214	-0.39496624	0.74512607	0.66611284
ATR_228_set19__109	17546.235142081838	18253.270629762275	VIC	True	0.44040334	0.46286273	0.52872676	1.0674702	0.45774972	-0.17883949	0.33382884	-1.2349265	0.50998807	1.120417	0.10905461	-0.57880235	0.21762984	-0.38067695	0.45448557	0.48228282	0.5155495	0.04963733	0.8266924	0.9557003
ATR_228_set19__160	17507.2340277802	18279.227848690018	vCM-RV-AV	False	0.41984656	0.1984203	0.4761921	0.4654572	0.5270927	0.8487197	0.478128	0.84855074	0.47114182	0.5669316	1.0724131	2.2655494	0.90134066	2.441607	0.44570535	0.32532728	0.6087638	1.0264298	0.6481409	0.32178354
ATR_228_set19__200	17480.306455205704	18314.65624735902	VIC	True	0.45138606	0.6041445	0.47834605	0.4901402	0.47202712	0.032730218	0.42972425	0.14966866	0.46945786	0.5429385	0.20177434	-0.30504388	0.1951491	-0.473475	0.41255	-0.26735952	0.5527283	0.43923393	0.8481735	1.0319653
ATR_228_set19__21	17618.569988676405	18177.197905968933	VIC	True	0.42793608	0.3024838	0.48763403	0.5965744	0.44251233	-0.40463486	0.3872171	-0.4640748	0.45160374	0.28855112	0.11331687	-0.5662179	0.14204818	-0.6926698	0.40890288	-0.33255562	0.5194208	0.09020489	0.88805175	1.1735462
ATR_228_set19__259	17438.391040970928	18254.31292933687	VEC	True	0.51101977	1.3712726	0.6024733	1.9125577	0.53073335	0.9026688	0.46459717	0.65318465	0.4843443	0.755042	0.15053326	-0.4563351	0.20177534	-0.44612256	0.48148108	0.96485597	0.5359828	0.26375782	0.72500825	0.594688
ATR_228_set19__291	17397.47907115144	18188.43575921568	vEndocardial	False	0.5071951	1.3220723	0.6030822	1.9195349	0.55247205	1.2248039	0.48560822	0.95655483	0.5044845	1.0420012	0.45982152	0.45685002	0.39108983	0.33534706	0.4942389	1.1929157	0.47447598	-0.38077167	0.72715175	0.6022981
ATR_228_set19__322	17378.565105316844	18369.443904131556	vCM-LV-Compact I	False	0.41977587	0.19751093	0.4404762	0.056176517	0.5380076	1.0104625	0.53312725	1.6426629	0.47436774	0.6128949	1.3520483	3.0911827	1.0766544	3.1652832	0.4317069	0.07509028	0.5656315	0.5744466	0.4150643	-0.5057153
ATR_228_set19__388	17338.810401755483	18188.334187165598	vCM-LV-Compact I	False	0.26074058	-1.8483195	0.31672356	-1.3619483	0.3979845	-1.0644708	0.41601145	-0.048324827	0.30814192	-1.7555075	1.424467	3.3050017	1.0489354	3.050862	0.3561424	-1.2757047	0.35749382	-1.6066271	0.44938612	-0.38386157
ATR_228_set19__441	17525.312573841315	18410.021830401434	VIC	True	0.43409532	0.38171637	0.56117857	1.4393468	0.512783	0.6366713	0.37565497	-0.63101584	0.5205145	1.2703985	0.10896176	-0.5790765	0.2117286	-0.4050366	0.46590346	0.6863897	0.61076933	1.0474457	0.9406388	1.3602475
ATR_228_set19__450	17487.831905320574	18424.185225645204	VIC	True	0.4858017	1.0468673	0.53303367	1.1168246	0.50381523	0.5037825	0.39224777	-0.3914391	0.5406809	1.5577313	0.11994814	-0.5466388	0.2157611	-0.3883909	0.4437178	0.2897978	0.58801746	0.8090289	0.7786529	0.7851442
ATR_228_set19__542	17544.231550338725	18305.980042053216	VEC	True	0.3880092	-0.21113576	0.41241568	-0.2653788	0.40986106	-0.888478	0.2676381	-2.190628	0.4347476	0.048383217	0.16577445	-0.41133493	0.15723786	-0.62996846	0.46751842	0.7152588	0.49050444	-0.21280947	0.61841834	0.2162586
ATR_228_set19__56	17583.051358974823	18180.847256362136	VIC	True	0.51448804	1.4158885	0.60183746	1.9052712	0.5769783	1.5879502	0.5217624	1.47857	0.5793219	2.1082928	0.22064644	-0.24932332	0.29762962	-0.050446503	0.50752085	1.4303445	0.73426765	2.3415837	0.8194491	0.9299843
ATR_228_set19__655	17532.742419263155	18342.95215958926	VIC	True	0.35859203	-0.5895581	0.3138747	-1.3945943	0.37837264	-1.3550893	0.30671433	-1.6264219	0.40322316	-0.40078035	0.1617324	-0.4232692	0.19078428	-0.4914925	0.3916224	-0.64146256	0.5025404	-0.08668466	0.8410504	1.0066758
ATR_228_set19__679	17450.896153720645	18247.78942725147	VEC	True	0.46131757	0.7319034	0.5045613	0.79054993	0.48897597	0.28388685	0.41267434	-0.096508086	0.44659838	0.21723425	0.14630084	-0.46883148	0.22469305	-0.35152078	0.4627882	0.630701	0.49070823	-0.21067399	0.7975749	0.8523235
ATR_228_set19__708	17335.4207402565	18346.17356748862	Pericyte	False	0.3782876	-0.33619416	0.40394244	-0.3624767	0.37352923	-1.4268614	0.34114093	-1.1293502	0.35575572	-1.0771012	0.10368886	-0.5946449	0.17621905	-0.5516162	0.38926977	-0.6835182	0.35839492	-1.5971844	0.91968304	1.2858478
ATR_228_set19__721	17388.191204482435	18332.400488939922	vCM-LV-Compact II	False	0.42089376	0.2118914	0.43671393	0.013063298	0.5414726	1.0618086	0.5103031	1.3131139	0.45231703	0.29871413	0.92630386	1.8341565	0.7675543	1.8893515	0.44239396	0.2661326	0.564455	0.5621177	0.3260904	-0.82160205
ATR_228_set19__729	17423.570388027	18394.697149071126	VEC	True	0.36267975	-0.5369738	0.4903936	0.6281974	0.30994722	-2.3690517	0.25054884	-2.4373727	0.4840797	0.7512717	0.0984131	-0.6102218	0.07922462	-0.95199865	0.3903624	-0.663986	0.18649314	-3.3985422	0.36980832	-0.66638905
ATR_228_set19__731	17572.243315269305	18337.93420710314	VEC	True	0.5903189	2.391377	0.6854402	2.863304	0.58556664	1.7152163	0.58141387	2.3398538	0.52492404	1.3332262	0.19555992	-0.3233922	0.20914309	-0.41570932	0.50149304	1.3225908	0.60551816	0.99241865	0.6471514	0.3182705
ATR_228_set19__732	17562.308445464703	18372.37513878959	VIC	True	0.53629833	1.6964562	0.607126	1.9658744	0.5578055	1.3038373	0.45271698	0.48165143	0.588457	2.23845	0.17413493	-0.3866503	0.22816148	-0.33720344	0.51358485	1.5387448	0.7308156	2.3054097	0.78603154	0.8113408
ATR_228_set19__735	17539.37324556985	18328.97378347082	VIC	True	0.43749464	0.42544514	0.47161114	0.41296256	0.48091424	0.16442394	0.38039136	-0.562629	0.45383343	0.32031998	0.14481962	-0.47320485	0.18520649	-0.514517	0.42457426	-0.052413333	0.482246	-0.29934955	0.80278784	0.8708312
ATR_228_set19__784	17500.021838791177	18428.054977391803	VIC	True	0.4172656	0.16521868	0.39404762	-0.47586486	0.4584956	-0.16778693	0.40142292	-0.2589628	0.4131993	-0.25863916	0.1592509	-0.43059593	0.22381239	-0.35515603	0.40651786	-0.37519035	0.599252	0.9267554	0.8904242	1.1819692
ATR_229_set19__169	17485.53824144516	17811.93474968926	vCM-LV-Trabecular I	False	0.3318878	-0.9330813	0.35596353	-0.9122837	0.44267616	-0.40220726	0.4221019	0.0396129	0.3687586	-0.891835	1.4467233	3.3707144	1.0349295	2.9930475	0.35226223	-1.3450669	0.44528863	-0.6866258	0.38843024	-0.60027504
ATR_229_set19__231	17436.38616692672	17983.54078293626	vCM-RV-Trabecular	False	0.36687797	-0.4829678	0.42225432	-0.15263441	0.4911785	0.3165252	0.46272653	0.6261754	0.42164564	-0.1382949	1.502083	3.5341659	1.1285971	3.379697	0.41448638	-0.23274477	0.52347964	0.13273743	0.46856457	-0.31577173
ATR_229_set19__246	17422.405641240264	17842.815489328183	vCM-LV-Trabecular II	False	0.40092248	-0.045019213	0.41567856	-0.22798836	0.5329545	0.9355831	0.53594023	1.6832784	0.45038524	0.27118984	1.2452731	2.7759252	0.9975332	2.8386796	0.46568972	0.68256885	0.6098342	1.0376463	0.2342827	-1.1475496
ATR_229_set19__258	17416.388329494806	18075.279026447173	Trabecular vFibro	False	0.6058497	2.5911648	0.56034875	1.4298377	0.6384131	2.4983213	0.5411082	1.7578965	0.5976125	2.3688986	0.36184907	0.1675827	0.43375015	0.5114443	0.5568415	2.3120027	0.67204344	1.6895367	1.0308374	1.6804825
ATR_229_set19__298	17388.065816117865	17858.372280810003	vCM-LV-Trabecular I	False	0.39066228	-0.17700638	0.4282019	-0.0844789	0.5209784	0.7581149	0.49961707	1.1588229	0.44627738	0.2126606	1.3527697	3.093313	1.0711675	3.1426337	0.4293371	0.032727767	0.5787302	0.711708	0.3756544	-0.6456335
ATR_229_set19__388	17334.98130549203	18027.933899902193	Compact vFibro	False	0.39993116	-0.057771485	0.37965268	-0.64082146	0.43277997	-0.548854	0.37563953	-0.63123876	0.46561143	0.4881341	0.13419242	-0.50458205	0.18568671	-0.5125347	0.40986896	-0.31528604	0.54032135	0.3092216	0.78696764	0.81466424
ATR_229_set19__476	17514.51621514387	17995.01447376	vCM-LV-Trabecular II	False	0.34502053	-0.764142	0.3033783	-1.514876	0.4424566	-0.40546072	0.40637136	-0.1875143	0.35558203	-1.079576	0.85448146	1.6220982	0.70150274	1.6166979	0.3829434	-0.79660887	0.42868125	-0.86065435	0.19395791	-1.2907159
ATR_229_set19__495	17450.608909197166	18025.910146367216	vCM-LV-Compact II	False	0.39035958	-0.18090034	0.39468822	-0.468524	0.48375988	0.20659214	0.5223584	1.4871761	0.41209784	-0.27433294	1.0816349	2.292777	0.8313327	2.1526217	0.4067668	-0.37074032	0.56206805	0.5371051	0.39635608	-0.57213575
ATR_229_set19__496	17444.47042905214	18030.228373887177	vCM-LV-Trabecular I	False	0.32013106	-1.0843202	0.3698369	-0.75330395	0.43115282	-0.57296586	0.41530338	-0.058548413	0.37453058	-0.80959505	1.281249	2.8821454	0.8993016	2.43319	0.37478784	-0.94239795	0.47194743	-0.40726832	0.35506806	-0.7187218
ATR_229_set19__497	17437.71834063174	18023.820023229546	vCM-LV-Compact I	False	0.36826017	-0.46518716	0.38519496	-0.57731056	0.47555915	0.085069515	0.46019155	0.58957374	0.40885168	-0.32058454	1.4221656	3.2982068	1.0732528	3.1512418	0.39435914	-0.5925403	0.4949048	-0.1666983	0.42169863	-0.48216128
ATR_229_set19__601	17558.732062149204	18060.256287555167	VIC	True	0.5012311	1.2453508	0.48549327	0.5720427	0.53528285	0.97008556	0.38878652	-0.4414146	0.5548006	1.7589109	0.20905736	-0.28354052	0.2983337	-0.04754014	0.5245313	1.7344241	0.565272	0.57067907	1.0216507	1.6478665
ATR_230_set19__144	17532.45930166034	17527.980676502822	vCM-LV-Compact I	False	0.2555725	-1.9148017	0.27982053	-1.7848328	0.36555776	-1.5449866	0.35937905	-0.8660172	0.32028034	-1.5825579	1.3725241	3.1516385	1.0221994	2.9404988	0.33219987	-1.7037027	0.41499487	-1.004074	0.39871156	-0.563773
ATR_230_set19__156	17524.823370803402	17694.31854433929	vCM-LV-Trabecular II	False	0.3366573	-0.8717268	0.35115775	-0.9673547	0.4597627	-0.14901032	0.43182248	0.1799642	0.3832414	-0.6854826	1.5340692	3.6286063	1.1187966	3.3392415	0.3956894	-0.5687606	0.48860753	-0.23268726	0.40245146	-0.5504951
ATR_230_set19__165	17518.44445501625	17638.047800891956	vCM-LV-Trabecular II	False	0.40826038	0.049375527	0.49503922	0.6814331	0.46646625	-0.04967364	0.42012334	0.011045036	0.47555616	0.6298277	0.5865844	0.8311221	0.4819669	0.7104778	0.42389363	-0.06458023	0.576944	0.69299006	0.6588996	0.35998046
ATR_230_set19__195	17492.31044956346	17664.469339188818	Trabecular vFibro	False	0.4419401	0.48263156	0.48661157	0.5848577	0.47166702	0.027394054	0.36989146	-0.71423274	0.48912692	0.8231852	0.074244924	-0.6815793	0.18546754	-0.5134394	0.44669038	0.34293568	0.52230805	0.120460354	0.7928902	0.8356913
ATR_230_set19__259	17444.922965689046	17718.85338103824	vCM-LV-Trabecular II	False	0.35114154	-0.68540126	0.4027536	-0.3761001	0.46456736	-0.07781228	0.43261647	0.19142835	0.38626948	-0.64233804	1.5065451	3.5473404	1.1098619	3.3023598	0.39517465	-0.5779622	0.5040685	-0.07067187	0.4603618	-0.34489423
ATR_230_set19__283	17431.271122551327	17812.900023942868	vCM-LV-Trabecular II	False	0.33022285	-0.9544995	0.33264497	-1.1794991	0.39755437	-1.0708448	0.42254233	0.045971926	0.44062114	0.13206989	1.1135505	2.3870094	0.78895813	1.9777042	0.30644646	-2.164072	0.5050665	-0.060213625	0.4108032	-0.5208437
ATR_230_set19__285	17428.124528596425	17682.52873803995	VIC	True	0.38758093	-0.2166449	0.420278	-0.17528164	0.41210195	-0.8552712	0.33437532	-1.227036	0.44803128	0.23765029	0.045962166	-0.76508516	0.1574233	-0.62920296	0.38657123	-0.73175746	0.44351095	-0.705254	0.772156	0.76207805
ATR_230_set19__295	17421.411276380866	17792.470891631183	vCM-LV-Compact I	False	0.3594207	-0.5788984	0.36573815	-0.8002729	0.49059018	0.30780706	0.4868344	0.97425926	0.3839828	-0.6749188	1.2125401	2.6792798	0.93345505	2.5741718	0.39916047	-0.5067114	0.47098503	-0.41735336	0.31120437	-0.87445235
ATR_230_set19__304	17410.080896381496	17658.854258159237	vCM-LV-Trabecular I	False	0.32829037	-0.9793588	0.27701524	-1.8169796	0.36212188	-1.5959013	0.3279757	-1.3194376	0.2973186	-1.9097191	0.19519803	-0.32446072	0.15351538	-0.6453344	0.40162918	-0.4625807	0.18028148	-3.4636345	0.46080434	-0.3433231
ATR_230_set19__320	17398.018468441252	17564.632260291557	Trabecular vFibro	False	0.45275316	0.6217308	0.46229255	0.3061776	0.5069535	0.5502866	0.43749213	0.26182604	0.43619755	0.069042146	0.34381962	0.11435009	0.3454203	0.14682822	0.48379257	1.0061765	0.4589665	-0.5432955	0.8095429	0.89481384
ATR_230_set19__391	17344.28262360874	17559.881550048915	vCM-LV-Compact I	False	0.3630089	-0.53273976	0.39625493	-0.45057055	0.48886555	0.2822506	0.46423966	0.6480228	0.38162705	-0.7084838	1.2839178	2.890025	0.94303674	2.613724	0.42604405	-0.026139274	0.6361211	1.3131067	0.3651175	-0.683043
ATR_230_set19__40	17602.00826619969	17687.113865614996	Proliferating vFibro	False	0.44979584	0.5836879	0.53033686	1.0859209	0.53341293	0.9423762	0.4394737	0.29043692	0.4994098	0.96969664	0.2758247	-0.08640746	0.3372622	0.11315252	0.4592759	0.5679151	0.53617084	0.26572844	0.88771707	1.172358
ATR_230_set19__447	17627.277094028184	17772.840152396584	vCM-LV-Hybrid	False	0.28008565	-1.5994644	0.3562048	-0.9095188	0.37860507	-1.3516451	0.34953707	-1.0081216	0.31940767	-1.5949919	1.1913056	2.616584	0.8523044	2.2391908	0.32652947	-1.8050671	0.42394656	-0.9102692	0.36031982	-0.7000763
ATR_230_set19__642	17448.742263672135	17551.32144299093	vCM-LV-Compact I	False	0.4554904	0.65694284	0.52953184	1.0766959	0.555612	1.2713336	0.51773846	1.4204704	0.50259334	1.0150561	0.94245666	1.8818483	0.8105547	2.0668523	0.4476224	0.35959628	0.6469082	1.4261448	0.610638	0.18863592
ATR_230_set19__754	17617.612286238313	17729.845572632767	VEC	True	0.33689928	-0.8686138	0.35796204	-0.88938206	0.3638808	-1.5698365	0.28922647	-1.878922	0.35257593	-1.1224072	0.071670435	-0.6891805	0.21809553	-0.37875462	0.38241526	-0.80604964	0.35400197	-1.6432182	0.6989717	0.5022496
ATR_231_set19__20	17607.28443288617	17251.276481644763	vCM-LV-Compact I	False	0.27242896	-1.6979601	0.33179843	-1.1891999	0.3822612	-1.2974669	0.36471242	-0.7890109	0.32550985	-1.5080475	1.097955	2.340963	0.8158384	2.088663	0.3028248	-2.2288132	0.49678162	-0.14703101	0.40237013	-0.5507839
ATR_231_set19__214	17444.789869440294	17325.7805174176	vCM-LV-Compact I	False	0.2686252	-1.7468917	0.26320922	-1.9751875	0.36060664	-1.6183548	0.37697718	-0.611925	0.3156222	-1.6489275	1.2068559	2.6624968	0.94416904	2.618398	0.2988808	-2.2993164	0.40110883	-1.1495856	0.29168707	-0.94374526
ATR_231_set19__259	17402.31177032374	17220.374713614503	vCM-LV-Compact I	False	0.29463893	-1.412251	0.34451637	-1.0434607	0.39901075	-1.0492634	0.38550386	-0.48881167	0.34968397	-1.1636121	1.2123878	2.6788301	0.9096648	2.4759684	0.34078217	-1.5502851	0.5060103	-0.05032376	0.38672847	-0.6063169
ATR_231_set19__421	17532.03797140286	17318.981232907532	Compact vFibro	False	0.42984354	0.32702148	0.37409547	-0.7045035	0.4375739	-0.4778149	0.35048693	-0.99440694	0.47791016	0.6633677	0.18976793	-0.3404933	0.23086545	-0.32604176	0.42495176	-0.04566502	0.49495634	-0.16615804	0.79413986	0.840128
ATR_231_set19__442	17502.573455547867	17486.272649639588	vCM-LV-Hybrid	False	0.30047932	-1.3371202	0.3246695	-1.2708927	0.407472	-0.92388004	0.40501952	-0.20703289	0.34726053	-1.1981415	1.3249801	3.0112631	1.0075225	2.879914	0.34443086	-1.4850608	0.47565803	-0.368385	0.38124645	-0.62577987
ATR_231_set19__450	17484.70552377362	17398.907016657315	Trabecular vFibro	False	0.4726097	0.8771654	0.44612968	0.12096161	0.49113417	0.31586805	0.45350277	0.49299723	0.49600986	0.921254	0.15327467	-0.448241	0.25943592	-0.20810597	0.41098666	-0.29530588	0.57309306	0.6526362	0.91363364	1.2643703
ATR_231_set19__452	17483.33275706556	17474.15132302225	vCM-LV-Compact II	False	0.40355903	-0.011102602	0.44265395	0.081132054	0.53358895	0.94498444	0.51257414	1.3459048	0.47056064	0.558651	1.3052415	2.9529839	1.0697154	3.1366396	0.42109016	-0.11469529	0.5928607	0.85978115	0.3751179	-0.64753824
ATR_231_set19__486	17415.16967762391	17386.190944522714	Pericyte	False	0.37446755	-0.38533545	0.33534777	-1.1485268	0.42639464	-0.643475	0.33559152	-1.2094758	0.37945428	-0.73944163	0.09956392	-0.606824	0.19186658	-0.48702487	0.45535922	0.4979003	0.27492753	-2.4718387	0.6652619	0.3825688
ATR_231_set19__648	17441.385762650498	17341.02783112487	vCM-LV-Compact I	False	0.2760615	-1.651231	0.31565922	-1.3741448	0.3994707	-1.0424478	0.3689822	-0.72736126	0.3398061	-1.3043529	1.3628876	3.1231863	1.0220301	2.9398	0.34071404	-1.551503	0.45262286	-0.60977036	0.39202327	-0.58751863
ATR_231_set19__669	17561.846609063607	17381.799500838086	Pericyte	False	0.33077335	-0.94741774	0.3769386	-0.6719229	0.44596663	-0.35344732	0.41617492	-0.045964614	0.38833708	-0.61287874	1.2705709	2.8506176	0.97331506	2.7387097	0.36930448	-1.0404187	0.5178204	0.073434465	0.40613705	-0.53741
ATR_231_set19__692	17481.329483028556	17326.92133093883	vCM-LV-Trabecular II	False	0.35803527	-0.5967204	0.36343914	-0.826618	0.48261032	0.18955731	0.45447746	0.5070703	0.42763266	-0.052991267	1.3307961	3.028435	1.033587	2.9875054	0.4099921	-0.31308475	0.5155416	0.04955488	0.4185603	-0.49330342
ATR_231_set19__785	17377.708767276585	17397.4132785095	vCM-LV-Hybrid	False	0.39358163	-0.1394519	0.45437163	0.215409	0.46735203	-0.036547635	0.4539882	0.500006	0.39643085	-0.49755782	0.9157043	1.802861	0.72465867	1.712283	0.38557988	-0.74947876	0.55697954	0.48378265	0.28873518	-0.9542254
ATR_232_set19__355	17126.097107137786	17200.394020183707	vCM-LV-Compact I	False	0.4283791	0.30818272	0.39361456	-0.48082742	0.46122697	-0.12731192	0.4245577	0.07507078	0.4584122	0.38555875	0.24667911	-0.17246088	0.2892732	-0.08494091	0.39216173	-0.6318214	0.38193277	-1.3505315	0.73361033	0.6252282
ATR_233_set19__265	17120.291390201986	17542.42025028126	vCM-LV-Trabecular II	False	0.34452716	-0.7704888	0.38230306	-0.61044985	0.4494175	-0.3023106	0.41127637	-0.116692774	0.40613124	-0.3593457	1.07275	2.266544	0.84306103	2.201035	0.37183836	-0.99512297	0.53531927	0.25680482	0.39720562	-0.5691196
ATR_233_set19__370	17039.934427804124	17562.27291774559	vCM-LV-Trabecular I	False	0.3400708	-0.8278152	0.3735976	-0.71020883	0.4450103	-0.36761865	0.42817602	0.12731439	0.39588812	-0.5052907	1.3598922	3.1143425	1.0122912	2.8995988	0.37221488	-0.98839223	0.48014623	-0.32135314	0.37805587	-0.6371075
ATR_233_set19__397	17025.15078484785	17731.31884089939	vCM-LV-Trabecular II	False	0.31969556	-1.0899224	0.3609236	-0.85544467	0.43799925	-0.47151205	0.41421828	-0.07421577	0.37750617	-0.7671986	1.3955672	3.2196739	1.0405083	3.0160758	0.3717154	-0.99732107	0.4931051	-0.18555707	0.39983523	-0.5597836
ATR_233_set19__424	17011.964402267207	17757.898287094158	BEC	False	0.30262843	-1.3094741	0.34116313	-1.0818866	0.34440997	-1.8583653	0.29213056	-1.8369911	0.27883044	-2.1731403	0.1551637	-0.44266355	0.16943707	-0.5796115	0.35826623	-1.237739	0.3427566	-1.7610583	0.34215567	-0.76456505
ATR_233_set19__458	17299.50435880634	17793.3024504099	vCM-LV-Compact I	False	0.3009838	-1.3306308	0.34550208	-1.032165	0.41371652	-0.83134574	0.41182673	-0.10874635	0.35373694	-1.105865	1.37659	3.1636431	1.0068212	2.8770192	0.3423772	-1.5217725	0.50367653	-0.07477922	0.3382111	-0.77856964
ATR_233_set19__508	17236.933306914885	17677.580186745472	Compact vFibro	False	0.46801051	0.81800145	0.45441768	0.21593663	0.48700884	0.25473687	0.41549653	-0.055759616	0.4785171	0.6720152	0.19360383	-0.32916763	0.27573878	-0.14080955	0.45539135	0.4984746	0.5433113	0.34055325	0.82282835	0.9419816
ATR_233_set19__709	17273.053021438627	17794.6175887625	BEC	False	0.3486404	-0.71757585	0.2699127	-1.8983701	0.41200054	-0.8567741	0.3259655	-1.3484621	0.28239033	-2.1224189	0.06313226	-0.7143898	0.07064213	-0.9874262	0.41117916	-0.29186487	0.18705031	-3.3927035	0.23472592	-1.1459761
ATR_233_set19__781	17164.316843470093	17721.830611538255	Proliferating vFibro	False	0.43387386	0.37886748	0.3841748	-0.589001	0.42691308	-0.63579243	0.4136847	-0.08191993	0.46449926	0.47228786	0.087323524	-0.64296424	0.17234038	-0.5676269	0.43497288	0.13347305	0.4837136	-0.2839707	0.8263989	0.95465827
ATR_233_set19__794	17088.532309991784	17670.221125474316	vCM-LV-Compact II	False	0.34853455	-0.7189376	0.42681187	-0.10040785	0.45505416	-0.21878368	0.4117099	-0.11043315	0.4045023	-0.38255495	1.0619012	2.2345128	0.83952934	2.1864567	0.37281948	-0.97758436	0.5663797	0.5822872	0.49241415	-0.23109786
ATR_233_set19__825	17214.51072040268	17765.59134946409	vCM-LV-Trabecular II	False	0.32283008	-1.0496	0.37932786	-0.64454365	0.43319133	-0.5427582	0.42066088	0.018806424	0.37216973	-0.8432327	1.1847396	2.5971978	0.9085366	2.471311	0.3582802	-1.2374891	0.49621302	-0.15298936	0.38459525	-0.6138905
ATR_233_set19__92	17255.24492861684	17556.115975134308	vCM-LV-Compact II	False	0.3077188	-1.2439914	0.22488669	-2.4143388	0.36313832	-1.5808392	0.35201848	-0.9722936	0.23529139	-2.7934892	0.243553	-0.18169086	0.19334541	-0.4809204	0.36182472	-1.1741273	0.16431104	-3.6309884	0.17088526	-1.3726315
ATR_234_set19__103	17259.85857468137	17990.615566383276	vCM-RV-Trabecular	False	0.35651752	-0.6162447	0.43468997	-0.010130024	0.47939464	0.14190587	0.44188145	0.3252016	0.4053905	-0.3698998	1.3674318	3.136603	1.0314802	2.9788089	0.3855134	-0.75066733	0.5375987	0.28069127	0.42427948	-0.4729984
ATR_234_set19__145	17228.125912884494	18008.90388161936	vCM-LV-Compact II	False	0.36309317	-0.53165555	0.380126	-0.63539755	0.46286967	-0.10296949	0.47914264	0.86320084	0.42569074	-0.080659926	1.1241027	2.418165	0.8679584	2.303809	0.37297675	-0.97477305	0.5239279	0.13743502	0.32686296	-0.8188592
ATR_234_set19__163	17219.769041174473	17948.235545790656	vCM-LV-Compact I	False	0.36718893	-0.47896764	0.4148199	-0.2378281	0.49051854	0.30674538	0.46956494	0.7249124	0.41950795	-0.16875294	1.5038462	3.5393717	1.1299242	3.385175	0.4024497	-0.4479131	0.52644587	0.16382049	0.45141283	-0.37666607
ATR_234_set19__171	17211.44442599214	18045.830138588884	vCM-LV-Compact I	False	0.38156122	-0.2940825	0.46035522	0.28397706	0.5032609	0.49556828	0.45795745	0.5573165	0.43903127	0.109417334	1.2893686	2.9061189	1.0046905	2.8682241	0.4179768	-0.17034987	0.5958269	0.8908642	0.5021944	-0.19637471
ATR_234_set19__385	17053.726027285862	18122.52847172631	vCM-LV-Compact II	False	0.3296195	-0.9622609	0.29987708	-1.5549978	0.4074131	-0.9247531	0.41178027	-0.1094172	0.3081073	-1.7560009	0.8593464	1.6364621	0.6773341	1.5169322	0.37423566	-0.9522687	0.35015696	-1.68351	0.18677036	-1.3162341
ATR_234_set19__386	17052.97427250629	17942.28493727718	vCM-RV-Trabecular	False	0.24461754	-2.0557263	0.2262714	-2.3984709	0.3554027	-1.6954694	0.33899996	-1.1602627	0.28003493	-2.1559787	1.451559	3.384992	1.0494893	3.0531485	0.26278493	-2.944568	0.36830768	-1.4933087	0.29969153	-0.9153268
ATR_234_set19__417	17030.467637145324	17944.20015233481	vCM-LV-Trabecular II	False	0.32459614	-1.0268815	0.38747826	-0.5511454	0.44443047	-0.37621093	0.4347507	0.2222437	0.38119173	-0.71468633	1.3166481	2.9866626	1.0060999	2.874042	0.34703007	-1.4385972	0.50894165	-0.019606091	0.3652721	-0.6824941
ATR_234_set19__494	17246.371557604245	17963.518180326493	vCM-LV-Compact I	False	0.33501646	-0.89283437	0.39969674	-0.41112962	0.43938562	-0.45096806	0.41571498	-0.052605487	0.39244917	-0.55428916	1.0441542	2.182114	0.833719	2.1624722	0.3371634	-1.6149746	0.54578155	0.36643904	0.4707383	-0.3080543
ATR_234_set19__531	17177.139633389408	18061.636890094644	vCM-LV-Trabecular I	False	0.38740525	-0.2189049	0.37312478	-0.71562696	0.50956255	0.5889492	0.50996184	1.308187	0.44795093	0.23650551	1.3187796	2.9929557	1.060057	3.096771	0.40833205	-0.34275988	0.5431295	0.33864823	0.32316262	-0.8319967
ATR_234_set19__575	17070.773692985724	17848.389803377802	vCM-LV-Compact I	False	0.3410945	-0.81464654	0.3854595	-0.57427895	0.46164608	-0.12110133	0.43438068	0.21690103	0.38938743	-0.5979132	1.4660507	3.4277794	1.1031191	3.2745266	0.4024719	-0.4475162	0.51294327	0.022326834	0.41366264	-0.5106917
ATR_234_set19__599	17018.88615225551	17977.81174098405	vCM-LV-Compact II	False	0.268686	-1.7461096	0.18936609	-2.8213818	0.3535593	-1.7227862	0.36449534	-0.79214525	0.33715078	-1.3421862	1.1050245	2.3618357	0.925861	2.5428243	0.3265163	-1.8053025	0.31562752	-2.0453439	0.08811474	-1.6664943
ATR_234_set19__615	17303.227077416464	18069.973995868477	vCM-LV-Hybrid	False	0.36934653	-0.4512123	0.42202115	-0.15530641	0.4928788	0.34172085	0.45935223	0.5774551	0.42417008	-0.1023265	1.4697372	3.4386637	1.121767	3.3515031	0.41031268	-0.30735397	0.5526098	0.43799222	0.47176	-0.30442688
ATR_234_set19__674	17312.013099776326	18001.588816483898	vCM-LV-Compact I	False	0.3523449	-0.6699213	0.39494824	-0.46554428	0.4741537	0.06424288	0.4459314	0.3836773	0.41312733	-0.25966462	1.410411	3.263501	1.0664713	3.1232486	0.3994786	-0.50102437	0.54946905	0.40508035	0.4105744	-0.521656
ATR_235_set19__157	17216.74173820335	18149.685157963522	vCM-LV-Compact I	False	0.3007024	-1.3342506	0.37369347	-0.7091102	0.4069683	-0.9313444	0.37762552	-0.60256374	0.3583153	-1.0406322	0.9747036	1.9770586	0.7681091	1.8916416	0.32732913	-1.7907723	0.5006922	-0.10605215	0.42660305	-0.46474898
ATR_235_set19__163	17218.44455717269	18408.840286717903	Compact vFibro	False	0.43523175	0.3963353	0.45418784	0.21330287	0.45805615	-0.1742987	0.3853575	-0.4909249	0.48543543	0.7705884	0.26384968	-0.12176415	0.2942346	-0.064460784	0.45849052	0.55387557	0.5668399	0.5871091	0.71062195	0.5436119
ATR_235_set19__176	17205.13365488141	18345.002945685043	vCM-LV-Compact I	False	0.36310196	-0.5315425	0.37217638	-0.726495	0.47476053	0.073235266	0.4582083	0.5609383	0.40657282	-0.35305402	1.4201856	3.2923608	1.0819111	3.1869822	0.40823826	-0.3444364	0.51407784	0.034216035	0.46798876	-0.31781605
ATR_235_set19__349	17071.88525529345	18258.48604785712	vCM-LV-Compact I	False	0.38525954	-0.24650729	0.3844307	-0.5860684	0.49930114	0.43689033	0.4771889	0.83499146	0.43822673	0.09795412	1.4088124	3.258781	1.1027203	3.2728803	0.40969008	-0.31848362	0.50489235	-0.062038697	0.40944275	-0.5256737
ATR_235_set19__376	17055.233214243424	18273.013989528987	BEC	False	0.29176575	-1.4492116	0.37670645	-0.6745833	0.36587802	-1.540241	0.29075074	-1.8569137	0.2541014	-2.5254824	0.32013905	0.044432323	0.28962797	-0.08347647	0.41991994	-0.13561417	0.2221159	-3.0252516	0.31518972	-0.86030304
ATR_235_set19__417	17024.950334418078	18197.724005072825	vCM-LV-Compact II	False	0.27573127	-1.6554793	0.2174306	-2.4997807	0.34189656	-1.8956102	0.38468248	-0.50067127	0.2546653	-2.517448	0.7603779	1.3442539	0.57712555	1.1032823	0.2800638	-2.6356897	0.25306618	-2.7009237	0.22537835	-1.1791631
ATR_235_set19__445	17319.992133143394	18375.748612376286	vCM-LV-Compact I	False	0.3462265	-0.7486282	0.38128284	-0.62214094	0.45802012	-0.17483263	0.44270256	0.33705732	0.38216645	-0.7007985	1.4357386	3.3382814	1.0847663	3.1987681	0.3823887	-0.80652434	0.4989491	-0.12431786	0.41162804	-0.5179152
ATR_235_set19__460	17299.00006784082	18427.446360490292	vCM-LV-Compact I	False	0.38743	-0.21858631	0.43125203	-0.04952653	0.4945881	0.3670503	0.4610903	0.6025504	0.4432476	0.1694918	1.0074149	2.07364	0.7914346	1.9879267	0.3949888	-0.5812844	0.58916765	0.82108176	0.4224096	-0.47963712
ATR_235_set19__50	17300.81516769545	18321.994764445477	BEC	False	0.34509078	-0.7632384	0.35789627	-0.89013577	0.40096414	-1.020317	0.33923897	-1.1568117	0.3228814	-1.5454978	0.09272132	-0.62702703	0.15347907	-0.6454843	0.4323938	0.087369055	0.26746872	-2.5499995	0.31659016	-0.85533106
ATR_235_set19__515	17212.687204871392	18285.82384473725	vCM-LV-Compact II	False	0.34837663	-0.7209691	0.37537906	-0.6897944	0.45954153	-0.15228762	0.4527129	0.48159248	0.40484998	-0.37760124	1.404259	3.2453368	1.0646085	3.1155589	0.40062112	-0.48060092	0.49837798	-0.13030274	0.30211306	-0.9067295
ATR_235_set19__546	17156.89191314335	18215.69146481006	vCM-LV-Compact II	False	0.3393374	-0.8372497	0.3598276	-0.86800385	0.45586345	-0.20679133	0.42346978	0.059362978	0.3953499	-0.5129594	1.3828123	3.1820147	1.0790746	3.1752737	0.38644773	-0.73396516	0.5175216	0.07030336	0.4274341	-0.46179852
ATR_235_set19__549	17155.19170110766	18305.32987602696	vCM-LV-Compact I	False	0.3573709	-0.60526663	0.40111488	-0.39487863	0.47657186	0.1000764	0.45424724	0.5037462	0.3990494	-0.46024844	1.5546578	3.689395	1.1752094	3.5721076	0.4109718	-0.2955717	0.5069489	-0.040488236	0.45409673	-0.3671373
ATR_235_set19__565	17129.003173669167	18327.032431962238	vCM-LV-Compact I	False	0.34138042	-0.8109684	0.37652734	-0.67663586	0.45831022	-0.17053384	0.44107684	0.31358427	0.39676017	-0.49286568	1.3350744	3.041067	1.0217242	2.9385374	0.39152434	-0.6432153	0.50544477	-0.056249935	0.4331792	-0.44140148
ATR_235_set19__590	17047.886035713243	18397.099423026964	Neuronal	False	0.4077582	0.04291562	0.44486827	0.10650663	0.44791412	-0.32458842	0.37863714	-0.5879575	0.37274718	-0.8350051	0.20758377	-0.28789133	0.26809114	-0.17237815	0.5332978	1.891134	0.27500975	-2.470977	0.44914103	-0.3847317
ATR_235_set19__615	17264.57452438397	18350.873582493907	vCM-LV-Compact II	False	0.39433926	-0.1297057	0.41949546	-0.18424915	0.52026314	0.74751586	0.51369125	1.3620343	0.4460365	0.20922835	1.2177707	2.6947231	0.96978366	2.7241323	0.42664576	-0.015383095	0.57240474	0.6454233	0.34499353	-0.7544897
ATR_235_set19__652	17209.244526149552	18300.591550334513	Compact vFibro	False	0.41735718	0.1663968	0.40815714	-0.31417894	0.43676475	-0.48980552	0.3480079	-1.0302008	0.46274066	0.44723108	0.17836669	-0.37415585	0.26642403	-0.1792598	0.42871884	0.02167538	0.4337091	-0.8079674	0.7210863	0.5807638
ATR_235_set19__668	17025.642468312886	18318.8305269319	vCM-LV-Compact I	False	0.41652292	0.15566492	0.3826719	-0.6062233	0.45330316	-0.24473096	0.35388064	-0.9454065	0.45487517	0.3351628	0.31849396	0.03957514	0.32658342	0.0690716	0.43450478	0.12510519	0.49027818	-0.21518044	0.7859317	0.81098634
ATR_235_set19__824	17043.128380380396	18338.744781693287	vCM-RV-Hybrid	False	0.3273012	-0.99208343	0.30250862	-1.524842	0.4249592	-0.66474587	0.43507162	0.2268772	0.37830588	-0.7558042	1.2915773	2.91264	0.96640134	2.7101705	0.32159156	-1.8933375	0.4432453	-0.70803785	0.25327468	-1.0801219
ATR_235_set19__92	17267.381931160962	18198.423515193714	vCM-LV-Hybrid	False	0.38580182	-0.23953135	0.40005454	-0.40702942	0.5009908	0.46192876	0.49227893	1.0528705	0.43458077	0.046006158	1.4014153	3.2369409	1.0916125	3.2270284	0.41274697	-0.2638386	0.5317867	0.21978685	0.4476627	-0.38998023
ATR_236_set19__144	17172.383363717854	18647.668415603788	vCM-LV-Compact I	False	0.36744118	-0.47572273	0.40115738	-0.39439163	0.45704234	-0.18932192	0.4084086	-0.15809917	0.3058978	-1.7874819	0.1657019	-0.41154912	0.13897637	-0.7053499	0.3718468	-0.99497217	0.18321553	-3.4328883	0.40210858	-0.55171245
ATR_236_set19__155	17161.046333212948	18453.119708815724	vCM-LV-Compact I	False	0.3939719	-0.13443159	0.37600392	-0.6826339	0.48275498	0.19170097	0.49992663	1.1632925	0.42162716	-0.13855818	1.0108863	2.0838895	0.7995629	2.0214794	0.37216353	-0.98931015	0.4709771	-0.41743642	0.19979665	-1.2699865
ATR_236_set19__160	17161.68482706099	18681.923762684455	vCM-LV-Compact I	False	0.38735074	-0.2196061	0.44131345	0.0657707	0.5228817	0.7863189	0.48075417	0.8864691	0.4267937	-0.06494492	0.74591666	1.3015566	0.6338757	1.3375409	0.38700205	-0.72405607	0.47040996	-0.42337948	0.5111895	-0.16443908
ATR_236_set19__182	17138.744173194445	18559.40205379685	vCM-LV-Compact I	False	0.3062665	-1.2626741	0.38044068	-0.6317915	0.37119004	-1.4615247	0.43245175	0.18905006	0.25975358	-2.4449494	0.32448143	0.057253357	0.2865179	-0.09631454	0.33151063	-1.7160236	0.26524758	-2.5732749	0.20848171	-1.2391516
ATR_236_set19__187	17132.042960735365	18495.441434946704	vCM-LV-Compact II	False	0.30743667	-1.2476208	0.29780906	-1.5786959	0.36604136	-1.5378205	0.32573444	-1.3517983	0.2728143	-2.258859	0.4263598	0.35805306	0.33802354	0.1162952	0.3092375	-2.1141791	0.21691789	-3.0797217	0.18814085	-1.3113685
ATR_236_set19__269	17080.435737749303	18666.614347010764	vCM-LV-Compact I	False	0.34186414	-0.80474585	0.35305786	-0.9455808	0.457411	-0.18385902	0.45466033	0.50971067	0.39047152	-0.58246696	1.0504445	2.2006865	0.81101644	2.0687585	0.34222403	-1.5245103	0.42594832	-0.8892927	0.26391375	-1.0423497
ATR_236_set19__308	17046.127323909517	18629.312732165963	vCM-LV-Compact II	False	0.34249774	-0.7965952	0.3043266	-1.5040092	0.4532615	-0.24534835	0.47894	0.8602752	0.38831568	-0.6131836	1.1519881	2.5004978	0.9222479	2.5279098	0.34269243	-1.5161371	0.37786674	-1.3931394	0.12986273	-1.518275
ATR_236_set19__314	17040.320196925135	18572.33833545705	Pericyte	False	0.40160236	-0.03627323	0.4450491	0.10857895	0.41420555	-0.82409906	0.32219037	-1.4029695	0.44644198	0.21500582	0.17453125	-0.38548014	0.2192183	-0.37411994	0.45208186	0.43931404	0.43983054	-0.743821	0.6794298	0.43286952
ATR_236_set19__391	17275.670600218567	18681.44531006747	vCM-LV-Trabecular I	False	0.4050582	0.008182802	0.46744752	0.36525014	0.4720091	0.032463036	0.44167927	0.3222824	0.39942273	-0.45492914	0.7941967	1.4441053	0.62718606	1.3099266	0.36402813	-1.1347392	0.5166346	0.06100811	0.3812593	-0.62573427
ATR_236_set19__407	17169.91663714096	18562.849398652168	vCM-LV-Compact I	False	0.3960502	-0.10769601	0.39694107	-0.44270784	0.5226133	0.7823416	0.5175624	1.4179282	0.44494852	0.19372693	1.2622344	2.826004	1.0030938	2.861633	0.40646067	-0.3762127	0.57448435	0.66721547	0.3326071	-0.79846567
ATR_236_set19__503	17059.900287269476	18467.260301398197	vCM-LV-Compact II	False	0.30891436	-1.2286118	0.3527355	-0.9492749	0.41817644	-0.7652564	0.4215499	0.031642385	0.36294994	-0.9745973	1.3372649	3.0475342	1.0273737	2.9618576	0.36563274	-1.1060549	0.43798795	-0.7631295	0.3502933	-0.7356737
ATR_236_set19__520	17265.759413151718	18550.009030000245	Compact vFibro	False	0.4133997	0.11548777	0.40077975	-0.39871898	0.4287139	-0.6091072	0.40300715	-0.23608871	0.43220437	0.012146866	0.32969067	0.072633825	0.28405863	-0.10646609	0.45663604	0.52072483	0.41427526	-1.0116147	0.8296673	0.9662622
ATR_236_set19__59	17254.827567095228	18497.396099267364	Compact vFibro	False	0.46055093	0.7220414	0.47208497	0.4183923	0.47541162	0.08288346	0.39635563	-0.33212733	0.4696152	0.5451801	0.100207895	-0.6049226	0.20831047	-0.41914627	0.45107442	0.421305	0.50965214	-0.012160898	0.8465321	1.0261378
ATR_236_set19__63	17249.70551309969	18507.094584276605	vCM-LV-Compact I	False	0.38392648	-0.26365575	0.35861325	-0.88191956	0.50024396	0.4508616	0.4857315	0.958335	0.4282262	-0.044534404	1.355912	3.1025906	1.105604	3.284784	0.42053184	-0.12467579	0.55779314	0.4923084	0.25915644	-1.0592397
ATR_236_set19__662	17084.685510967873	18509.156922036167	BEC	False	0.2857059	-1.5271657	0.2617165	-1.992293	0.3116064	-2.344465	0.21480025	-2.9535322	0.28330404	-2.1094	0.03483421	-0.79794085	0.13917835	-0.7045162	0.33730838	-1.6123828	0.26306328	-2.5961642	0.16141015	-1.4062713
ATR_237_set19__130	16931.622213993774	18473.191242597328	BEC	False	0.32497746	-1.0219761	0.28384107	-1.73876	0.38456556	-1.2633195	0.32366133	-1.381731	0.27968657	-2.160942	0.10649246	-0.5863672	0.09367005	-0.8923695	0.37474447	-0.9431731	0.19564864	-3.3026018	0.25245517	-1.0830314
ATR_237_set19__214	16868.46622838194	18611.32221116174	vCM-LV-Compact I	False	0.21011092	-2.4996195	0.16105227	-3.1458397	0.29533538	-2.5855775	0.31284896	-1.5378464	0.21628122	-3.064348	1.3706838	3.146205	1.0094198	2.887746	0.27672	-2.695464	0.21758357	-3.0727458	0.14953125	-1.4484453
ATR_237_set19__288	16811.641105780414	18504.342486504087	Compact vFibro	False	0.37561098	-0.37062642	0.2993781	-1.5607158	0.42590463	-0.6507362	0.38296166	-0.52551746	0.41912603	-0.17419453	0.24961917	-0.16378026	0.2953697	-0.059775166	0.43057635	0.05488049	0.5238957	0.1370971	0.8969119	1.2050028
ATR_237_set19__368	16759.85715411879	18674.270087239624	vCM-LV-Compact II	False	0.36416063	-0.5179238	0.3757114	-0.68598586	0.48005632	0.15171085	0.4725251	0.76765275	0.408699	-0.3227599	1.4918009	3.5038075	1.1339443	3.4017696	0.40948302	-0.32218513	0.50042206	-0.10888283	0.37347558	-0.653369
ATR_237_set19__378	16758.189013844698	18528.39563500992	vCM-LV-Compact I	False	0.3549533	-0.63636696	0.38813144	-0.5436604	0.47365943	0.056918513	0.46306306	0.6310344	0.4061089	-0.35966417	1.4573163	3.4019904	1.1121597	3.3118453	0.40369165	-0.4257119	0.5036816	-0.07472613	0.4328536	-0.44255742
ATR_237_set19__381	16752.263117472496	18538.960240318047	vCM-LV-Compact I	False	0.3103039	-1.2107369	0.29416773	-1.6204233	0.42094737	-0.72419536	0.42015544	0.011508472	0.36239058	-0.9825671	1.3765022	3.1633837	1.0755609	3.1607695	0.3458664	-1.4593989	0.4433556	-0.70688206	0.26639473	-1.0335413
ATR_237_set19__420	16724.39308220918	18529.11333121575	vCM-LV-Compact II	False	0.3465211	-0.74483854	0.3762008	-0.68037784	0.46461126	-0.07716176	0.43124822	0.17167267	0.39252257	-0.55324334	1.4382813	3.345789	1.0673196	3.1267502	0.39267337	-0.6226752	0.48219037	-0.2999326	0.40512785	-0.54099303
ATR_237_set19__486	16974.15150462232	18620.761235444308	Proliferating vFibro	False	0.42181176	0.22370057	0.38015217	-0.6350977	0.45343778	-0.24273613	0.38771835	-0.45683753	0.43841052	0.10057279	0.27020794	-0.102991134	0.30686793	-0.012311794	0.45859757	0.55578923	0.4812172	-0.3101304	0.8924959	1.1893243
ATR_237_set19__510	16932.23389488896	18529.059865472846	BEC	False	0.35940677	-0.57907736	0.3425926	-1.0655059	0.42150137	-0.71598595	0.35394263	-0.9445115	0.28808323	-2.0413058	0.15508129	-0.4429069	0.15291569	-0.6478099	0.435219	0.13787249	0.29438487	-2.2679455	0.43309656	-0.4416949
ATR_237_set19__527	16894.386980845175	18620.331064030972	vCM-LV-Compact I	False	0.39617127	-0.10613873	0.41626084	-0.22131585	0.5108709	0.60833657	0.49789938	1.134022	0.45020556	0.26862976	1.3266885	3.016307	1.0446739	3.0332713	0.4323239	0.08611976	0.57431924	0.6654853	0.45169544	-0.3756627
ATR_237_set19__542	16889.191764352556	18575.10878179084	BEC	False	0.326965	-0.99640834	0.32463056	-1.271339	0.39423102	-1.1200918	0.33145374	-1.2692195	0.29722166	-1.9111004	0.07384324	-0.68276525	0.12666935	-0.756152	0.44801584	0.36662963	0.28021172	-2.4164658	0.40909877	-0.5268949
ATR_237_set19__56	16988.058052785243	18682.439031691807	vCM-LV-Compact I	False	0.40973592	0.06835692	0.41511703	-0.23442319	0.52033454	0.748574	0.48996016	1.0193908	0.47035235	0.55568326	1.3497319	3.0843437	1.0719429	3.1458347	0.44555017	0.32255328	0.56200874	0.53648365	0.42579252	-0.46762663
ATR_237_set19__583	16835.470259731184	18572.320634962394	vCM-LV-Compact I	False	0.21176769	-2.478307	0.19077817	-2.8052003	0.30908445	-2.381837	0.31528938	-1.5026102	0.29526827	-1.9389325	1.1858683	2.6005301	0.92670685	2.546316	0.28459448	-2.5546992	0.26895776	-2.534396	0.17131676	-1.3710996
ATR_237_set19__618	16797.568795712657	18667.59739740227	vCM-LV-Compact I	False	0.40501985	0.0076893955	0.4203633	-0.17430423	0.5203733	0.74914813	0.5013868	1.1843756	0.45831582	0.3841855	1.3148482	2.981348	1.0319585	2.9807832	0.4211395	-0.11381306	0.53131914	0.21488751	0.3831774	-0.6189244
ATR_237_set19__649	16736.60804423808	18599.494101434182	Pericyte	False	0.40449348	0.00091818825	0.42114207	-0.16538009	0.43560097	-0.507051	0.4101602	-0.1328085	0.42103642	-0.14697513	0.13763836	-0.49440777	0.21226133	-0.40283754	0.4237673	-0.06683855	0.32846537	-1.9108161	0.76425266	0.73401856
ATR_237_set19__651	16723.221203210065	18674.214695070077	BEC	False	0.36271662	-0.5364995	0.35380858	-0.936978	0.39766863	-1.0691515	0.33021846	-1.2870551	0.30581614	-1.7886454	0.11958979	-0.5476968	0.14243457	-0.69107485	0.40821135	-0.3449175	0.23146175	-2.9273162	0.38020438	-0.6294796
ATR_237_set19__669	17010.625825632185	18639.673587545756	BEC	False	0.37579146	-0.36830467	0.39462152	-0.46928832	0.42253667	-0.7006443	0.36289653	-0.8152297	0.3156081	-1.6491283	0.134935	-0.50238955	0.17990083	-0.5364182	0.46938235	0.7485784	0.28991157	-2.314821	0.4280517	-0.45960575
ATR_237_set19__690	16913.35705691921	18740.271773075132	BEC	False	0.35704455	-0.609465	0.3577232	-0.89211893	0.41830444	-0.7633596	0.3377167	-1.1787912	0.33370513	-1.3912803	0.47668928	0.5066527	0.3933069	0.34449893	0.4446915	0.30720374	0.30061477	-2.2026622	0.39060146	-0.5925665
ATR_237_set19__733	16933.9829924035	18489.457093562694	vCM-RV-Proliferating	False	0.36848438	-0.462303	0.36500156	-0.80871373	0.48361856	0.20449796	0.48729026	0.98084116	0.41125086	-0.28640082	1.1972723	2.634201	0.9450156	2.6218925	0.40701568	-0.36629134	0.4675506	-0.45334262	0.2952722	-0.93101686
ATR_237_set19__782	16919.129102139093	18721.081459203884	vCM-LV-Compact I	False	0.17855015	-2.9056172	0.14399643	-3.3412883	0.2640746	-3.0488155	0.29608238	-1.7799324	0.20025651	-3.2926698	1.3774806	3.1662729	0.98866475	2.8020713	0.26057562	-2.9840615	0.19595131	-3.2994301	0.08444019	-1.6795402
ATR_237_set19__824	16914.79557947538	18660.482718533916	vCM-LV-Compact II	False	0.2531172	-1.9463866	0.22304992	-2.435387	0.3515111	-1.7531374	0.3912146	-0.40635645	0.26982334	-2.3014743	1.3610278	3.1176953	1.0521247	3.0640273	0.28370333	-2.5706294	0.30749723	-2.130541	0.115546376	-1.5691029
ATR_238_set19__160	16890.547811573426	18156.340143863225	vCM-LV-Compact I	False	0.35427585	-0.6450815	0.39029187	-0.5189033	0.47979146	0.14778613	0.45712084	0.54523695	0.40206602	-0.41726732	1.4982228	3.5227687	1.1271111	3.3735628	0.40486398	-0.4047552	0.5284428	0.18474635	0.4402826	-0.416182
ATR_238_set19__164	16888.256981327475	18209.126552358623	Proliferating vFibro	False	0.47924796	0.96255994	0.451588	0.18351045	0.4952675	0.37711805	0.405802	-0.19573483	0.51620525	1.209	0.09810189	-0.61114067	0.19510399	-0.47366118	0.4207864	-0.120125055	0.59889066	0.9229691	0.78451824	0.8059681
ATR_238_set19__198	16864.241673637218	18378.56188081872	vCM-LV-Compact II	False	0.24485052	-2.0527294	0.21174276	-2.5649598	0.34687293	-1.821868	0.37035605	-0.7075247	0.30446738	-1.8078626	1.2431444	2.76964	0.96399176	2.700224	0.2885422	-2.4841292	0.3012369	-2.1961432	0.2405029	-1.125466
ATR_238_set19__226	16846.3688678045	18436.606162599754	vCM-LV-Compact II	False	0.4100952	0.07297891	0.4271761	-0.096234195	0.5126676	0.6349613	0.48028055	0.8796307	0.4318899	0.007666207	1.2081215	2.6662338	1.0003122	2.8501508	0.4997217	1.2909265	0.51114446	0.00347713	0.3328495	-0.79760504
ATR_238_set19__239	16822.404976843914	18141.00121826529	vCM-LV-Trabecular I	False	0.36648697	-0.4879977	0.35546973	-0.9179423	0.4739324	0.060963362	0.5010476	1.1794779	0.40730396	-0.34263664	1.1414698	2.4694421	0.9151658	2.4986756	0.42044923	-0.12615256	0.49967805	-0.116679356	0.2039737	-1.2551566
ATR_238_set19__259	16815.264454209784	18384.732767463196	vCM-LV-Compact I	False	0.37420937	-0.38865665	0.2287322	-2.3702717	0.48382342	0.2075337	0.53494495	1.668908	0.28165534	-2.132891	0.7208179	1.2274517	0.45776433	0.61057216	0.41295555	-0.2601099	0.3161781	-2.0395741	0.5489956	-0.030214978
ATR_238_set19__336	16754.24148564409	18284.918511250366	vCM-LV-Compact I	False	0.33910418	-0.84025	0.37316567	-0.7151584	0.4613226	-0.12589474	0.4381732	0.27165976	0.39118636	-0.5722819	1.4147093	3.276192	1.0609276	3.1003647	0.39187625	-0.6369246	0.5130696	0.02365098	0.40215954	-0.5515315
ATR_238_set19__341	16753.82546122816	18355.78205292698	vCM-LV-Compact II	False	0.39735708	-0.09088454	0.3672607	-0.7828255	0.5067371	0.5470804	0.5020831	1.1944293	0.4284074	-0.041952673	1.2551628	2.805125	1.0513676	3.060902	0.4415694	0.25139254	0.5033204	-0.078511186	0.33183432	-0.8012093
ATR_238_set19__437	16980.97169290464	18175.614670608204	Compact vFibro	False	0.47944403	0.9650822	0.4481305	0.14388956	0.50437236	0.5120383	0.43004844	0.1543495	0.49315655	0.8805998	0.2136915	-0.26985803	0.29917124	-0.044082887	0.46544752	0.67823917	0.5599441	0.51484823	0.9354036	1.3416609
ATR_238_set19__495	16859.422158048597	18308.49893926578	vCM-LV-Compact I	False	0.28873187	-1.4882394	0.3156501	-1.3742492	0.40227243	-1.0009301	0.38571715	-0.485732	0.34132522	-1.2827084	1.434185	3.3336947	1.0783237	3.172174	0.34915528	-1.400607	0.4401014	-0.74098283	0.30021206	-0.91347873
ATR_238_set19__563	16757.19018033014	18432.95632037358	vCM-LV-Compact II	False	0.30711806	-1.2517195	0.28936097	-1.6755056	0.4028841	-0.9918661	0.43705624	0.2555324	0.3621202	-0.98641926	1.082319	2.2947972	0.83314145	2.160088	0.3659631	-1.1001494	0.37241918	-1.4502243	0.140731	-1.4796891
ATR_238_set19__584	16974.750690024903	18377.28246086	Proliferating vFibro	False	0.37936768	-0.3223002	0.37303522	-0.7166532	0.4484781	-0.31623107	0.4139231	-0.0784775	0.3642892	-0.9555154	0.43089983	0.37145767	0.37669966	0.275946	0.42123774	-0.11205713	0.39472896	-1.2164403	0.52969414	-0.09874158
ATR_238_set19__587	16942.572574344344	18272.385790199518	vCM-LV-Compact I	False	0.30947986	-1.2213372	0.33950025	-1.1009421	0.4247863	-0.6673082	0.3943582	-0.36096758	0.3624642	-0.9815182	1.4514127	3.3845599	1.0900565	3.2206056	0.36192197	-1.1723889	0.45055276	-0.63146293	0.35396862	-0.7226252
ATR_238_set19__617	16727.976482382168	18239.38569335244	vCM-LV-Compact I	False	0.34445703	-0.77139086	0.37122014	-0.73745286	0.45922926	-0.15691498	0.44927394	0.43193886	0.39914578	-0.45887518	1.3009391	2.940281	0.99096495	2.8115664	0.38904035	-0.68761927	0.4977763	-0.13660774	0.35004222	-0.7365652
ATR_238_set19__835	16879.305859181823	18404.685501312877	vCM-LV-Compact I	False	0.26339674	-1.8141507	0.26496768	-1.9550368	0.3714646	-1.457456	0.3598792	-0.8587958	0.3331805	-1.3987554	1.329024	3.0232027	1.0128067	2.9017265	0.30937797	-2.111668	0.4135021	-1.0197166	0.3232142	-0.8318135
ATR_238_set19__86	16959.78380384714	18398.399905200673	vCM-LV-Compact I	False	0.34365034	-0.78176814	0.34749284	-1.0093522	0.44650555	-0.3454614	0.43318546	0.1996437	0.39315042	-0.54429775	1.2507957	2.7922308	0.98393583	2.782551	0.34677073	-1.4432331	0.43225467	-0.8232085	0.31139448	-0.8737774
ATR_240_set19__265	16529.863461911642	18513.236148485306	Compact vFibro	False	0.47125286	0.859711	0.4695194	0.38899264	0.50096995	0.46161962	0.406738	-0.18222028	0.49249354	0.8711531	0.09649099	-0.61589694	0.22623037	-0.34517488	0.46498445	0.66996133	0.5538281	0.450759	0.9124332	1.2601085
ATR_240_set19__272	16530.014764488336	18692.746456664507	vCM-LV-Compact I	False	0.39175647	-0.16293068	0.37662113	-0.6755611	0.47763225	0.11578989	0.45318383	0.4883921	0.3564233	-1.0675896	0.62951595	0.9578791	0.41983345	0.4539976	0.4251071	-0.042888336	0.37934157	-1.3776846	0.08976028	-1.660652
ATR_240_set19__505	16650.06368394615	18650.510157470275	Compact vFibro	False	0.4660228	0.79243135	0.44090557	0.061096724	0.49389917	0.35684124	0.4106792	-0.1253152	0.47235948	0.58428097	0.18832637	-0.3447495	0.26316497	-0.19271287	0.480636	0.94974935	0.57048255	0.6252807	0.8484795	1.0330517
ATR_240_set19__542	16608.104288337403	18697.905162097803	Epicardial	False	0.4148093	0.13362074	0.41046682	-0.2877115	0.430676	-0.58003145	0.3386442	-1.1653993	0.44673917	0.21924019	0.08704327	-0.6437917	0.18632048	-0.5099186	0.42553088	-0.03531266	0.48803082	-0.23873055	0.85718375	1.0639546
ATR_240_set19__545	16620.24039531756	18724.628365609235	VSMC	False	0.4415827	0.4780341	0.46382385	0.3237253	0.45927522	-0.156234	0.40631822	-0.18828154	0.411481	-0.28312185	0.16758329	-0.40599427	0.22831191	-0.33658248	0.46960744	0.7526023	0.35573646	-1.6250424	0.9867379	1.5239147
ATR_240_set19__610	16494.508113872114	18503.022363999506	EPDC	False	0.5047196	1.2902274	0.5301176	1.0834081	0.5154748	0.6765598	0.4292608	0.14297701	0.5258182	1.3459667	0.080498904	-0.66311413	0.2321216	-0.3208565	0.48432603	1.0157126	0.53898066	0.29517254	0.9110775	1.2552953
ATR_240_set19__652	16652.735107702123	18552.909782099763	BEC	False	0.29336643	-1.4286205	0.25282297	-2.0942073	0.3142751	-2.3049192	0.3111802	-1.5619409	0.24533693	-2.6503592	0.23976105	-0.19288671	0.18863007	-0.5003848	0.29827997	-2.3100567	0.14726208	-3.8096442	0.19947252	-1.2711374
ATR_240_set19__811	16623.682058338192	18630.811088264247	Epicardial	False	0.35212165	-0.67279315	0.33332098	-1.1717526	0.38190222	-1.3027862	0.2641846	-2.2404916	0.40340996	-0.39811876	0.10642041	-0.5865799	0.2352562	-0.30791724	0.39655557	-0.5532768	0.41335416	-1.0212669	0.8175387	0.92320156
ATR_240_set19__838	16490.533489560672	18713.16910742518	Pericyte	False	0.30647075	-1.2600465	0.21744311	-2.4996374	0.3246024	-2.151884	0.29578114	-1.7842818	0.3227835	-1.5468928	0.14975363	-0.458637	0.1956566	-0.47138008	0.38960394	-0.6775445	0.35191226	-1.6651162	0.63305604	0.26822728
ATR_241_set19__245	16264.121009495622	19196.010699431055	vCM-LV-Compact I	False	0.4569198	0.67533034	0.42489433	-0.12238163	0.50799716	0.5657523	0.45215994	0.4736086	0.4822609	0.72535765	0.50323117	0.58501863	0.45805353	0.6117659	0.47090492	0.775796	0.51097125	0.0016620519	0.8310591	0.9712035
ATR_241_set19__304	16101.171565475683	19181.282099539036	Compact vFibro	False	0.44123954	0.47361952	0.40189984	-0.38588348	0.45084202	-0.2812013	0.37334552	-0.66436094	0.42841586	-0.041832082	0.22417639	-0.238901	0.22661191	-0.34359992	0.5111299	1.4948602	0.43856147	-0.7571196	0.86529136	1.0927393
ATR_241_set19__321	16132.26993731399	19131.727853183304	BEC	False	0.40169048	-0.035139583	0.4530522	0.20028909	0.5168675	0.69719785	0.45922273	0.5755854	0.43699184	0.080359295	0.9457417	1.8915476	0.7608216	1.8615596	0.4397292	0.21849748	0.52478784	0.14644608	0.33736795	-0.78156304
ATR_241_set19__41	16251.974118885946	19160.698021373715	vCM-RV-AV	False	0.3500877	-0.69895786	0.40234396	-0.3807942	0.41091582	-0.872848	0.37459993	-0.64624906	0.33859843	-1.32156	0.18910006	-0.3424652	0.21747115	-0.38133198	0.43747503	0.1782015	0.28963602	-2.3177087	0.36469907	-0.6845285
ATR_241_set19__414	16168.686842269753	19210.681466526734	Compact vFibro	False	0.34621656	-0.7487563	0.36431482	-0.8165833	0.3787551	-1.3494219	0.29772806	-1.756171	0.4024738	-0.41145715	0.06814427	-0.6995917	0.15949944	-0.62063295	0.38462692	-0.76651394	0.4496368	-0.6410614	0.81704795	0.9214593
ATR_241_set19__75	16218.69363982562	19176.090130906006	vCM-LV-Compact I	False	0.41652602	0.1557048	0.43112087	-0.05102954	0.5268788	0.84554976	0.5303766	1.6029476	0.46334514	0.45584378	1.3256589	3.0132673	1.0869246	3.2076771	0.44995832	0.4013536	0.6176893	1.1199601	0.30166844	-0.9083081
ATR_242_set19__11	16290.590278980004	19668.738086541827	vCM-LV-Compact I	False	0.41215622	0.09949174	0.42706224	-0.097538784	0.5348807	0.9641263	0.53553766	1.6774658	0.4507072	0.27577707	1.3289361	3.0229433	1.0303614	2.9741907	0.43836683	0.19414344	0.6407132	1.3612274	0.33683455	-0.7834568
ATR_242_set19__135	16148.832609493704	19465.459934667437	Epicardial	False	0.5141439	1.4114612	0.5113033	0.8678089	0.49388453	0.3566244	0.4083285	-0.15925583	0.5409507	1.5615759	0.09318355	-0.62566227	0.16303061	-0.60605663	0.43154046	0.072114885	0.53276485	0.23003711	0.9052556	1.2346256
ATR_242_set19__154	16124.67085024745	19587.510998048514	VIC	True	0.37320337	-0.40159792	0.30744854	-1.4682338	0.38052127	-1.3232498	0.32521796	-1.3592554	0.38526568	-0.6566403	0.35926488	0.1599528	0.32184002	0.049491372	0.39445022	-0.5909122	0.41228226	-1.0324993	0.77650094	0.777504
ATR_242_set19__218	16212.729818317843	19534.581632723264	LEC	False	0.44773093	0.55712485	0.4213223	-0.16331495	0.43588275	-0.50287545	0.30493447	-1.6521206	0.419953	-0.162412	0.26632154	-0.114465885	0.2551358	-0.22585638	0.4368024	0.16617738	0.45489004	-0.5860126	0.8062749	0.8832114
ATR_242_set19__243	16111.918449818591	19447.087145807367	VIC	True	0.4449603	0.5214834	0.4723939	0.42193246	0.47072613	0.013451483	0.32130122	-1.4158076	0.4990484	0.96454763	0.14908999	-0.4605964	0.21959437	-0.37256753	0.39119253	-0.6491469	0.4382507	-0.7603763	0.89975905	1.215111
ATR_242_set19__293	16211.874523563982	19661.230676356652	vCM-RV-Hybrid	False	0.31405964	-1.1624229	0.32311994	-1.2886498	0.42213762	-0.7065577	0.4221734	0.040645197	0.35610992	-1.0720545	1.4731194	3.4486496	1.1128529	3.3147068	0.3730484	-0.9734923	0.43279764	-0.8175188	0.38471344	-0.6134709
ATR_242_set19__32	16255.75125363792	19480.863595373125	LEC	False	0.50661033	1.3145497	0.5334656	1.1217746	0.5465023	1.136341	0.45226428	0.47511512	0.4587465	0.3903218	0.28715056	-0.052967418	0.3309918	0.08726895	0.55752766	2.3242688	0.47372252	-0.3886672	0.7738059	0.7679358
ATR_242_set19__35	16260.033584049692	19387.58120880538	BEC	False	0.40565073	0.015805107	0.4980217	0.7156102	0.41514346	-0.8102007	0.33243057	-1.2551155	0.3658005	-0.93398213	0.11646146	-0.55693334	0.1452623	-0.6794023	0.42659062	-0.016368678	0.3125804	-2.0772746	0.73908985	0.6446823
ATR_242_set19__5	16407.78933521302	19577.99488216097	BEC	False	0.29060093	-1.464196	0.31077662	-1.4300961	0.35599765	-1.6866531	0.3370936	-1.187788	0.2793396	-2.1658857	0.1482598	-0.46304756	0.18424219	-0.5184975	0.39781195	-0.53081775	0.17638816	-3.5044324	0.53811073	-0.0688599
ATR_242_set19__70	16217.41022697845	19516.110918687846	LEC	False	0.48896882	1.0876092	0.49894267	0.7261641	0.53338885	0.9420194	0.42943007	0.14542113	0.45757803	0.37367344	0.16003436	-0.42828274	0.25211498	-0.23832601	0.52491385	1.7412624	0.43893248	-0.7532318	0.8757215	1.1297698
ATR_242_set19__81	16211.26246700849	19583.04900955512	LEC	False	0.4886323	1.0832801	0.44656804	0.12598495	0.51211894	0.626831	0.4326512	0.19192965	0.477178	0.65293586	0.31867272	0.040102918	0.32644525	0.06850128	0.5001058	1.2977924	0.54482955	0.356463	0.8485789	1.0334045
ATR_243_set19__203	15936.588669501174	19828.712414336467	VIC	True	0.47654682	0.9278126	0.4969176	0.7029581	0.4895169	0.29190278	0.4175401	-0.026253259	0.49358603	0.8867191	0.16649777	-0.4091993	0.20550056	-0.43074527	0.46451485	0.66156685	0.62023103	1.1465948	0.79918385	0.8580358
ATR_243_set19__252	15902.602708887705	19716.227636075462	vCM-RV-AV	False	0.50865006	1.3407887	0.55534244	1.3724686	0.5400467	1.0406786	0.50603956	1.2515547	0.5118818	1.1473994	0.6019091	0.8763689	0.54540896	0.9723597	0.48039326	0.94541013	0.4989353	-0.124462456	0.8763799	1.1321073
ATR_243_set19__261	15898.933001414536	19913.472919725875	VIC	True	0.49197268	1.1262509	0.5321819	1.1070641	0.5039864	0.5063192	0.43568927	0.23579524	0.53161657	1.4285821	0.1864904	-0.35017028	0.18567576	-0.5125799	0.46689957	0.7041963	0.69190985	1.8977166	0.6882635	0.4642319
ATR_243_set19__300	15877.587346854354	19847.970226111527	VIC	True	0.48756042	1.0694915	0.5084915	0.83558756	0.50512874	0.52324677	0.42045483	0.015831303	0.5187278	1.2449412	0.24598044	-0.17452374	0.28254226	-0.11272551	0.4671687	0.70900697	0.5327566	0.22995092	0.896492	1.203512
ATR_243_set19__362	15837.748552564824	19930.525595995572	VIC	True	0.53482306	1.6774782	0.58745104	1.7404122	0.5492795	1.1774952	0.49600157	1.1066202	0.5527429	1.7295921	0.24081466	-0.18977591	0.27892032	-0.12767647	0.49013937	1.119632	0.7249042	2.243464	0.8303592	0.9687187
ATR_243_set19__363	15837.567482517212	19881.605713027355	VIC	True	0.57304054	2.1691082	0.6198432	2.1116052	0.58231944	1.6670976	0.4817016	0.90014887	0.6067354	2.4988828	0.28394973	-0.062417984	0.3296364	0.081673965	0.5408036	2.0253086	0.7590601	2.6013837	0.86170685	1.0800132
ATR_243_set19__365	15832.508049482523	19907.75662373873	VIC	True	0.4115644	0.09187864	0.3909967	-0.51082647	0.44100812	-0.42692503	0.37548655	-0.6334475	0.42913917	-0.031526394	0.17060249	-0.39707997	0.21188176	-0.4044044	0.4278849	0.006768029	0.51276904	0.020501139	0.6838193	0.44845358
ATR_243_set19__390	15817.636361663195	19887.865280594877	VIC	True	0.49744543	1.1966523	0.5113016	0.86778903	0.51731074	0.70376575	0.4063925	-0.18720879	0.543607	1.5994228	0.15011178	-0.45757952	0.22306477	-0.35824215	0.45683762	0.52432835	0.6080123	1.0185549	0.7716535	0.7602939
ATR_243_set19__470	15985.356953122813	19917.16355414691	Compact vFibro	False	0.42636457	0.28226796	0.4014645	-0.39087233	0.4494953	-0.30115795	0.40650213	-0.18562613	0.44511914	0.19615792	0.38253233	0.22865081	0.34559646	0.1475554	0.4157284	-0.2105425	0.46076512	-0.5244477	0.64017415	0.29349893
ATR_243_set19__472	15971.223378158216	19966.126187192713	Pericyte	False	0.36680895	-0.4838557	0.36284074	-0.8334753	0.38598186	-1.2423321	0.3279675	-1.319556	0.37493676	-0.8038078	0.14396179	-0.47573763	0.19930598	-0.45631582	0.4328994	0.09640712	0.30331445	-2.1743724	0.72119826	0.58116126
ATR_243_set19__521	15992.361548213006	19772.417100092593	VIC	True	0.57517105	2.1965148	0.61572105	2.064368	0.5638609	1.3935695	0.45089298	0.45531553	0.5908232	2.2721636	0.20724764	-0.28888378	0.2896384	-0.08343341	0.55890703	2.3489263	0.6885103	1.8620927	0.70542693	0.5251678
ATR_243_set19__553	15902.15604143504	19870.192564930105	VIC	True	0.52039653	1.4918953	0.5625724	1.4553195	0.52506405	0.81865823	0.45869392	0.5679501	0.54906803	1.6772323	0.137875	-0.49370906	0.21944134	-0.37319925	0.4942907	1.1938417	0.64594984	1.4161019	0.76297	0.7294646
ATR_243_set19__655	15902.131904228296	19747.038267147032	vCM-RV-Hybrid	False	0.40401983	-0.005174825	0.43557397	0.0	0.508576	0.5743296	0.49100807	1.0345211	0.4544805	0.32953948	1.2693268	2.8469446	1.0248243	2.951334	0.4517957	0.4341986	0.5903169	0.83312464	0.3738507	-0.6520372
ATR_243_set19__666	15823.813878865865	19776.82929464173	VIC	True	0.409295	0.06268485	0.4960313	0.6928018	0.45079482	-0.28190085	0.40409547	-0.22037488	0.4474402	0.22922868	0.20717183	-0.28910762	0.27495512	-0.14404438	0.41775018	-0.17440088	0.51809275	0.076288246	0.88390785	1.158834
ATR_243_set19__683	15960.232900064033	19765.26121284651	vCM-RV-Hybrid	False	0.41716695	0.1639497	0.43295074	-0.030060507	0.5428385	1.0820493	0.52502686	1.5257046	0.46002725	0.4085701	1.3272947	3.018097	1.0641658	3.1137316	0.447693	0.36085838	0.628573	1.2340102	0.290809	-0.94686264
ATR_243_set19__697	15849.249681261072	19814.260275515	vCM-RV-Proliferating	False	0.43868828	0.44080016	0.41898036	-0.1901519	0.54702926	1.1441498	0.49636963	1.1119344	0.44650117	0.21584912	1.006184	2.0700057	0.7351305	1.7555095	0.473903	0.82938987	0.54257643	0.3328526	0.19265488	-1.2953422
ATR_243_set19__720	15905.166176162795	19799.015957239968	vCM-LV-Compact I	False	0.39950332	-0.06327525	0.3783409	-0.6558536	0.50715977	0.55334353	0.514641	1.3757472	0.44936705	0.2566825	1.233219	2.740335	0.9537314	2.6578705	0.4440919	0.29648486	0.5761047	0.68419516	0.36320177	-0.6898444
ATR_244_set19__116	16336.158324470705	19763.986343173776	WBC	False	0.31750458	-1.1181072	0.23869005	-2.2561612	0.37224522	-1.4458885	0.31608793	-1.4910803	0.2524904	-2.548436	0.0446804	-0.7688696	0.05259976	-1.0619032	0.3637423	-1.1398487	0.17269252	-3.5431588	0.25470924	-1.0750288
ATR_244_set19__129	16321.243706459942	19879.137802392954	vCM-RV-Hybrid	False	0.31467968	-1.1544467	0.34657934	-1.0198203	0.45071936	-0.28301904	0.45171058	0.4671205	0.3635658	-0.96582234	1.3783327	3.1687887	1.1808981	3.5955896	0.3729916	-0.97450775	0.4670779	-0.458296	0.29001555	-0.9496797
ATR_244_set19__152	16312.1250999131	19973.647361705167	VIC	True	0.45250827	0.6185806	0.4844622	0.56022733	0.4714431	0.024075678	0.38230616	-0.53498197	0.4809207	0.7062622	0.22925672	-0.22390115	0.28126836	-0.117984034	0.46645176	0.6961912	0.49388802	-0.177353	0.86338794	1.0859816
ATR_244_set19__173	16294.44124994305	19767.43335660433	vCM-RV-Hybrid	False	0.4095923	0.06650942	0.3888017	-0.53597975	0.4606991	-0.135134	0.40339702	-0.23045948	0.36650324	-0.92396945	0.26159805	-0.12841216	0.31679484	0.028665435	0.47279528	0.8095882	0.33216396	-1.8720585	0.49852556	-0.20940033
ATR_244_set19__204	16269.114179137683	19815.310068766255	Compact vFibro	False	0.3636308	-0.52473944	0.32507074	-1.266295	0.38069642	-1.3206544	0.35452726	-0.9360702	0.36243498	-0.98193437	0.814717	1.5046922	0.58807737	1.1484902	0.3525332	-1.3402232	0.34275967	-1.7610261	0.72896224	0.60872597
ATR_244_set19__235	16239.497345437483	19817.097426640197	Epicardial	False	0.40788156	0.04450242	0.42003366	-0.17808172	0.41727412	-0.7786275	0.3512288	-0.9836954	0.45767736	0.37508872	0.2130061	-0.27188173	0.23947662	-0.29049578	0.3940985	-0.59719974	0.44799548	-0.65826064	0.73481643	0.6295103
ATR_244_set19__275	16207.057347096203	19698.937369762545	vCM-LV-Compact II	False	0.37017354	-0.44057357	0.34258002	-1.06565	0.4338114	-0.53356975	0.50198793	1.1930549	0.35377023	-1.1053907	0.9109113	1.7887095	0.683217	1.5412163	0.34046212	-1.5560063	0.36663494	-1.5108374	0.182428	-1.331651
ATR_244_set19__334	16165.081866555016	19708.42457204988	Compact vFibro	False	0.27936924	-1.6086804	0.15493819	-3.215903	0.3007408	-2.505477	0.2855664	-1.9317684	0.266492	-2.3489397	0.49705735	0.5667902	0.4200223	0.4547772	0.2983939	-2.3080199	0.25332063	-2.6982572	0.5304822	-0.09594381
ATR_244_set19__432	16297.58905432786	19722.911974586972	vCM-LV-Compact I	False	0.36659727	-0.48657882	0.3786554	-0.6522496	0.47873685	0.13215831	0.49986434	1.1623932	0.40802932	-0.33230168	1.1015872	2.351687	0.8783992	2.3469071	0.3472224	-1.4351594	0.50517964	-0.05902814	0.18790905	-1.3121914
ATR_244_set19__465	16164.002950250064	19761.30826451887	vCM-RV-Hybrid	False	0.32616192	-1.0067391	0.35579345	-0.91423273	0.45306042	-0.248328	0.42424375	0.07053796	0.37028134	-0.8701387	1.4964508	3.5175366	1.1260747	3.3692846	0.3807177	-0.8363955	0.49885914	-0.1252607	0.37194142	-0.6588158
ATR_244_set19__515	16317.603785953303	19713.909486294142	vCM-RV-Trabecular	False	0.3628846	-0.5343384	0.35979876	-0.8683345	0.48262253	0.18973838	0.44548827	0.3772791	0.41891652	-0.17717966	1.4360125	3.3390903	1.0855998	3.2022088	0.4132067	-0.25562042	0.4545363	-0.5897196	0.5387708	-0.06651646
ATR_244_set19__551	16193.001765425508	19898.950941535175	vCM-RV-Hybrid	False	0.3682619	-0.4651649	0.38347688	-0.5969986	0.49006024	0.29995406	0.48646697	0.968954	0.42495456	-0.091149054	1.4948859	3.5129163	1.1465282	3.4537148	0.426253	-0.022404179	0.512911	0.021988928	0.384997	-0.61246413
ATR_244_set19__587	16408.90152526164	19883.60440286974	VIC	True	0.4647048	0.7754769	0.5005606	0.74470425	0.5092917	0.5849357	0.4923448	1.0538216	0.48345822	0.742417	0.2898893	-0.044881176	0.2955588	-0.058994602	0.45069754	0.4145679	0.5496026	0.40648007	0.80763507	0.8880404
ATR_244_set19__620	16391.02969868446	19948.952598345884	VIC	True	0.4233419	0.2433843	0.47089723	0.40478155	0.44542104	-0.36153218	0.35261223	-0.9637207	0.4257617	-0.07964889	0.13251318	-0.5095401	0.22943145	-0.33196115	0.42622095	-0.022976883	0.44804117	-0.6577819	0.690881	0.47352502
ATR_244_set19__681	16175.62428187018	19951.977569073213	BEC	False	0.3056102	-1.2711165	0.37218478	-0.7263987	0.35791242	-1.6582792	0.28088737	-1.9993271	0.26982915	-2.3013916	0.073525555	-0.68370324	0.08149017	-0.94264674	0.39421442	-0.59512734	0.20286182	-3.227015	0.3699666	-0.6658271
ATR_244_set19__686	16159.80724228948	19841.53910519258	vCM-RV-Hybrid	False	0.3625866	-0.5381722	0.38784078	-0.5469912	0.48401546	0.21037953	0.47417265	0.79144126	0.41775563	-0.19372013	1.5413183	3.6500096	1.1728098	3.5622025	0.41580322	-0.20920476	0.5185259	0.08082719	0.42976797	-0.4535125
ATR_244_set19__81	16371.517540801966	19927.91530700409	VIC	True	0.43711656	0.4205816	0.4551001	0.22375666	0.44859412	-0.31451184	0.35800117	-0.8859119	0.45883325	0.39155787	0.20316012	-0.30095232	0.25334802	-0.23323615	0.46920776	0.7454576	0.43379176	-0.8071014	0.78138626	0.7948485
ATR_245_set19__170	16595.270303479778	19740.968600288303	vCM-LV-Trabecular I	False	0.42250943	0.23267543	0.44102994	0.06252187	0.54726195	1.147598	0.5309802	1.611663	0.4733887	0.59894544	1.3267542	3.0165012	1.0690982	3.134092	0.43720794	0.17342702	0.5498589	0.40916583	0.44322327	-0.40574172
ATR_245_set19__249	16527.364060524684	19872.3981735106	vCM-LV-AV	False	0.40440428	-0.00022925953	0.37579116	-0.68507195	0.5291034	0.87851536	0.48128676	0.8941591	0.4484675	0.24386555	1.0893198	2.3154674	0.85953856	2.2690525	0.4751662	0.8519709	0.57814103	0.70553386	0.27125823	-1.0162743
ATR_245_set19__295	16495.083958842162	19869.44419577794	vCM-LV-Compact I	False	0.39237937	-0.15491772	0.36794874	-0.77494097	0.5068391	0.5485917	0.5228504	1.4942795	0.4335347	0.031101769	1.1884809	2.608244	0.93860656	2.5954366	0.40079683	-0.47745985	0.51082045	8.1822174e-05	0.20917736	-1.2366819
ATR_245_set19__33	16707.30780194741	19805.599275103516	vCM-LV-Compact I	False	0.42162004	0.2212343	0.45393237	0.2103754	0.54127306	1.0588515	0.52226615	1.4858439	0.46806714	0.5231233	1.4180928	3.286182	1.1226438	3.3551226	0.45355344	0.46562004	0.5824654	0.750849	0.52008784	-0.13284713
ATR_245_set19__350	16457.909321500796	19710.463582104727	vCM-LV-Compact I	False	0.37036186	-0.438151	0.3494732	-0.9866585	0.4796425	0.14557888	0.5677326	2.1423151	0.39515203	-0.51577854	0.90637326	1.7753108	0.6969283	1.5978152	0.33571512	-1.640864	0.3717639	-1.4570909	0.10728507	-1.5984331
ATR_245_set19__391	16428.071008352665	19787.654942669535	vCM-LV-Compact II	False	0.3499794	-0.70035106	0.35060662	-0.97367036	0.43572006	-0.5052863	0.40301424	-0.23598629	0.28866744	-2.0329819	0.2799991	-0.07408235	0.21181335	-0.40468678	0.35842752	-1.2348558	0.2138454	-3.111918	0.30205077	-0.90695065
ATR_245_set19__44	16707.07673288483	19865.71012671251	Compact vFibro	False	0.531962	1.6406733	0.61361563	2.0402415	0.55776495	1.3032367	0.4522128	0.47437197	0.5572591	1.7939391	0.28751323	-0.05189664	0.2970132	-0.052991066	0.53662646	1.9506377	0.6843942	1.81896	0.86676705	1.0979785
ATR_245_set19__473	16551.301091176585	19808.026868468474	vCM-LV-Compact I	False	0.35620913	-0.62021184	0.33892116	-1.1075782	0.4673134	-0.03711998	0.5121493	1.3397704	0.40622845	-0.35796058	1.0006055	2.0535347	0.80147004	2.029352	0.3572482	-1.2559377	0.471349	-0.41353926	0.21486507	-1.2164886
ATR_245_set19__475	16550.4158008728	19714.72397835718	vCM-LV-Compact I	False	0.38330558	-0.27164304	0.36325112	-0.82877266	0.48051426	0.15849689	0.4973687	1.1263596	0.3739545	-0.8178031	1.01515	2.096478	0.7849482	1.9611517	0.4378686	0.18523698	0.46779013	-0.4508327	0.23760407	-1.1357577
ATR_245_set19__530	16689.709247659153	19773.083603125044	vCM-LV-Compact I	False	0.40921685	0.06167963	0.4160028	-0.22427268	0.53920764	1.0282451	0.4323262	0.18723719	0.41612256	-0.2169884	1.1568354	2.5148096	0.8993129	2.4332368	0.4389726	0.20497209	0.5336186	0.23898382	0.3762107	-0.64365846
ATR_245_set19__542	16601.365970779487	19968.737343374883	vCM-LV-Compact II	False	0.38028115	-0.3105493	0.38372165	-0.59419376	0.3920016	-1.1531285	0.41588026	-0.050219025	0.3978553	-0.47726193	0.24581878	-0.17500106	0.20926875	-0.4151906	0.40230864	-0.4504346	0.43359813	-0.80913043	0.7451054	0.6660394
ATR_245_set19__602	16471.016208451656	19771.405432442018	vCM-LV-Compact II	False	0.45087186	0.5975297	0.42780048	-0.08907911	0.5394408	1.0317004	0.4622555	0.61937445	0.40888703	-0.3200809	0.71554023	1.211869	0.4202825	0.4558513	0.4776191	0.8958193	0.478862	-0.3348107	0.037967652	-1.8445328
ATR_245_set19__61	16691.593574835373	19802.507101240884	Proliferating vFibro	False	0.49752477	1.1976728	0.5104564	0.8581037	0.5286863	0.87233436	0.42710453	0.11184368	0.5302768	1.4094925	0.13555306	-0.5005647	0.25328967	-0.23347703	0.460741	0.59410554	0.59381956	0.86982906	0.76510316	0.73703814
ATR_245_set19__67	16684.843298993685	19839.686632136538	vCM-LV-Compact I	False	0.35750243	-0.6035748	0.3749448	-0.69477063	0.40784553	-0.91834515	0.38467774	-0.5007397	0.35253692	-1.1229631	0.33643398	0.09254371	0.29532582	-0.059956376	0.41007063	-0.31168094	0.3436259	-1.751949	0.28818563	-0.9561765
ATR_245_set19__671	16697.01449475496	19813.44559833537	vCM-LV-Compact II	False	0.43576154	0.4031506	0.4728779	0.42747864	0.53443915	0.9575831	0.52346224	1.5031136	0.46284485	0.44871557	1.0108964	2.0839193	0.80347943	2.0376465	0.4432443	0.2813335	0.5976456	0.9099219	0.44675052	-0.39321882
ATR_245_set19__690	16728.504271729897	19911.18465645659	vCM-RV-AV	False	0.24142283	-2.096823	0.28355452	-1.7420437	0.3078871	-2.3995795	0.3514982	-0.9798058	0.22058581	-3.0030158	0.28867617	-0.048462994	0.23447543	-0.31114015	0.32272142	-1.87314	0.19444726	-3.3151908	0.13066602	-1.515423
ATR_245_set19__939	16555.18403592608	19941.973355141206	vCM-LV-Compact I	False	0.3478216	-0.7281091	0.35695088	-0.9009693	0.45988864	-0.147144	0.48510787	0.94933045	0.3935681	-0.5383466	1.2450439	2.7752483	1.0159279	2.9146109	0.36673844	-1.0862894	0.49268177	-0.18999328	0.35269612	-0.727143
ATR_248_set19__164	16571.607666353055	18767.278853733245	vCM-LV-Compact II	False	0.35296887	-0.6618945	0.33173323	-1.1899471	0.41534635	-0.8071941	0.3745609	-0.64681274	0.29492918	-1.943764	0.30798718	0.0085534835	0.23960748	-0.28995562	0.3908006	-0.6561531	0.27906537	-2.4284785	0.2782544	-0.9914357
ATR_248_set19__196	16538.641572498538	18814.49103870447	vCM-RV-Hybrid	False	0.3277615	-0.9861622	0.3262365	-1.2529362	0.42856884	-0.6112566	0.4442653	0.35962117	0.36522454	-0.9421885	1.0738223	2.26971	0.8506087	2.232191	0.34710145	-1.4373213	0.4023564	-1.1365125	0.14711246	-1.4570328
ATR_248_set19__228	16495.285016326285	18768.281134184188	vCM-RV-Proliferating	False	0.45024696	0.58949107	0.5259178	1.0352818	0.5987162	1.910073	0.5779296	2.2895463	0.4811045	0.70888084	1.0542152	2.2118194	0.9000928	2.436456	0.44871458	0.37912044	0.5652674	0.57063097	0.3841489	-0.61547524
ATR_248_set19__281	16449.429021742035	18816.8827877652	vCM-LV-Compact I	False	0.351443	-0.68152344	0.3701282	-0.7499656	0.47116324	0.01992881	0.45661595	0.5379472	0.39649305	-0.49667162	1.6080226	3.8469565	1.2114584	3.7217395	0.4006275	-0.4804869	0.47650355	-0.35952476	0.41040313	-0.522264
ATR_248_set19__356	16702.108122759884	18881.099281687802	vCM-LV-Compact I	False	0.42974246	0.32572106	0.43689474	0.01513527	0.546505	1.1363807	0.5355169	1.6771663	0.47477874	0.6187509	1.3019271	2.9431982	1.0693735	3.1352284	0.4492933	0.38946533	0.5491925	0.40218222	0.40759835	-0.532222
ATR_248_set19__360	16682.73931839431	18939.369040998525	vCM-LV-Compact I	False	0.35892418	-0.5852854	0.38384736	-0.59275323	0.4763789	0.097216874	0.46763724	0.6970791	0.39800364	-0.4751486	1.5106447	3.5594447	1.1424932	3.4370587	0.39605278	-0.5622648	0.4903233	-0.21470763	0.39559895	-0.5748238
ATR_248_set19__39	16690.154036769916	18794.130656488727	vCM-LV-Compact I	False	0.3150859	-1.1492213	0.28410614	-1.7357225	0.42067462	-0.7282371	0.45697105	0.54307425	0.36195773	-0.98873436	1.1766038	2.5731764	0.8815673	2.3599849	0.31014106	-2.0980272	0.41327155	-1.0221326	0.1454528	-1.4629252
ATR_248_set19__411	16587.317790233064	18809.445876030146	Compact vFibro	False	0.3383279	-0.8502358	0.32882777	-1.2232418	0.3651426	-1.5511385	0.3404876	-1.1387832	0.34867558	-1.1779797	0.17297739	-0.39006796	0.19242147	-0.48473436	0.36858675	-1.053249	0.36250588	-1.5541056	0.5438343	-0.048539244
ATR_248_set19__464	16625.86698950561	18827.397325603728	vCM-LV-Compact I	False	0.35289264	-0.6628752	0.3794456	-0.6431943	0.4590442	-0.15965748	0.44806087	0.4144238	0.3918193	-0.56326365	1.4184922	3.287361	1.0616035	3.103155	0.39437976	-0.59217167	0.5060593	-0.049810342	0.36951706	-0.66742307
ATR_248_set19__502	16544.836974933838	18912.929248513956	vCM-LV-Compact I	False	0.45015004	0.5882443	0.38326368	-0.59944177	0.46877623	-0.015443216	0.44272906	0.33743986	0.4832684	0.73971254	0.17422213	-0.38639283	0.29465657	-0.06271893	0.45820165	0.54871166	0.4477539	-0.6607921	0.8704026	1.1108859
ATR_248_set19__638	16436.354268142997	18895.411935737542	vCM-LV-Compact II	False	0.3328988	-0.920076	0.3529027	-0.94735867	0.39932048	-1.0446736	0.34923673	-1.0124582	0.35675997	-1.0627927	0.14561254	-0.4708637	0.19967759	-0.4547819	0.44054568	0.23309265	0.34435713	-1.7442863	0.11509558	-1.5707033
ATR_248_set19__68	16671.40739658202	18823.76457705248	BEC	False	0.38898033	-0.19864304	0.37707487	-0.6703615	0.46577147	-0.05996926	0.4245081	0.07435476	0.3750128	-0.8027246	0.6705009	1.0788887	0.5664176	1.059081	0.44239944	0.26623064	0.41340375	-1.0207472	0.40787473	-0.5312407
ATR_249_set19__24	16996.97991391876	18786.625335893063	vCM-LV-Compact II	False	0.36019602	-0.5689244	0.37957782	-0.64167935	0.42228115	-0.7044308	0.4212024	0.026625043	0.31041276	-1.7231522	0.3460062	0.12080609	0.28069416	-0.12035427	0.38770747	-0.7114459	0.27468085	-2.4744236	0.29263985	-0.9403626
ATR_249_set19__246	16742.232549226563	18758.58584282685	vCM-LV-Compact II	False	0.4477403	0.5572452	0.51097053	0.8639955	0.5306262	0.90108067	0.57205343	2.2047024	0.4756309	0.63089263	1.2317743	2.7360694	1.0358776	2.9969609	0.3953132	-0.57548547	0.6131084	1.0719566	0.23504904	-1.1448289
ATR_249_set19__311	16914.95712188041	18773.415059607672	vCM-LV-Compact I	False	0.3977735	-0.08552761	0.37354842	-0.71077234	0.51472205	0.6654052	0.5125832	1.3460356	0.43678263	0.077378415	1.2400862	2.7606106	1.0366973	3.0003445	0.427348	-0.0028299568	0.5277307	0.17728429	0.2518805	-1.0850717
ATR_249_set19__365	16927.923481607202	19032.24898393254	vCM-LV-Compact II	False	0.37133133	-0.42567974	0.43332005	-0.02582845	0.4559975	-0.20480488	0.41512898	-0.06106655	0.34859738	-1.179094	0.45563447	0.44448763	0.31362092	0.0155638475	0.374356	-0.95011747	0.2962056	-2.2488658	0.32814723	-0.81429964
ATR_249_set19__409	16777.58501016129	18824.120601802177	Pericyte	False	0.3980865	-0.08150138	0.4269383	-0.09895915	0.42878217	-0.60809547	0.37212744	-0.6819483	0.34968814	-1.1635526	0.27754724	-0.08132158	0.3038853	-0.02462371	0.46111163	0.6007308	0.36946467	-1.4811846	0.87169564	1.1154766
ATR_249_set19__469	16926.708669440854	18781.098505280148	vCM-LV-Compact II	False	0.39088598	-0.17412876	0.37436473	-0.70141786	0.47345448	0.05388145	0.45916003	0.5746801	0.3854659	-0.6537877	0.8322555	1.5564752	0.59981036	1.1969228	0.417623	-0.17667411	0.4825655	-0.2960017	0.1969602	-1.2800568
ATR_250_set19__102	16947.15960096852	19212.976639307846	Compact vFibro	False	0.45737705	0.6812125	0.47872195	0.49444774	0.4787656	0.13258448	0.3793034	-0.57833767	0.47637418	0.64148283	0.089557834	-0.6363673	0.2180989	-0.37874073	0.43179056	0.0765857	0.5429512	0.33678007	0.78206146	0.7972457
ATR_250_set19__166	16877.948330113664	19350.71023167845	vCM-LV-Compact I	False	0.3718255	-0.41932297	0.39755782	-0.4356402	0.49230367	0.33319834	0.48142782	0.8961957	0.42004678	-0.1610757	1.4319627	3.3271332	1.0891956	3.217052	0.39934224	-0.5034622	0.4872105	-0.24732657	0.34831926	-0.7426823
ATR_250_set19__208	16748.687914056354	19307.15152138415	vCM-LV-Compact I	False	0.34990057	-0.7013651	0.3734457	-0.7119495	0.45411703	-0.2326706	0.45159784	0.46549267	0.39371234	-0.5362914	1.3372297	3.0474305	1.0223505	2.9411228	0.39818725	-0.5241088	0.47615838	-0.3631418	0.40859103	-0.5286976
ATR_250_set19__306	16956.971127910525	19079.57544575509	vCM-LV-Compact I	False	0.30427703	-1.2882664	0.38561258	-0.5725249	0.41896677	-0.7535449	0.37419915	-0.6520358	0.38403004	-0.6742458	0.9898877	2.0218902	0.78402674	1.957348	0.35299495	-1.3319688	0.4980313	-0.13393572	0.43029845	-0.4516291
ATR_250_set19__483	16913.739295499014	19269.625361646555	vEndocardial	False	0.45952755	0.7088766	0.46182284	0.30079496	0.4597449	-0.14927396	0.453961	0.49961358	0.5030656	1.0217847	0.3789517	0.21807887	0.3801999	0.29039466	0.47646704	0.8752248	0.5770379	0.69397384	0.82273054	0.94163436
ATR_250_set19__550	17005.326030623484	19286.662056021345	vCM-RV-AV	False	0.40499145	0.007324037	0.4496958	0.16182697	0.451642	-0.26934674	0.39430156	-0.36178514	0.406622	-0.3523534	0.4199339	0.3390803	0.3714936	0.25445598	0.4334916	0.106993355	0.37886423	-1.3826867	0.70648015	0.52890706
ATR_250_set19__604	16904.519904786226	19316.472317160296	vCM-RV-Trabecular	False	0.3938594	-0.13587883	0.38236198	-0.60977465	0.50488573	0.51964575	0.5148652	1.3789848	0.45396098	0.3221374	1.1675261	2.5463743	1.003061	2.8614979	0.38377532	-0.7817372	0.5898589	0.8283252	0.25081813	-1.0888435
ATR_250_set19__606	16930.31425005298	19116.90856627833	vCM-LV-Compact I	False	0.3986271	-0.07454692	0.47073182	0.40288615	0.45595372	-0.20545363	0.41112357	-0.118898936	0.3747197	-0.8069003	0.2694568	-0.105208896	0.2668868	-0.17734954	0.40990686	-0.3146084	0.37540475	-1.4189386	0.37014717	-0.665186
ATR_250_set19__61	16985.14493434125	19148.166664086762	vCM-LV-Compact I	False	0.33029222	-0.95360696	0.42433295	-0.12881474	0.4509001	-0.28034058	0.4218061	0.035341702	0.41052127	-0.29679608	1.2568861	2.810213	0.91576236	2.5011382	0.40555587	-0.3923869	0.53702056	0.2746327	0.29269347	-0.9401722
ATR_250_set19__640	16935.688604648196	19283.583827856397	vCM-LV-Compact I	False	0.38092056	-0.30232394	0.3909355	-0.5115276	0.45596284	-0.2053185	0.45925522	0.57605445	0.36842343	-0.8966103	1.0856614	2.3046656	0.8687853	2.3072221	0.3686436	-1.0522325	0.6508676	1.4676349	0.4351603	-0.4343679
ATR_250_set19__647	16832.30168432594	19339.243977464044	vCM-LV-Hybrid	False	0.34545237	-0.7585868	0.35480794	-0.92552596	0.4661599	-0.05421311	0.43167147	0.17778385	0.39759025	-0.48103857	1.5542521	3.6881974	1.1661496	3.5347097	0.3918363	-0.637639	0.48031768	-0.3195565	0.43082783	-0.44974962
ATR_250_set19__662	16958.499653689123	19372.121732644464	vCM-RV-AV	False	0.4642081	0.76908714	0.47232425	0.42113432	0.4754222	0.08304024	0.3495626	-1.0077533	0.47123554	0.56826705	0.171875	-0.39332283	0.21014263	-0.41158333	0.5400311	2.011499	0.5605047	0.52072257	0.77274394	0.7641654
ATR_251_set19__178	16750.257394414402	19554.579934552465	vCM-RV-Proliferating	False	0.39190573	-0.16101074	0.43623614	0.0075881258	0.48356488	0.2037026	0.454211	0.503223	0.456742	0.3617614	0.8747979	1.6820832	0.67619777	1.5122417	0.4187649	-0.15626188	0.5904521	0.8345412	0.39090124	-0.5915022
ATR_251_set19__182	16740.94055690307	19549.74050642753	vCM-LV-Trabecular II	False	0.4461556	0.53685987	0.44503987	0.10847308	0.5120583	0.6259327	0.48182946	0.9019949	0.50399286	1.0349965	0.9421621	1.8809786	0.80631185	2.0493383	0.37326652	-0.96959317	0.58123386	0.7379436	0.32190558	-0.8364595
ATR_251_set19__229	16862.392807202923	19421.359578935793	vCM-LV-Trabecular I	False	0.4706801	0.85234284	0.5082679	0.83302486	0.5237313	0.79890877	0.54038113	1.7473989	0.50706047	1.0787042	1.0394323	2.1681724	0.7616246	1.8648742	0.4306051	0.05539459	0.6271972	1.2195932	0.30209005	-0.90681124
ATR_251_set19__269	16764.470797395516	19576.51802170814	vCM-LV-AV	False	0.41446245	0.12915899	0.43976182	0.047990054	0.47864544	0.13080385	0.42756277	0.11846003	0.43551177	0.059271067	0.343717	0.114047125	0.35011905	0.16622417	0.48613805	1.0481042	0.40162486	-1.1441782	0.36090225	-0.6980085
ATR_251_set19__402	16794.112429437308	19638.83624133365	Compact vFibro	False	0.46842816	0.8233741	0.46299022	0.31417245	0.50568473	0.53148574	0.4280639	0.12569559	0.48090997	0.7061093	0.12639734	-0.5275973	0.2414016	-0.28254968	0.48300427	0.9920847	0.5754331	0.67715716	0.8492578	1.035815
ATR_251_set19__406	16792.4433887667	19600.648548348294	vCM-RV-Proliferating	False	0.43799818	0.43192267	0.5044666	0.7894646	0.5662721	1.4292997	0.588394	2.440637	0.49131784	0.85440165	1.437996	3.3449469	1.1260954	3.3693702	0.4665983	0.6988107	0.63164526	1.2662044	0.4707322	-0.30807588
ATR_251_set19__429	16747.100008510795	19577.82664784758	vCM-LV-AV	False	0.43001002	0.329163	0.46139678	0.29591265	0.56850636	1.4624083	0.5153051	1.3853362	0.4956228	0.91573936	1.2346809	2.7446513	0.9460809	2.62629	0.4967166	1.2372068	0.63798666	1.3326559	0.34584972	-0.75144994
ATR_251_set19__46	16913.710114516645	19432.27336807468	VIC	True	0.48935726	1.0926061	0.5463348	1.2692469	0.50447726	0.5135928	0.42047164	0.016073994	0.557956	1.8038687	0.114495575	-0.5627377	0.23660958	-0.30233064	0.44576085	0.32631928	0.5385861	0.29103774	0.7118017	0.54780036
ATR_251_set19__479	16853.094306296196	19663.29819703669	vCM-RV-AV	False	0.44100478	0.47059968	0.48838434	0.6051724	0.5472681	1.147689	0.5545363	1.9517792	0.4912389	0.8532768	1.2927057	2.9159715	1.0470049	3.0428934	0.47085577	0.7749175	0.6380926	1.3337657	0.45250162	-0.3728005
ATR_251_set19__69	16882.68971948012	19594.12412833929	Trabecular vFibro	False	0.491442	1.1194241	0.5658371	1.4927304	0.5320616	0.9223511	0.49001357	1.0201619	0.46275312	0.4474086	0.12461739	-0.53285265	0.19131774	-0.48929042	0.4754795	0.8575717	0.5706315	0.62684155	0.5606936	0.011316809
ATR_252_set19__176	16895.943172389816	19776.069578510647	Trabecular vFibro	False	0.4743607	0.89969033	0.45595783	0.2335858	0.4728773	0.045328483	0.39827392	-0.30442998	0.49294385	0.87756926	0.09993248	-0.6057358	0.17452303	-0.5586172	0.44949776	0.39312053	0.5708798	0.6294436	0.8059851	0.8821825
ATR_252_set19__220	16853.623280678665	19724.576166668463	vCM-LV-Compact II	False	0.42389345	0.25047946	0.42029655	-0.17506923	0.53269136	0.93168354	0.53289986	1.6393796	0.45536563	0.34215087	1.0644373	2.2420006	0.90327156	2.4495776	0.44478446	0.30886537	0.61504406	1.0922405	0.24442619	-1.111537
ATR_252_set19__249	16837.24365748409	19866.380368454968	vCM-LV-Trabecular I	False	0.42048612	0.20664757	0.45613605	0.23562805	0.5042139	0.5096906	0.4711216	0.7473885	0.4428389	0.16366889	0.6764426	1.096432	0.57124215	1.0789963	0.44685993	0.34596646	0.49042293	-0.21366362	0.38646296	-0.6072596
ATR_252_set19__330	16765.939975159694	19767.895982540278	vCM-LV-Compact II	False	0.22374824	-2.3241892	0.28075516	-1.7741226	0.26670167	-3.0098863	0.30421007	-1.6625799	0.2136784	-3.1014333	0.72728574	1.2465482	0.53817654	0.942505	0.29300353	-2.4043787	0.17470917	-3.5220263	0.3742348	-0.65067357
ATR_252_set19__367	16742.660024703713	19739.82828103363	vCM-LV-Compact I	False	0.37111017	-0.4285248	0.43953878	0.045434155	0.45496443	-0.22011341	0.4260657	0.096844584	0.36916953	-0.88597983	0.8153832	1.5066592	0.5887873	1.1514208	0.35087392	-1.3698845	0.5285235	0.18559206	0.378409	-0.63585377
ATR_252_set19__445	16842.585884160944	19849.303718913357	Proliferating vFibro	False	0.4257586	0.27447274	0.40309218	-0.37222013	0.4360012	-0.50112	0.37484652	-0.6426887	0.42879513	-0.036428284	0.16982295	-0.39938158	0.22959961	-0.33126703	0.45366272	0.46757364	0.51827186	0.07816516	0.7488456	0.67931837
ATR_252_set19__47	17003.685314505245	19783.38436654008	VIC	True	0.5105089	1.3647008	0.5372765	1.1654449	0.5088367	0.57819295	0.4080449	-0.1633506	0.5629566	1.8751175	0.15762241	-0.43540412	0.27629837	-0.13849959	0.485966	1.0450287	0.5818039	0.7439172	0.9523847	1.4019494
ATR_252_set19__553	16937.630413239516	19876.089599867664	vCM-LV-AV	False	0.4655936	0.78691036	0.49691615	0.70294136	0.52499616	0.8176522	0.4656403	0.66824615	0.52481526	1.3316762	0.3200353	0.044126023	0.2996478	-0.042115662	0.49792156	1.2587469	0.66021353	1.5655711	0.7067755	0.5299556
ATR_252_set19__555	16859.89555971112	19826.189237631566	vCM-LV-Compact I	False	0.39215794	-0.15776621	0.41326696	-0.2556238	0.48585832	0.23768792	0.47475934	0.7999122	0.44348934	0.17293637	0.93768626	1.8677635	0.74380094	1.7913002	0.37889114	-0.8690471	0.5044687	-0.06647833	0.36396423	-0.6871375
ATR_252_set19__605	16831.616928568303	19801.43599591289	vCM-RV-AV	False	0.38860184	-0.20351192	0.39657632	-0.44688764	0.50368243	0.50181466	0.44582596	0.38215488	0.3981889	-0.4725091	1.0802605	2.2887194	0.83278525	2.1586177	0.4271122	-0.007045058	0.49486795	-0.1670843	0.35814726	-0.7077896
ATR_252_set19__610	16823.26786974892	19949.20838836546	VIC	True	0.40780085	0.043464236	0.43911925	0.040626645	0.40225172	-1.001237	0.37199962	-0.6837939	0.42496562	-0.09099152	0.14487039	-0.47305495	0.15961619	-0.620151	0.4288073	0.023256576	0.44085526	-0.73308295	0.78917736	0.82250947
ATR_252_set19__644	17009.83893711955	19828.058434352017	aFibro	False	0.48055685	0.9793975	0.50299317	0.7725801	0.48998737	0.2988743	0.3884666	-0.4460339	0.5082168	1.0951797	0.0809987	-0.6616385	0.17185201	-0.56964284	0.42953598	0.036282793	0.5286218	0.18662201	0.74881625	0.67921424
ATR_252_set19__741	16898.243684898916	19955.0427457372	VIC	True	0.47840756	0.9517491	0.46781787	0.36949417	0.48592246	0.2386383	0.39109507	-0.4080824	0.5031822	1.0234458	0.08697923	-0.64398074	0.18751033	-0.505007	0.43586805	0.1494752	0.5959577	0.89223456	0.7412742	0.6524374
ATR_252_set19__765	16838.94776155591	19711.475265168647	vCM-LV-Compact II	False	0.38829577	-0.20744921	0.32623857	-1.2529123	0.4701149	0.004393736	0.45888644	0.57072985	0.4463229	0.213309	1.1071035	2.367974	0.92515934	2.539928	0.419492	-0.14326389	0.48246244	-0.29708162	0.28882203	-0.9539171
ATR_252_set19__782	16794.63376410188	19868.658217658587	VIC	True	0.49272424	1.1359189	0.5064417	0.8120982	0.50221103	0.4800107	0.39590317	-0.3386602	0.52717614	1.3653144	0.17924935	-0.3715498	0.2576798	-0.21535508	0.4969319	1.2410558	0.5935077	0.8665612	0.80390394	0.8747937
ATR_252_set19__847	16762.23146877136	19868.69246450428	vCM-LV-AV	False	0.3492511	-0.7097201	0.43097833	-0.052663006	0.44297564	-0.39776936	0.3887977	-0.44125322	0.4250177	-0.09024927	1.1946961	2.6265945	0.8447368	2.2079525	0.361025	-1.188423	0.56114995	0.5274844	0.4398178	-0.41783231
ATR_252_set19__848	16762.192054011764	19860.206807563507	vCM-LV-Compact I	False	0.374347	-0.3868862	0.41583315	-0.22621693	0.4882692	0.2734137	0.48549664	0.9549438	0.42906532	-0.03257862	1.3491615	3.0826595	1.0580442	3.0884624	0.41393262	-0.24264374	0.5121676	0.014198333	0.38774258	-0.60271645
ATR_252_set19__862	16925.611074711058	19937.786893282086	VIC	True	0.51419324	1.4120961	0.56121165	1.4397259	0.5456426	1.1236018	0.4795297	0.8687896	0.5574843	1.7971485	0.17845553	-0.37389356	0.24949114	-0.24915694	0.5014421	1.3216798	0.69596076	1.9401661	0.7999246	0.8606658
ATR_252_set19__868	16909.812952091106	19867.2721487729	vCM-LV-Compact I	False	0.4169511	0.1611729	0.4619985	0.30280784	0.51512295	0.671346	0.4828099	0.91615105	0.4420357	0.15222478	1.0225666	2.1183758	0.8737675	2.327788	0.4213302	-0.11040401	0.55446225	0.45740408	0.28914616	-0.9527663
ATR_252_set19__870	16883.581191943482	19851.171013861407	vCM-LV-Trabecular II	False	0.4656779	0.78799456	0.53000814	1.082154	0.5489412	1.1724819	0.50181687	1.1905849	0.50721276	1.0808741	0.9127135	1.7940305	0.71540093	1.6740681	0.46795744	0.7231067	0.60360503	0.972371	0.62334657	0.23375544
ATR_252_set19__905	16775.499037536203	19913.260751492497	vCM-LV-AV	False	0.39825448	-0.07934029	0.3729241	-0.71792674	0.5038189	0.5038373	0.46320385	0.63306713	0.44238698	0.15722986	1.1851044	2.5982747	0.9241721	2.535853	0.41451016	-0.23231962	0.4423645	-0.7172675	0.22519782	-1.179804
ATR_252_set19__940	16783.844549399335	19842.66789488498	vCM-RV-AV	False	0.3533076	-0.65753704	0.37055895	-0.7450297	0.4172408	-0.7791213	0.34239313	-1.1112701	0.22270612	-2.9728053	0.14562547	-0.47082552	0.15570396	-0.6363002	0.4020188	-0.45561612	0.20504236	-3.204165	0.3403429	-0.7710009
ATR_253_set19__167	16920.744191638958	20020.476033792052	VIC	True	0.6273965	2.8683436	0.577373	1.6249248	0.6264104	2.32046	0.45702085	0.5437933	0.6999695	3.8272913	0.20786263	-0.28706798	0.22151463	-0.36464095	0.5715605	2.5751204	0.87551326	3.8216958	0.9520318	1.4006965
ATR_253_set19__209	16892.67461415396	19998.612899396205	VIC	True	0.5585439	1.9826235	0.5927387	1.8010052	0.57062536	1.4938089	0.51885086	1.4365319	0.56386894	1.8881171	0.21709822	-0.25979957	0.26691338	-0.1772398	0.53358066	1.8961909	0.74411047	2.4447267	0.8725289	1.118435
ATR_253_set19__212	16895.015728305087	20016.744102971432	VIC	True	0.4484214	0.5660069	0.4037909	-0.36421332	0.44367954	-0.38733858	0.38957867	-0.42997712	0.4529249	0.30737525	0.130752	-0.51474	0.13724048	-0.7125155	0.3672281	-1.0775363	0.61679626	1.1106017	0.73733735	0.63846034
ATR_253_set19__280	16842.24767222768	20263.21023501226	VIC	True	0.32863885	-0.9748759	0.3797319	-0.63991374	0.3646554	-1.5583582	0.276958	-2.0560617	0.39993623	-0.44761282	0.16040148	-0.42719883	0.18022019	-0.5350999	0.41885146	-0.15471424	0.39981544	-1.1631391	0.59747607	0.14190662
ATR_253_set19__321	16808.441221173944	20169.75623354881	vCM-RV-AV	False	0.44115815	0.47257254	0.478216	0.48864982	0.467385	-0.036059197	0.43618754	0.2429895	0.48653355	0.7862346	0.43968734	0.39740312	0.36382353	0.22279476	0.5004426	1.3038136	0.58177316	0.74359494	0.5907861	0.11815504
ATR_253_set19__326	16809.137212315123	20244.36923202628	VIC	True	0.54186773	1.7681009	0.5424676	1.2249312	0.5389083	1.0238094	0.43791208	0.26788944	0.5533661	1.7384719	0.14434169	-0.47461593	0.21603683	-0.38725272	0.50137997	1.3205696	0.6713637	1.6824138	0.82209295	0.9393707
ATR_253_set19__333	16794.30466994982	20078.110861140558	VIC	True	0.4237585	0.24874353	0.4643167	0.32937294	0.4039012	-0.9767943	0.30824667	-1.604297	0.43964234	0.118123874	0.069702655	-0.69499046	0.15954353	-0.6204509	0.37294397	-0.9753591	0.4048316	-1.1105748	0.59412605	0.13001294
ATR_253_set19__335	16796.79519059389	20092.66391799859	VIC	True	0.44701988	0.5479778	0.4859423	0.5771883	0.4817429	0.17670335	0.42354625	0.06046714	0.4429996	0.16595848	0.091385014	-0.6309725	0.18321191	-0.52275044	0.38247	-0.805071	0.4660888	-0.46866086	0.8068796	0.8853582
ATR_253_set19__338	16793.474350938297	20244.35558456991	VIC	True	0.46208048	0.74171746	0.45465413	0.21864621	0.475753	0.08794229	0.38788193	-0.45447558	0.4715478	0.5727163	0.16279796	-0.42012313	0.19758685	-0.46341223	0.45652664	0.5187691	0.45062065	-0.63075155	0.935529	1.3421061
ATR_253_set19__356	16784.546911924193	20291.6372266695	vCM-RV-AV	False	0.37284893	-0.40615743	0.42018434	-0.17635502	0.48918727	0.28701797	0.45667493	0.53879875	0.42393276	-0.105707794	1.3322738	3.032798	1.0146041	2.9091463	0.4046203	-0.40911147	0.541069	0.31705594	0.35275152	-0.7269463
ATR_253_set19__380	16762.26575033521	20056.33672998426	vCM-RV-AV	False	0.45966798	0.7106831	0.45840457	0.26162386	0.46280086	-0.103989206	0.39316723	-0.37816337	0.4608876	0.42082864	0.13146542	-0.5126336	0.20567045	-0.430044	0.49606887	1.225628	0.37570563	-1.4157857	0.68657964	0.45825374
ATR_253_set19__474	16940.27686791154	20242.886884387743	VIC	True	0.5426145	1.7777076	0.5926236	1.7996863	0.54950565	1.1808462	0.47134376	0.750596	0.5824753	2.1532226	0.1625943	-0.42072442	0.24229768	-0.27885076	0.4878182	1.078139	0.704624	2.0309482	0.8158122	0.9170719
ATR_253_set19__477	16917.52763567785	20243.137968945408	VIC	True	0.5177462	1.4578016	0.55604845	1.3805591	0.535192	0.9687395	0.450837	0.454507	0.5436463	1.5999825	0.18678787	-0.349292	0.23212458	-0.3208442	0.4883793	1.088169	0.71045566	2.0920582	0.7408085	0.650784
ATR_253_set19__502	16850.647057836963	20157.991423513897	vCM-RV-Proliferating	False	0.43542042	0.39876246	0.48008856	0.51010823	0.49963167	0.4417884	0.46558717	0.6674789	0.45369676	0.31837264	0.49137208	0.55000424	0.47584677	0.6852145	0.44621617	0.3344586	0.50714356	-0.0384483	0.73411137	0.62700707
ATR_253_set19__575	16795.88230844616	20004.44485701719	vCM-LV-Trabecular I	False	0.44542468	0.5274572	0.47951552	0.5035416	0.4904852	0.30625123	0.4964437	1.1130037	0.48244473	0.72797674	0.57671016	0.8019681	0.47483504	0.6810382	0.4738079	0.8276899	0.44321275	-0.7083789	0.7105997	0.5435329
ATR_253_set19__785	16808.618273613392	20123.675223169736	VIC	True	0.53506947	1.680648	0.5478842	1.2870023	0.53829545	1.0147278	0.44438282	0.36131784	0.5394845	1.540685	0.14815588	-0.46335438	0.19923727	-0.45659944	0.48500952	1.0279306	0.67495704	1.7200682	0.86469775	1.0906318
ATR_253_set19__827	16818.443392961886	20037.23943028601	VIC	True	0.41793162	0.1737864	0.4297779	-0.06641924	0.4330575	-0.5447416	0.37786698	-0.5990774	0.4304183	-0.013301001	0.07452949	-0.68073905	0.1667913	-0.5905329	0.417186	-0.18448633	0.47655067	-0.35903102	0.7360898	0.63403124
ATR_253_set19__830	16961.35059975364	20258.15593680305	VIC	True	0.53944266	1.7369047	0.5870512	1.7358305	0.5575702	1.3003511	0.473419	0.7805597	0.57693714	2.074314	0.21917759	-0.25366014	0.22385478	-0.35498103	0.5014906	1.3225472	0.7005485	1.9882413	0.8674495	1.1004015
ATR_253_set19__832	16940.166038177136	20187.0490553529	VIC	True	0.41447514	0.12932232	0.38143483	-0.62039924	0.40716466	-0.92843455	0.36902636	-0.72672355	0.4325538	0.017125612	0.12823653	-0.522167	0.21108201	-0.40770566	0.39705828	-0.5442904	0.5302739	0.20393458	0.69482994	0.487545
ATR_254_set19__10	17051.208635287843	20463.962627078985	VIC	True	0.4536139	0.6328035	0.44480893	0.105826676	0.4582695	-0.1711371	0.3608561	-0.8446909	0.51796585	1.2340852	0.061514307	-0.7191669	0.13494876	-0.72197545	0.4340249	0.11652688	0.63591516	1.3109486	0.7337832	0.6258419
ATR_254_set19__14	17056.55305163579	20396.410637473535	VIC	True	0.58393896	2.3093052	0.57799125	1.6320091	0.58288467	1.6754735	0.49231988	1.0534618	0.61968374	2.683372	0.21269858	-0.2727897	0.2562602	-0.22121505	0.5296774	1.8264158	0.72363895	2.2302058	0.8892375	1.1777561
ATR_254_set19__306	16835.36241046505	20447.84597036989	vCM-RV-Proliferating	False	0.42827398	0.30683053	0.39764482	-0.4346433	0.5527633	1.2291195	0.538461	1.7196752	0.46311858	0.45261577	1.2604269	2.8206673	1.0444164	3.0322082	0.4617041	0.6113218	0.5729997	0.651658	0.27799052	-0.9923725
ATR_254_set19__409	16762.15848773613	20506.897551404545	VIC	True	0.32100832	-1.0730351	0.31198794	-1.4162153	0.3655122	-1.5456619	0.28939784	-1.8764478	0.35250396	-1.1234326	0.13104174	-0.51388454	0.16310021	-0.6057693	0.38066322	-0.8373694	0.32409605	-1.9566021	0.6236357	0.234782
ATR_254_set19__44	17039.24102555134	20479.62858336363	VIC	True	0.51670235	1.4443734	0.55179995	1.331874	0.5138176	0.65200275	0.42099574	0.023641316	0.5475663	1.6558353	0.12283441	-0.538117	0.21436471	-0.39415503	0.48094377	0.95525104	0.59328395	0.8642164	0.761693	0.72493094
ATR_254_set19__47	17025.373884445435	20357.5336312945	VIC	True	0.48450223	1.0301509	0.50542676	0.80046755	0.4821193	0.18228109	0.39314523	-0.37848094	0.5173918	1.2259061	0.17202066	-0.39289275	0.25364584	-0.2320068	0.44032994	0.22923608	0.60288095	0.9647834	0.69901156	0.50239116
ATR_254_set19__539	16944.94559352751	20544.611617079154	vCM-LV-AV	False	0.39664507	-0.1000438	0.27774101	-1.8086627	0.5224109	0.77934295	0.47693893	0.83138245	0.35727283	-1.0554852	1.1173927	2.3983533	0.8655953	2.294054	0.42791286	0.0072677466	0.50028515	-0.11031753	0.268736	-1.0252291
ATR_254_set19__541	16939.123593464392	20463.41283051469	vCM-RV-Hybrid	False	0.3317125	-0.93533635	0.3713737	-0.73569304	0.43635482	-0.49588007	0.43153057	0.17574938	0.38423312	-0.6713523	1.0788802	2.284644	0.838284	2.1813161	0.38397944	-0.7780884	0.49084243	-0.2092677	0.23423062	-1.1477345
ATR_254_set19__544	16939.01556313655	20599.945623572265	VIC	True	0.51917	1.476117	0.546439	1.2704409	0.5438253	1.0966723	0.49639657	1.1123235	0.5621734	1.8639592	0.25967562	-0.1340882	0.2895717	-0.08370873	0.5070984	1.4227922	0.7257176	2.251988	0.7829047	0.80023944
ATR_254_set19__727	17032.870393856676	20421.88828337386	VIC	True	0.6026901	2.55052	0.6533356	2.495406	0.58175635	1.6587535	0.50668764	1.2609121	0.63047063	2.8370647	0.21231924	-0.2739097	0.2939365	-0.06569136	0.50544596	1.3932534	0.73691815	2.3693583	0.7615808	0.72453266
ATR_254_set19__730	17004.592959166504	20418.819651592567	vCM-RV-AV	False	0.47152328	0.86318976	0.54629403	1.2687798	0.53091085	0.90529907	0.535377	1.6751465	0.48607448	0.77969366	0.90558463	1.7729822	0.77018744	1.9002209	0.48331517	0.99764234	0.5803771	0.72896564	0.71678585	0.5654957
ATR_254_set19__760	16959.407633069128	20330.880993811763	VIC	True	0.42879298	0.31350705	0.4783659	0.49036765	0.4655756	-0.06287163	0.42188796	0.03652375	0.46233472	0.44144723	0.26467866	-0.119316556	0.21429838	-0.39442882	0.4019085	-0.4575878	0.5696227	0.61627024	0.52884173	-0.101767905
ATR_254_set19__803	17001.445485949494	20303.781594333734	VIC	True	0.32639378	-1.0037565	0.29317668	-1.63178	0.3587739	-1.6455135	0.2893707	-1.8768398	0.28930822	-2.0238519	0.07332019	-0.6843096	0.12612182	-0.7584121	0.38184297	-0.81628	0.18273696	-3.4379032	0.41308424	-0.5127452
ATR_254_set19__835	16753.49110226213	20499.13910526654	vCM-LV-Compact I	False	0.31212795	-1.1872723	0.2847395	-1.7284647	0.41120508	-0.86856157	0.47450778	0.79628	0.3540412	-1.10153	1.1291537	2.4330783	0.87440395	2.3304152	0.32483256	-1.8354012	0.3867802	-1.2997352	0.14267932	-1.4727719
ATR_255_set19__112	16979.22327360619	20623.925463204996	EPDC	False	0.5087254	1.3417579	0.54817426	1.290326	0.5206352	0.7530291	0.44497275	0.3698357	0.5392379	1.5371717	0.11710087	-0.5550455	0.19589908	-0.4703791	0.45791006	0.5434993	0.62442493	1.1905426	0.7514095	0.688421
ATR_255_set19__130	16971.70550176021	20871.25554014681	EPDC	False	0.51219237	1.386357	0.46928608	0.3863189	0.5039719	0.5061037	0.40022618	-0.27624208	0.5258126	1.3458868	0.124822326	-0.5322476	0.20975274	-0.41319275	0.5021367	1.3340971	0.6126589	1.0672466	0.78675115	0.81389564
ATR_255_set19__147	16960.16977666712	20744.874817726068	EPDC	False	0.5634323	2.0455072	0.5819685	1.6775857	0.57874775	1.6141704	0.49592808	1.1055591	0.61417556	2.6048908	0.14563581	-0.470795	0.19208911	-0.48610628	0.5494642	2.1801264	0.7179284	2.170365	0.70179737	0.51228166
ATR_255_set19__194	16924.76818078739	20782.08182613912	EPDC	False	0.5514346	1.8911688	0.53902775	1.1855129	0.54500157	1.1141025	0.4551448	0.5167057	0.55612576	1.7777915	0.17198986	-0.3929837	0.22270294	-0.35973573	0.5300448	1.8329835	0.6862693	1.8386092	0.84759736	1.0299197
ATR_255_set19__204	16917.75550598831	20825.723561125793	EPDC	False	0.5120558	1.3846003	0.5073732	0.82277256	0.5094236	0.58689034	0.43510148	0.22730836	0.5221644	1.2939066	0.17904902	-0.37214127	0.22649509	-0.34408215	0.47764754	0.89632756	0.63209903	1.2709594	0.8465372	1.0261557
ATR_255_set19__206	16916.5456429373	20713.817121704546	EPDC	False	0.49638614	1.1830256	0.5579697	1.4025753	0.5157953	0.68130904	0.43155566	0.17611168	0.5149377	1.1909398	0.18062347	-0.36749262	0.2359622	-0.30500296	0.48690015	1.0617276	0.60651016	1.0028138	0.79562545	0.84540236
ATR_255_set19__221	16905.535120270477	20827.417309470122	EPDC	False	0.5244837	1.5444725	0.57505715	1.5983863	0.53688055	0.9937611	0.44873685	0.42418393	0.5591536	1.8209326	0.16057217	-0.42669484	0.23493722	-0.30923393	0.49239838	1.1600143	0.6699534	1.6676352	0.7993006	0.85845035
ATR_255_set19__231	16898.461176148514	20671.907419619467	VIC	True	0.4396122	0.4526856	0.4774175	0.4794996	0.472565	0.040700685	0.40016177	-0.27717197	0.4795142	0.6862224	0.12129563	-0.5426603	0.18355733	-0.5213245	0.46187207	0.6143244	0.56154287	0.5316018	0.73221755	0.62028337
ATR_255_set19__266	16869.900858494446	20610.194879134895	vCM-LV-Compact I	False	0.30148396	-1.3241966	0.26499927	-1.9546748	0.3972611	-1.0751903	0.41620716	-0.045499023	0.32994893	-1.444799	1.2128661	2.680242	0.9601706	2.6844509	0.33786753	-1.6023873	0.37309164	-1.4431776	0.16127773	-1.4067415
ATR_255_set19__284	16866.112339213592	20797.374478933732	EPDC	False	0.5075262	1.3263316	0.49335605	0.662145	0.5224919	0.78054243	0.4182549	-0.015932426	0.55278826	1.7302384	0.15491305	-0.4434036	0.22874723	-0.33478552	0.4912825	1.1400666	0.6407279	1.361381	0.7883302	0.81950176
ATR_255_set19__299	16854.04632201702	20738.555489350172	EPDC	False	0.48519304	1.0390376	0.4552928	0.22596489	0.4613742	-0.12513028	0.40361506	-0.22731137	0.49932727	0.9685208	0.11948752	-0.5479988	0.21263027	-0.4013146	0.4829825	0.9916953	0.451934	-0.61698884	0.9440433	1.3723346
ATR_255_set19__330	16832.588714571928	20713.266173745524	EPDC	False	0.45946857	0.7081179	0.42209372	-0.15447482	0.4554044	-0.21359369	0.3796122	-0.5738788	0.46523783	0.48281097	0.07997936	-0.6646481	0.20922504	-0.415371	0.45474914	0.48699442	0.4974544	-0.13998087	0.69524163	0.48900664
ATR_255_set19__401	16788.080089754927	20907.22804619937	EPDC	False	0.4390754	0.44578022	0.46679527	0.35777575	0.4679438	-0.02777871	0.37354282	-0.6615124	0.47433618	0.6124452	0.08656807	-0.6451947	0.18732834	-0.5057582	0.41536275	-0.21707878	0.54241693	0.33118117	0.8081293	0.8897952
ATR_255_set19__474	17052.50237383695	20709.85887679576	ncCM-AVC-like	True	0.31856808	-1.1044264	0.28740594	-1.697909	0.3829072	-1.2878937	0.3681961	-0.7387114	0.22530067	-2.935838	0.087849334	-0.6414117	0.0855181	-0.92601985	0.35847235	-1.2340546	0.1768301	-3.4998012	0.24063675	-1.1249907
ATR_255_set19__480	17055.283431180374	20643.223343174097	ncCM-AVC-like	True	0.39874047	-0.07308856	0.45780274	0.2547273	0.5304049	0.89780205	0.48159528	0.8986136	0.4314283	0.0010895916	1.1632333	2.5336995	0.963812	2.699482	0.4613578	0.60513127	0.5664616	0.5831454	0.42223167	-0.4802688
ATR_255_set19__483	17041.460881279905	20877.018434568057	aCM-LA	False	0.32060853	-1.078178	0.3572055	-0.8980514	0.3980315	-1.0637743	0.32521558	-1.3592899	0.2950303	-1.9423232	0.5465114	0.71280515	0.44742334	0.5678857	0.36258563	-1.1605252	0.33547902	-1.8373201	0.3076265	-0.88715506
ATR_255_set19__527	16993.102785691037	20818.185841929884	EPDC	False	0.5714838	2.149082	0.5894003	1.7627494	0.5756037	1.5675807	0.46800047	0.7023236	0.59745294	2.3666253	0.20103043	-0.3072403	0.2762308	-0.13877848	0.5124292	1.5180858	0.71461153	2.1356075	0.7885261	0.82019734
ATR_255_set19__557	16930.228254480036	20826.802141879853	EPDC	False	0.5075334	1.3264236	0.50809914	0.8310912	0.5003968	0.45312628	0.39256054	-0.38692307	0.50532925	1.0540377	0.11426764	-0.5634107	0.20371242	-0.43812653	0.4680146	0.7241285	0.6753687	1.7243823	0.6648919	0.3812551
ATR_255_set19__563	16927.12572234891	20874.394522546823	EPDC	False	0.50266016	1.2637346	0.5085073	0.8357686	0.5163591	0.68966377	0.40415034	-0.21958269	0.54720145	1.650637	0.082799144	-0.6563226	0.19558537	-0.4716741	0.45543724	0.49929506	0.5968361	0.90143925	0.8663847	1.0966209
ATR_255_set19__570	16911.647800286068	20760.80092356256	EPDC	False	0.49578428	1.1752833	0.48759884	0.5961711	0.49159452	0.32268986	0.3998063	-0.2823046	0.52302223	1.3061291	0.13126019	-0.51323956	0.19966632	-0.45482838	0.47121602	0.78135735	0.58666223	0.79482746	0.8393292	1.000565
ATR_255_set19__590	16878.72344299504	20779.105968097276	EPDC	False	0.499263	1.2200334	0.54426086	1.2454809	0.5308121	0.90383554	0.44020855	0.30104735	0.45534945	0.34192032	0.16312927	-0.4191449	0.20768717	-0.4217192	0.52511233	1.7448106	0.53398407	0.24281323	0.75509334	0.70149994
ATR_255_set19__623	16814.41146466778	20780.908812045956	EPDC	False	0.4676159	0.81292516	0.4556194	0.22970755	0.47074014	0.013659047	0.38335022	-0.5199071	0.4929704	0.87794757	0.13673943	-0.49706188	0.17689031	-0.5488453	0.46165106	0.6103735	0.55730367	0.48717922	0.68825555	0.46420375
ATR_255_set19__630	16798.77801493562	20883.029194309547	EPDC	False	0.52657723	1.5714039	0.535058	1.1400224	0.5492855	1.1775835	0.45592287	0.52794003	0.58871573	2.2421367	0.18649416	-0.3501592	0.21471894	-0.3926928	0.50874364	1.452203	0.782348	2.8454173	0.723284	0.58856636
ATR_255_set19__639	16779.289960897426	20832.2172273558	EPDC	False	0.4739853	0.8948613	0.49773067	0.7122753	0.4752802	0.080935895	0.3890895	-0.43704012	0.49763322	0.9443838	0.10255707	-0.59798664	0.18237102	-0.5262215	0.4569875	0.5270075	0.60176027	0.9530397	0.7498184	0.68277216
ATR_255_set19__702	16744.123382422982	20600.990022180238	vCM-LV-Compact II	False	0.38974732	-0.18877645	0.49613732	0.6940166	0.4854458	0.23157492	0.42715958	0.11263845	0.38347325	-0.68217903	0.24377862	-0.1810247	0.18960558	-0.49635804	0.3886149	-0.6952248	0.40870082	-1.0700291	0.47947884	-0.27702248
ATR_255_set19__84	17005.064869005597	20746.495628171917	EPDC	False	0.54292774	1.7817369	0.5855183	1.7182643	0.5554103	1.2683446	0.4649086	0.65768135	0.58250165	2.1535978	0.21543913	-0.26469812	0.255662	-0.22368433	0.53208923	1.8695301	0.6954105	1.9343998	0.74711365	0.67316943
ATR_255_set19__875	17006.909584034103	20829.32602630458	aCM-RA	False	0.33098602	-0.94468194	0.41716	-0.21101199	0.4178651	-0.7698701	0.2878735	-1.8984569	0.4139489	-0.24795896	0.7506137	1.3154248	0.58795065	1.1479671	0.3598329	-1.209733	0.59044224	0.83443815	0.5339946	-0.083473474
ATR_255_set19__95	16993.939187005166	20751.22973569642	EPDC	False	0.52400756	1.5383476	0.5711104	1.5531595	0.5559406	1.276203	0.44017965	0.30062997	0.5750636	2.0476196	0.18254098	-0.3618311	0.2718674	-0.1567902	0.53129673	1.8553632	0.68391794	1.8139695	0.8799603	1.1448189
ATR_256_set19__238	16570.090908591075	20777.90376216056	EPDC	False	0.39035913	-0.18090609	0.3595346	-0.8713617	0.4103964	-0.8805451	0.33995974	-1.1464049	0.4240378	-0.10421099	0.08770252	-0.6418452	0.16432141	-0.60072833	0.41679826	-0.19141738	0.49130574	-0.20441271	0.7862664	0.81217456
ATR_256_set19__274	16541.14402205695	20636.738207525897	EPDC	False	0.43968645	0.4536406	0.42166856	-0.1593469	0.4535633	-0.240876	0.36617473	-0.7678972	0.45920593	0.39686784	0.1106151	-0.57419497	0.22021052	-0.37002414	0.45185077	0.4351831	0.49930248	-0.12061494	0.85479176	1.0554622
ATR_256_set19__309	16524.3823541108	20894.26049836458	EPDC	False	0.43742993	0.42461282	0.38602847	-0.5677591	0.4486679	-0.31341836	0.31044045	-1.572622	0.47188482	0.577518	0.10004222	-0.60541177	0.21608192	-0.38706657	0.46433526	0.6583565	0.45551905	-0.5794212	0.7226598	0.5863503
ATR_256_set19__323	16510.844099064172	20797.51528780533	WBC	False	0.29815468	-1.3670244	0.22398232	-2.4247024	0.35799283	-1.6570877	0.29687062	-1.7685512	0.24681178	-2.6293454	0.12896591	-0.5200135	0.089224264	-0.9107212	0.393357	-0.6104545	0.20893548	-3.163369	0.20135947	-1.2644382
ATR_256_set19__352	16486.782832993795	20848.177224566785	EPDC	False	0.38021663	-0.3113793	0.39756322	-0.43557838	0.38769922	-1.2168833	0.3061807	-1.6341269	0.41140962	-0.28413883	0.08625089	-0.6461312	0.15803221	-0.6266895	0.36996925	-1.0285354	0.45491293	-0.58577275	0.8113428	0.90120405
ATR_256_set19__51	16712.560099368897	20666.78102744996	vCM-RV-AV	False	0.4488736	0.57182425	0.4388278	0.03728697	0.48601806	0.24005502	0.47534096	0.80831003	0.47316352	0.595737	0.4498528	0.42741698	0.3414792	0.13055983	0.39793274	-0.5286585	0.39992237	-1.1620185	0.74048364	0.6496307
ATR_256_set19__510	16677.717534592164	20876.030294997858	EPDC	False	0.4627234	0.7499881	0.4688482	0.38130102	0.4717346	0.028395662	0.34613988	-1.0571723	0.48327413	0.7397941	0.17566708	-0.38212657	0.21790153	-0.37955543	0.5256688	1.754758	0.44523025	-0.68723756	0.8861236	1.1667006
ATR_256_set19__526	16665.87471253681	20845.398122579216	EPDC	False	0.5467272	1.8306129	0.5168627	0.9315158	0.5502653	1.1921033	0.4511874	0.4595665	0.5348714	1.4749572	0.14373457	-0.47640848	0.29852742	-0.046740502	0.49914378	1.2805954	0.6283256	1.2314174	0.9528941	1.4037579
ATR_256_set19__642	16454.6146172553	20835.991501793087	EPDC	False	0.5099878	1.3579971	0.5470421	1.2773519	0.52516514	0.8201563	0.4486288	0.42262408	0.5536289	1.7422162	0.11720549	-0.55473655	0.25345472	-0.23279573	0.51066816	1.4866058	0.6427474	1.3825437	0.8108807	0.8995636
ATR_256_set19__716	16505.35838324537	20701.055303279616	EPDC	False	0.4448302	0.51980996	0.42267665	-0.1477948	0.46767023	-0.031832393	0.38980415	-0.42672142	0.4694418	0.54270965	0.096688904	-0.6153126	0.20607036	-0.4283932	0.46052948	0.59032404	0.51223576	0.014912872	0.8942443	1.1955318
ATR_256_set19__727	16685.129210803858	20654.980513175768	VIC	True	0.46757573	0.8124084	0.48736033	0.59343797	0.496433	0.3943887	0.41956648	0.0030048108	0.49336463	0.88356453	0.045712963	-0.765821	0.17112891	-0.5726277	0.40986425	-0.31537023	0.5921034	0.8518457	0.7056694	0.5260287
ATR_256_set19__782	16452.863134309642	20826.022991979455	EPDC	False	0.40509874	0.008704195	0.37313238	-0.7155399	0.39745042	-1.0723852	0.3151505	-1.5046154	0.43135184	0.0	0.113694295	-0.56510353	0.18222126	-0.5268397	0.42452085	-0.053368017	0.47807956	-0.3430098	0.8384339	0.9973865
ATR_256_set19__99	16676.50900605916	20729.717691207257	EPDC	False	0.4980376	1.20427	0.5126349	0.8830678	0.49867773	0.42765242	0.4074737	-0.17159781	0.5371686	1.5076883	0.13691722	-0.49653697	0.21868247	-0.3763318	0.46269393	0.629016	0.63044107	1.2535857	0.7487724	0.6790585
ATR_257_set19__128	16641.736271808208	20341.754699336983	vCM-LV-Compact I	False	0.27257165	-1.6961246	0.23998643	-2.2413056	0.3591811	-1.6394792	0.40617788	-0.19030784	0.30448413	-1.807624	1.1258594	2.4233518	0.8619935	2.2791862	0.32888672	-1.7629288	0.32692298	-1.9269787	0.18474951	-1.3234088
ATR_257_set19__213	16578.6408214076	20456.066770855992	Compact vFibro	False	0.40403336	-0.0050007715	0.39977056	-0.4102837	0.43142527	-0.56892854	0.34278846	-1.1055621	0.43492812	0.05095518	0.111629575	-0.57119966	0.20978417	-0.41306302	0.4436652	0.2888575	0.4588656	-0.5443526	0.8660681	1.0954971
ATR_257_set19__246	16560.05099676359	20464.417847053635	EPDC	False	0.49014983	1.1028017	0.45901352	0.26860204	0.5055114	0.5289172	0.41327643	-0.08781466	0.5088864	1.1047202	0.11200456	-0.5700925	0.20970063	-0.41340783	0.46635652	0.6944885	0.5520163	0.43177313	0.89657253	1.2037978
ATR_257_set19__251	16553.644418894994	20338.108413650483	Compact vFibro	False	0.4072648	0.03656843	0.40131027	-0.39263967	0.4131738	-0.8393882	0.34493753	-1.0745325	0.44889262	0.24992286	0.1948037	-0.32562497	0.26543322	-0.18334976	0.43297935	0.09783649	0.46444616	-0.48587412	0.8039758	0.87504894
ATR_257_set19__253	16553.787584243917	20498.29809310242	Epicardial	False	0.42930007	0.3200302	0.40476552	-0.35304475	0.4475187	-0.33044788	0.33295387	-1.2475598	0.45976853	0.40488392	0.103678145	-0.5946766	0.20892416	-0.41661304	0.46126637	0.6034968	0.4519889	-0.6164136	0.8665476	1.0971993
ATR_257_set19__278	16540.50777617632	20316.450427523483	Pericyte	False	0.38293317	-0.2764337	0.51286286	0.8856804	0.39618713	-1.0911052	0.30323097	-1.6767167	0.33596206	-1.3591233	0.14315425	-0.4781219	0.18800503	-0.5029649	0.32993114	-1.7442586	0.19392475	-3.3206663	0.6307655	0.2600951
ATR_257_set19__301	16523.995598191435	20503.31454564365	EPDC	False	0.44210652	0.48477235	0.39950198	-0.41336143	0.45816088	-0.17274682	0.3565228	-0.9072575	0.4640461	0.46583098	0.12553823	-0.53013384	0.22138703	-0.36516765	0.4552298	0.49558657	0.5426083	0.33318678	0.87590325	1.130415
ATR_257_set19__320	16506.0167388954	20485.251199243132	EPDC	False	0.49549526	1.1715653	0.4983956	0.7198949	0.50780004	0.56283146	0.37591526	-0.6272576	0.54015714	1.5502689	0.14285624	-0.4790018	0.2371679	-0.30002597	0.49445045	1.1966972	0.59631777	0.8960078	0.8418611	1.0095543
ATR_257_set19__332	16492.941357202955	20456.418331674384	Compact vFibro	False	0.3926366	-0.1516088	0.4000779	-0.40676165	0.4067055	-0.93523866	0.31354654	-1.5277743	0.42298257	-0.11924616	0.12780905	-0.52342916	0.17488939	-0.5571049	0.40724373	-0.36221474	0.4696347	-0.4315033	0.85009164	1.0387753
ATR_257_set19__336	16487.112899887346	20380.049599813596	Compact vFibro	False	0.42745343	0.29627502	0.37482613	-0.6961306	0.42290947	-0.69512004	0.4053872	-0.20172423	0.41411	-0.24566342	0.3855556	0.23757711	0.35230562	0.17525007	0.41891092	-0.15365142	0.38434687	-1.325234	0.8015754	0.8665267
ATR_257_set19__363	16470.214998707397	20348.256443398488	Trabecular vFibro	False	0.32166457	-1.0645931	0.24282794	-2.2087438	0.3681489	-1.5065899	0.31672353	-1.4819032	0.32125005	-1.5687414	0.21433118	-0.26796937	0.25482446	-0.22714157	0.3477306	-1.4260744	0.4253149	-0.8959303	0.7102277	0.54221225
ATR_257_set19__398	16449.122060041504	20403.724769014323	Compact vFibro	False	0.29605043	-1.3940935	0.25832218	-2.03119	0.33425015	-2.0089185	0.3135884	-1.5271698	0.2899198	-2.0151381	0.5079561	0.59896916	0.35205472	0.17421436	0.3441417	-1.4902301	0.30122423	-2.1962757	0.7845874	0.80621356
ATR_257_set19__471	16675.562131018414	20589.63347134632	vCM-LV-AV	False	0.41336763	0.11507525	0.4081174	-0.31463417	0.44679716	-0.3411401	0.40613985	-0.1908569	0.43106788	-0.0040458413	0.3929432	0.2593893	0.2989726	-0.04490282	0.5262417	1.7649996	0.36757863	-1.5009484	0.47265112	-0.30126312
ATR_257_set19__545	16539.973744989016	20514.32091689739	EPDC	False	0.48969588	1.096962	0.4795702	0.5041683	0.5018622	0.4748419	0.39376193	-0.36957666	0.5074905	1.0848316	0.124252684	-0.5339295	0.22456712	-0.35204062	0.48125693	0.96084917	0.585135	0.77882344	0.91522884	1.2700338
ATR_257_set19__581	16459.419606472802	20579.984731611756	EPDC	False	0.50806487	1.3332608	0.47710475	0.47591576	0.5189962	0.72874147	0.42938226	0.14473093	0.5445356	1.6126534	0.13917792	-0.48986217	0.25304806	-0.23447435	0.5114486	1.5005574	0.5609077	0.5249461	0.8990176	1.2124785
ATR_257_set19__612	16673.77688142802	20325.40149415374	vCM-LV-Compact II	False	0.35907772	-0.58331025	0.3255153	-1.2612005	0.4051553	-0.9582103	0.3637742	-0.8025573	0.23607677	-2.782299	0.10109266	-0.6023103	0.11023825	-0.8239777	0.38745728	-0.7159183	0.19333309	-3.3268664	0.27277502	-1.0108893
ATR_257_set19__653	16693.87414333163	20407.516993178462	vCM-LV-Compact I	False	0.3711978	-0.42739767	0.3877407	-0.548138	0.4933049	0.34803522	0.48446533	0.9400531	0.42167914	-0.13781764	1.3626306	3.1224275	1.0829648	3.1913316	0.4133848	-0.25243673	0.56608003	0.57914674	0.32880485	-0.81196487
ATR_257_set19__667	16656.732755656492	20308.004324179034	VIC	True	0.42284778	0.23702791	0.37050244	-0.74567723	0.41468298	-0.81702423	0.36334762	-0.80871665	0.4046401	-0.38059148	0.18518202	-0.35403335	0.24569185	-0.26484	0.4366051	0.16265059	0.42803824	-0.8673925	0.64324135	0.30438846
ATR_257_set19__673	16518.435085787823	20516.8717409241	EPDC	False	0.42318532	0.24137004	0.4183874	-0.19694668	0.4393813	-0.45103207	0.33304134	-1.2462968	0.45460176	0.33126727	0.09579604	-0.6179488	0.18717285	-0.5064001	0.4274083	-0.001751675	0.48030993	-0.3196377	0.90464526	1.2324587
ATR_257_set19__69	16692.53421052771	20493.054281701716	vCM-RV-Proliferating	False	0.3910842	-0.17157891	0.39702967	-0.4416925	0.45736778	-0.18449937	0.40777224	-0.16728745	0.34109583	-1.2859768	0.33963388	0.10199154	0.28672394	-0.095463976	0.4346001	0.12680945	0.35572726	-1.6251389	0.41298768	-0.51308805
ATR_257_set19__725	16519.10871221353	20562.515051677165	aFibro	False	0.3891203	-0.19684231	0.37722132	-0.6686833	0.4525774	-0.25548545	0.36582896	-0.77288955	0.4587686	0.39063686	0.08263236	-0.65681505	0.11732464	-0.79472584	0.42964405	0.03821454	0.6168752	1.1114287	0.7108471	0.5444111
ATR_258_set19__11	16736.941500560322	20041.753294367554	Compact vFibro	False	0.34445682	-0.77139354	0.28479254	-1.7278568	0.36905926	-1.4930996	0.31629857	-1.4880389	0.27847373	-2.1782227	0.28853652	-0.04887533	0.300433	-0.038874432	0.4323582	0.086732954	0.21632421	-3.0859427	0.6297152	0.2563662
ATR_258_set19__279	16515.282189598904	20235.488899617587	EPDC	False	0.50386035	1.2791739	0.5050947	0.7966624	0.5185888	0.7227044	0.41525856	-0.05919559	0.5156077	1.2004862	0.12964764	-0.51800066	0.23304363	-0.3170505	0.50830996	1.4444505	0.5761485	0.68465424	0.9759057	1.4854568
ATR_258_set19__280	16511.455100071922	20152.98193191745	VIC	True	0.45091614	0.5980994	0.5525841	1.34086	0.48164538	0.17525835	0.4286453	0.13409038	0.5098122	1.1179109	0.3435674	0.1136054	0.35791036	0.19838585	0.4016863	-0.46155944	0.5901021	0.83087355	0.9387601	1.3535776
ATR_258_set19__289	16505.547270987685	20105.06164796536	VEC	True	0.5968084	2.4748576	0.6832621	2.8383446	0.5985475	1.9075735	0.5526826	1.9250144	0.578964	2.103193	0.20652993	-0.29100284	0.26352635	-0.19122112	0.5488766	2.1696217	0.61714816	1.1142893	0.79098386	0.82892317
ATR_258_set19__292	16500.921219536503	20190.403934465932	EPDC	False	0.4244597	0.25776362	0.39288333	-0.48920685	0.44061556	-0.43274215	0.338387	-1.1691128	0.45726958	0.36927858	0.122283906	-0.53974235	0.21606189	-0.38714924	0.44900393	0.3842929	0.5202744	0.099149734	0.87841916	1.1393473
ATR_258_set19__386	16429.714939838614	20119.26368550954	VIC	True	0.36914974	-0.45374373	0.31397521	-1.3934424	0.35723937	-1.6682528	0.35603538	-0.91429514	0.3918433	-0.5629218	0.67898315	1.103933	0.4442869	0.55493885	0.35320178	-1.3282715	0.3564928	-1.6171169	0.61748135	0.21293199
ATR_258_set19__444	16598.889221962778	20255.041048507377	Compact vFibro	False	0.4612866	0.7315051	0.45673084	0.24244402	0.48155048	0.17385222	0.37725648	-0.6078922	0.47869083	0.67449075	0.15882549	-0.43185198	0.23812799	-0.2960628	0.4931633	1.1736878	0.5598606	0.5139732	0.8467518	1.0269178
ATR_258_set19__552	16560.859664100186	20077.613917480176	VIC	True	0.38350934	-0.26902187	0.40166852	-0.3885343	0.3886668	-1.202545	0.32672286	-1.3375268	0.41832274	-0.18563992	0.12256049	-0.5389257	0.19304384	-0.48216525	0.3964679	-0.55484414	0.4628812	-0.5022732	0.9360788	1.344058
ATR_258_set19__661	16619.170255396617	20220.727375376082	VIC	True	0.56032133	2.0054882	0.56841356	1.5222551	0.5795842	1.6265651	0.47556445	0.81153685	0.58061117	2.126662	0.13235258	-0.51001424	0.2532151	-0.23378482	0.5243718	1.7315729	0.6523602	1.4832761	0.77971244	0.7889059
ATR_258_set19__768	16542.55822813681	20081.42529672841	vCM-RV-Hybrid	False	0.24902248	-1.9990611	0.37991554	-0.63780934	0.3904584	-1.1759963	0.31376216	-1.5246612	0.2684825	-2.3205788	1.3373653	3.0478306	0.97441113	2.7432342	0.3175603	-1.9654007	0.5155333	0.049468063	0.32430777	-0.827931
ATR_258_set19__774	16493.730715491598	20274.740057153882	Compact vFibro	False	0.45264965	0.6203993	0.4842512	0.5578094	0.45996037	-0.14608102	0.3979267	-0.30944344	0.48302168	0.73619705	0.102960855	-0.5967944	0.21234313	-0.4024999	0.41666615	-0.19377905	0.51916647	0.08753973	0.86585855	1.094753
ATR_259_set19__129	16327.291615987515	20421.92618700708	EPDC	False	0.48107126	0.98601496	0.50562286	0.8027147	0.49897557	0.43206602	0.38396424	-0.5110416	0.5050616	1.0502245	0.12670973	-0.526675	0.2343924	-0.31148288	0.48869133	1.0937469	0.53781444	0.28295168	0.8535988	1.0512267
ATR_259_set19__146	16308.941317616844	20397.525160955916	vCM-RV-AV	False	0.37615848	-0.3635834	0.35342237	-0.9414037	0.47445107	0.06864942	0.5500059	1.8863671	0.38829792	-0.6134367	1.0312424	2.1439915	0.8132567	2.078006	0.35492742	-1.2974238	0.46890977	-0.43909994	0.15940505	-1.41339
ATR_259_set19__2	16438.253615267073	20549.22644046172	EPDC	False	0.5094304	1.3508271	0.50840193	0.834561	0.50274205	0.48787957	0.44957802	0.43632925	0.54311186	1.5923681	0.12769888	-0.5237544	0.22615826	-0.3454725	0.49759173	1.2528509	0.6183954	1.127359	0.71832204	0.57094973
ATR_259_set19__285	16201.804191193112	20426.575139979177	EPDC	False	0.45901984	0.70234543	0.44208705	0.07463575	0.4785349	0.12916586	0.3758988	-0.6274951	0.4733437	0.5983043	0.121740036	-0.54134816	0.22134332	-0.36534807	0.4768431	0.88194704	0.54540575	0.36250097	0.91835713	1.2811403
ATR_259_set19__367	16140.312901376321	20437.626792312127	EPDC	False	0.4584941	0.6955823	0.45507756	0.22349846	0.4807312	0.16171148	0.40677872	-0.18163249	0.4807053	0.70319295	0.16407397	-0.41635564	0.26444086	-0.1874461	0.4848042	1.0242605	0.51630175	0.057520363	0.8404512	1.0045484
ATR_259_set19__435	16404.994448817335	20471.452061836	EPDC	False	0.4403156	0.4617341	0.41535833	-0.23165795	0.46655616	-0.048341252	0.36417937	-0.79670733	0.46352923	0.4584667	0.11106636	-0.5728626	0.21183342	-0.40460393	0.46865135	0.7355112	0.5296894	0.19780916	0.8780098	1.1378939
ATR_259_set19__471	16358.466934096916	20326.95802775015	Compact vFibro	False	0.52433795	1.5425977	0.5296703	1.0782826	0.54667175	1.138852	0.4616676	0.6108858	0.5381195	1.5212364	0.17878109	-0.3729323	0.28309244	-0.110454425	0.52330434	1.7124909	0.65732616	1.5353144	0.8724148	1.11803
ATR_259_set19__494	16300.194718877237	20466.756257759025	EPDC	False	0.48212448	0.9995635	0.47666526	0.47087944	0.4976761	0.4128098	0.37975064	-0.5718801	0.5079093	1.0907984	0.13145632	-0.5126605	0.26922435	-0.16770041	0.49857453	1.2704194	0.57960725	0.72089833	0.88294345	1.15541
ATR_259_set19__500	16317.86748818146	20471.18095143671	Neuronal	False	0.38704437	-0.22354722	0.42338625	-0.13966332	0.4290885	-0.603556	0.31139234	-1.5588781	0.37187842	-0.8473834	0.23385665	-0.21031968	0.28105456	-0.118866585	0.52361494	1.7180432	0.33113474	-1.8828437	0.56560296	0.028746575
ATR_259_set19__511	16325.503586987927	20570.758476157076	adFibro	False	0.42577288	0.2746564	0.4542498	0.21401288	0.43691885	-0.48752186	0.31627503	-1.4883788	0.45624995	0.3547508	0.08546633	-0.64844763	0.1645221	-0.59989995	0.40630355	-0.37902135	0.5396248	0.30192256	0.8726528	1.1188749
ATR_259_set19__517	16306.405795933364	20516.731294033903	EPDC	False	0.49705577	1.1916397	0.5107901	0.861928	0.5285869	0.87086195	0.4631082	0.6316863	0.53344446	1.4546261	0.096378915	-0.6162278	0.22786517	-0.3384266	0.54256946	2.056875	0.5781218	0.7053321	0.83331233	0.9792032
ATR_259_set19__637	16397.48109666569	20454.823077535686	EPDC	False	0.45768836	0.68521726	0.43033051	-0.060086522	0.46449223	-0.07892561	0.3613441	-0.8376447	0.48522395	0.76757526	0.1309432	-0.5141755	0.214274	-0.39452946	0.46808264	0.7253448	0.56313336	0.5482685	0.8315215	0.9728452
ATR_259_set19__687	16193.84027900627	20501.07559029265	EPDC	False	0.44703442	0.5481649	0.4108373	-0.28346613	0.43712512	-0.48446536	0.37709296	-0.6102533	0.4734387	0.599658	0.10147807	-0.6011724	0.18644474	-0.5094056	0.4346601	0.12788187	0.5042719	-0.068540126	0.8125898	0.9056315
ATR_259_set19__785	16148.59219506433	20345.32098540505	vCM-LV-Compact I	False	0.48085374	0.9832167	0.54078275	1.2056241	0.5170035	0.6992126	0.4500917	0.44374597	0.4916807	0.8595719	0.5863444	0.83041364	0.5674984	1.0635425	0.48338673	0.99892145	0.44304234	-0.7101646	0.6746063	0.41574448
ATR_259_set19__794	16396.128414262046	20585.34746871527	aFibro	False	0.37313217	-0.4025138	0.35663795	-0.9045552	0.40384808	-0.9775813	0.34006462	-1.1448905	0.4015135	-0.42513987	0.07613057	-0.6760118	0.14252052	-0.6907201	0.39327705	-0.6118838	0.44448957	-0.6949991	0.7536732	0.696458
ATR_259_set19__89	16363.677508980063	20336.92543246324	Compact vFibro	False	0.37165627	-0.4214998	0.49905378	0.72743726	0.39724672	-1.0754037	0.21261577	-2.985073	0.38349375	-0.6818869	0.062121157	-0.71737516	0.11376667	-0.80941284	0.34869915	-1.4087607	0.3099933	-2.104385	0.7294919	0.6106064
ATR_259_set19__98	16353.44112662994	20336.147691431284	Proliferating vFibro	False	0.41745496	0.16765466	0.398038	-0.4301377	0.43463677	-0.52133894	0.34516224	-1.071288	0.43187666	0.007477673	0.20350292	-0.2999402	0.23927905	-0.29131135	0.4767727	0.8806887	0.4640073	-0.49047303	0.82947814	0.9655906
ATR_260_set19__116	16332.360214922128	20076.45957132264	vCM-RV-Hybrid	False	0.27465984	-1.669262	0.25545672	-2.0640264	0.35203344	-1.745397	0.43125698	0.17179918	0.2919222	-1.9866076	1.0822495	2.294592	0.8713445	2.3177862	0.3142925	-2.0238159	0.29018	-2.3120081	0.27250454	-1.0118495
ATR_260_set19__170	16283.203799124085	20012.94821468321	vCM-RV-Hybrid	False	0.37798	-0.34015137	0.42436177	-0.1284845	0.47725868	0.11025411	0.48963475	1.0146923	0.41764644	-0.19527596	1.1372392	2.4569511	0.9281777	2.5523875	0.41138676	-0.28815374	0.53811765	0.28612903	0.3402201	-0.771437
ATR_260_set19__414	16233.573360012186	20226.93933644501	Compact vFibro	False	0.48389646	1.0223584	0.45681855	0.24344909	0.5035804	0.5003025	0.41577765	-0.05170056	0.49564764	0.91609305	0.23473771	-0.20771833	0.29668412	-0.05434946	0.51528585	1.5691519	0.5488636	0.3987357	0.9375892	1.3494205
ATR_260_set19__430	16195.246559806335	20055.97586494428	vCM-RV-Hybrid	False	0.42370877	0.24810368	0.43965384	0.046752747	0.45931196	-0.15568946	0.43577978	0.23710208	0.4010544	-0.43168083	0.53389347	0.6755502	0.45175186	0.5857533	0.4410345	0.24183078	0.42804694	-0.8673013	0.54224503	-0.054181777
ATR_260_set19__449	16180.762592599647	20264.580324762497	Compact vFibro	False	0.3920617	-0.15900414	0.3331623	-1.1735709	0.3860671	-1.241069	0.32142863	-1.4139681	0.38584143	-0.64843696	0.3556822	0.14937478	0.3396136	0.12285873	0.42021498	-0.13033997	0.33217382	-1.8719552	0.6844434	0.4506694
ATR_260_set19__485	16352.83666913198	20040.095031190893	VIC	True	0.26024657	-1.8546743	0.2392729	-2.2494822	0.30657828	-2.4189744	0.26431662	-2.2385852	0.34317353	-1.2563734	0.23300521	-0.21283358	0.18437882	-0.51793355	0.36457807	-1.1249083	0.4584099	-0.549128	0.6308051	0.2602356
ATR_260_set19__492	16216.70017313065	20171.581981286534	vCM-RV-Hybrid	False	0.37871352	-0.33071533	0.41319677	-0.25642803	0.48920318	0.2872538	0.4651165	0.66068316	0.4181567	-0.1880055	0.93254477	1.852583	0.7532604	1.8303478	0.41416577	-0.23847607	0.48762524	-0.24298063	0.3625463	-0.6921716
ATR_260_set19__50	16390.163314804377	20040.316093858728	VIC	True	0.50992703	1.3572156	0.57089424	1.5506822	0.52026814	0.74759007	0.45966378	0.58195347	0.542165	1.5788769	0.18189056	-0.3637515	0.24129336	-0.2829965	0.5077231	1.4339596	0.6216526	1.1614914	0.7531446	0.6945814
ATR_260_set19__578	16297.60158180397	20140.22952744979	Pericyte	False	0.32786822	-0.9847893	0.3769139	-0.67220604	0.35745242	-1.6650957	0.25604096	-2.3580742	0.31846178	-1.6084691	0.071711116	-0.6890604	0.125415	-0.76132977	0.4018573	-0.45850307	0.30700997	-2.135647	0.4855975	-0.25529924
ATR_260_set19__599	16365.308263855432	20244.10824785022	vCM-LV-Compact I	False	0.2748965	-1.6662177	0.22614804	-2.3998845	0.36182123	-1.6003563	0.45098567	0.45665377	0.28292865	-2.1147487	1.2293177	2.728816	0.9813138	2.7717276	0.2990065	-2.2970693	0.29172257	-2.2958436	0.17207332	-1.3684136
ATR_260_set19__620	16297.358126987898	20041.324019410884	BEC	False	0.34257057	-0.79565823	0.43010977	-0.062616125	0.39376745	-1.1269612	0.30675933	-1.6257722	0.28056628	-2.148408	0.14791268	-0.46407247	0.17175014	-0.57006335	0.44092706	0.23991022	0.28337562	-2.3833113	0.33168492	-0.8017397
ATR_260_set19__75	16364.165130210547	20059.064511757082	vCM-LV-Compact I	False	0.3452488	-0.7612057	0.38414147	-0.5893828	0.43555862	-0.50767857	0.35023308	-0.99807227	0.38590375	-0.64754903	0.7295784	1.2533172	0.5527862	1.002812	0.4306459	0.056123924	0.43643737	-0.77937806	0.12379417	-1.5398204
ATR_261_set19__92	15869.832525272233	20173.679916775054	vCM-RV-AV	False	0.34359026	-0.782541	0.3974405	-0.43698472	0.42761126	-0.6254465	0.36102313	-0.8422791	0.3413125	-1.2828897	0.24878277	-0.16624975	0.2920752	-0.07337462	0.4923732	1.1595641	0.2557824	-2.6724606	0.15444712	-1.4309922
ATR_262_set19__133	15639.199014763588	20199.041296358948	vCM-RV-Hybrid	False	0.34958646	-0.7054059	0.395725	-0.45664302	0.37847665	-1.353548	0.35559565	-0.9206442	0.29764774	-1.9050295	0.40055507	0.28186363	0.35202295	0.17408322	0.31884953	-1.942354	0.2841659	-2.37503	0.47779375	-0.2830051
ATR_262_set19__169	15597.577078123939	20093.39815615155	vCM-RV-Hybrid	False	0.35308084	-0.66045415	0.37104434	-0.73946744	0.4850892	0.22629087	0.46940506	0.72260386	0.4007702	-0.4357305	1.5594038	3.7034078	1.1882253	3.6258357	0.40406695	-0.419003	0.5106553	-0.0016489354	0.361031	-0.6975514
ATR_262_set19__205	15557.58679776111	20092.937121819843	vCM-RV-Hybrid	False	0.3291888	-0.9678015	0.39766797	-0.43437794	0.42800662	-0.6195879	0.4902622	1.0237519	0.39278328	-0.5495287	1.2606722	2.8213916	1.0209866	2.9354923	0.36491698	-1.1188499	0.47628942	-0.36176863	0.17671075	-1.3519491
ATR_262_set19__234	15528.883313625163	20045.109127548225	VIC	True	0.48218563	1.0003502	0.53312474	1.1178683	0.489149	0.28645092	0.43540108	0.23163421	0.49310246	0.8798291	0.24652287	-0.17292218	0.28911126	-0.0856094	0.47712928	0.887063	0.58956146	0.8252085	0.890534	1.182359
ATR_262_set19__243	15516.579514306082	20181.511841891814	Compact vFibro	False	0.4003772	-0.05203348	0.34034172	-1.0912994	0.43671596	-0.49052846	0.35013846	-0.99943846	0.43039814	-0.013588473	0.123118944	-0.5372769	0.19389854	-0.47863713	0.44276628	0.27278823	0.46614048	-0.46811932	0.7826553	0.799354
ATR_262_set19__297	15739.808229157848	20147.442459890575	BEC	False	0.30965713	-1.219057	0.30010137	-1.5524276	0.3556418	-1.6919262	0.33933493	-1.1554261	0.25070977	-2.5738065	0.17879027	-0.37290522	0.1738125	-0.5615502	0.3724662	-0.98389953	0.24883711	-2.7452402	0.43681604	-0.4284895
ATR_262_set19__324	15536.450162597892	20219.763387352872	vCM-LV-Compact II	False	0.34132856	-0.8116355	0.3264792	-1.250155	0.39682218	-1.0816946	0.35933414	-0.86666566	0.27631682	-2.2089546	0.15457861	-0.44439104	0.15624398	-0.6340711	0.38916284	-0.6854297	0.22749583	-2.9688752	0.2011303	-1.2652516
ATR_262_set19__394	15752.782192308738	20053.863697827295	vCM-LV-Compact I	False	0.43027085	0.33251834	0.45241052	0.19293593	0.53243136	0.9278308	0.5169393	1.4089314	0.46123624	0.42579594	1.2761415	2.8670652	0.99690163	2.8360724	0.46958584	0.75221604	0.51641315	0.058687735	0.371134	-0.66168237
ATR_262_set19__60	15733.29655201238	20074.824720949044	vCM-LV-Compact I	False	0.3907744	-0.17556411	0.38077155	-0.62799996	0.4713009	0.02196868	0.42056814	0.017467318	0.3560175	-1.0733713	0.7713345	1.3766038	0.5907705	1.1596072	0.4202101	-0.13042733	0.40058553	-1.1550692	0.30745155	-0.88777614
ATR_262_set19__66	15724.34299912316	20124.273120775753	vCM-RV-Hybrid	False	0.28908557	-1.4836895	0.24303703	-2.2063477	0.38434047	-1.2666551	0.44461167	0.36462215	0.3113969	-1.7091302	1.4754045	3.4553967	1.1519142	3.4759476	0.32705978	-1.7955873	0.3479674	-1.7064545	0.24201673	-1.1200913
ATR_262_set19__71	15717.08534571708	20019.670272798692	vCM-RV-Hybrid	False	0.33781508	-0.856833	0.33784038	-1.1199632	0.42712992	-0.6325792	0.43102282	0.16841829	0.3352475	-1.3693045	0.66160446	1.0526217	0.54160947	0.95667577	0.39708564	-0.5438013	0.21479544	-3.1019626	0.22432242	-1.1829119
ATR_262_set19__73	15716.616628810105	20089.64508979019	vCM-RV-Hybrid	False	0.35778382	-0.59995496	0.4107813	-0.28410783	0.41664132	-0.7880046	0.37904632	-0.5820494	0.33531713	-1.3683122	0.18449804	-0.35605282	0.20998622	-0.41222894	0.5155582	1.5740201	0.3427123	-1.7615224	0.06401944	-1.7520405
ATR_263_set19__119	15268.491579545958	20569.259624558174	aCM-RA	False	0.40886793	0.05719105	0.44993293	0.1645444	0.5217313	0.7692721	0.4977353	1.1316527	0.40536496	-0.3702637	1.212755	2.679914	1.0581388	3.088853	0.4664162	0.6955556	0.5973097	0.9064023	0.5683586	0.03853001
ATR_263_set19__205	15363.896228419368	20624.26040069511	aCM-RA	False	0.34311	-0.7887191	0.43605018	0.005457071	0.39258358	-1.1445044	0.2582213	-2.3265932	0.35090446	-1.1462224	0.0919202	-0.6293923	0.21574274	-0.3884667	0.33186698	-1.7096535	0.4887296	-0.2314081	0.6669771	0.38865826
ATR_263_set19__79	15435.81680218136	20396.686471648925	VEC	True	0.37931064	-0.32303396	0.33768693	-1.1217216	0.3717141	-1.4537591	0.34388074	-1.089791	0.32391462	-1.5307765	0.16759087	-0.40597185	0.21668416	-0.38458058	0.48117056	0.9593052	0.40676546	-1.0903099	0.84180933	1.0093703
ATR_264_set19__127	15392.871025917864	20126.210875707508	vCM-LV-Compact I	False	0.31043643	-1.2090319	0.35705534	-0.8997723	0.4216542	-0.71372133	0.41575482	-0.052030172	0.37527895	-0.79893225	1.3071698	2.9586775	0.9952998	2.8294604	0.37418976	-0.9530892	0.47034657	-0.42404372	0.30547377	-0.89479786
ATR_264_set19__212	15309.976112434373	20057.322124305265	vCM-RV-Trabecular	False	0.38633066	-0.23272833	0.41093636	-0.28233093	0.5026129	0.48596558	0.4928536	1.0611681	0.43675837	0.07703277	1.4907231	3.5006256	1.1267412	3.372036	0.4262072	-0.02322248	0.5080868	-0.028564058	0.4153798	-0.5045952
ATR_264_set19__236	15297.576704198675	20186.218692380626	Proliferating vFibro	False	0.42673653	0.28705287	0.48892888	0.6114126	0.46068734	-0.13530843	0.4115542	-0.11268148	0.45959947	0.40247503	0.33943126	0.10139328	0.3757775	0.2721395	0.4693903	0.74872065	0.51316434	0.024643464	0.7502655	0.6843595
ATR_264_set19__370	15368.088488310015	20175.803626353	Pericyte	False	0.3610373	-0.5581021	0.30617365	-1.4828432	0.42339066	-0.68798953	0.2747711	-2.0876374	0.35607362	-1.0725718	0.3996883	0.27930447	0.32292426	0.053966988	0.37467754	-0.9443697	0.35484505	-1.6343836	0.9716669	1.4704075
ATR_264_set19__493	15392.589843651705	20221.385909708162	Compact vFibro	False	0.36383235	-0.52214664	0.3322213	-1.1843542	0.41317034	-0.8394394	0.340885	-1.1330452	0.39023307	-0.5858644	0.31574988	0.031473145	0.28643483	-0.0966574	0.39515355	-0.5783394	0.41838837	-0.9685134	0.728411	0.6067689
ATR_264_set19__543	15456.927805271882	20093.364034369708	vCM-LV-Compact I	False	0.3520241	-0.67404795	0.3531363	-0.9446819	0.46113616	-0.12865755	0.46661228	0.68228006	0.39964002	-0.4518332	1.2385184	2.7559814	0.96544415	2.7062192	0.40014952	-0.4890311	0.46845028	-0.44391495	0.33452207	-0.79166687
ATR_264_set19__546	15404.500642340741	20035.536807368022	Compact vFibro	False	0.46240264	0.74586177	0.4705296	0.40056863	0.46984074	0.00033121943	0.39544648	-0.34525418	0.48629797	0.782878	0.2074548	-0.2882721	0.25152814	-0.2407484	0.4487533	0.37981248	0.52675676	0.16707838	0.75102806	0.6870669
ATR_264_set19__563	15278.64651862569	20045.30035439912	Compact vFibro	False	0.41235673	0.1020711	0.37954804	-0.6420205	0.43884662	-0.4589553	0.4125972	-0.09762171	0.4393283	0.113649584	0.26689306	-0.11277845	0.27943802	-0.12553948	0.4525381	0.44746986	0.47050595	-0.42237356	0.7552315	0.7019905
ATR_264_set19__589	15265.978338947942	20154.4382544738	Compact vFibro	False	0.44087487	0.46892852	0.4122343	-0.26745728	0.4419347	-0.41319445	0.39817867	-0.30580524	0.45086595	0.27803907	0.093968235	-0.62334543	0.15945601	-0.6208122	0.40878502	-0.33466262	0.42339176	-0.9160829	0.7642299	0.73393774
ATR_264_set19__70	15435.770666345483	20171.35642377141	vCM-LV-Compact I	False	0.43702605	0.4194173	0.47234973	0.42142633	0.5182061	0.7170339	0.49842083	1.141551	0.46233884	0.44150585	0.8207095	1.5223854	0.7237288	1.7084445	0.42366987	-0.0685801	0.5263828	0.16315965	0.5103619	-0.16737738
ATR_264_set19__98	15422.459059087905	20169.48827343661	BEC	False	0.33629015	-0.87644964	0.30588552	-1.486145	0.37452886	-1.4120485	0.3292277	-1.3013606	0.26776445	-2.3308098	0.17949677	-0.37081927	0.16725837	-0.58860487	0.42939755	0.03380818	0.23247147	-2.9167356	0.33751673	-0.7810348
ATR_265_set19__167	15067.529956174443	19796.593029000705	Compact vFibro	False	0.36532658	-0.50292486	0.36707786	-0.78492075	0.38780802	-1.215271	0.37243816	-0.677462	0.38924962	-0.59987664	0.341847	0.108525865	0.30634877	-0.014454816	0.3459598	-1.4577292	0.40276882	-1.1321906	0.7719396	0.7613097
ATR_265_set19__192	15054.12603487303	19939.72995679262	vCM-RV-Hybrid	False	0.37615702	-0.36360216	0.4049762	-0.35063055	0.49753734	0.41075358	0.4818025	0.9016055	0.42723218	-0.058697395	1.4287527	3.3176553	1.1419989	3.435018	0.434631	0.12736137	0.57024866	0.62282974	0.33119148	-0.80349153
ATR_265_set19__225	15024.88924800304	19836.351535610887	Compact vFibro	False	0.39671373	-0.0991605	0.40551028	-0.34451026	0.40500012	-0.96050984	0.32739368	-1.327841	0.42184904	-0.13539684	0.5246247	0.6481838	0.45375833	0.5940358	0.41756564	-0.17769966	0.34603453	-1.7267089	0.74390996	0.66179526
ATR_265_set19__320	14930.409883482462	19715.147367170455	vCM-LV-Compact I	False	0.37019017	-0.44035965	0.41166356	-0.27399763	0.4821848	0.18325178	0.45524248	0.51811624	0.43626875	0.07005658	1.4155533	3.278684	1.1037172	3.2769954	0.403547	-0.42829788	0.5548089	0.4610367	0.3338288	-0.7941282
ATR_265_set19__372	15171.521370232384	19861.076276319873	Compact vFibro	False	0.42601317	0.27774754	0.38995203	-0.5227976	0.45708606	-0.18867406	0.4126082	-0.09746293	0.48006183	0.69402486	0.16753675	-0.40613165	0.24540722	-0.2660149	0.43877006	0.20135152	0.55496085	0.4626288	0.67032987	0.40056166
ATR_265_set19__400	15120.883957951506	19819.494452157967	Compact vFibro	False	0.37647992	-0.35944828	0.3947045	-0.46833754	0.44810802	-0.32171518	0.35750443	-0.89308417	0.3919019	-0.5620866	0.22224353	-0.24460785	0.26514822	-0.1845262	0.46397227	0.6518676	0.48174357	-0.30461457	0.6504968	0.33014765
ATR_265_set19__501	15093.441551350588	19897.00983887993	Compact vFibro	False	0.4871189	1.0638118	0.5123199	0.8794586	0.50390124	0.50505704	0.39190182	-0.39643407	0.528817	1.3886935	0.10048478	-0.60410506	0.19713204	-0.46528962	0.43472064	0.12896387	0.5687293	0.60690814	0.7186034	0.5719485
ATR_265_set19__513	14905.693101998377	19823.03679136752	EPDC	False	0.44943428	0.5790368	0.47181046	0.4152466	0.44388983	-0.38422248	0.34658346	-1.0507677	0.5012189	0.99547315	0.095469706	-0.6189123	0.18897939	-0.49894288	0.41522655	-0.21951343	0.4989408	-0.124405	0.8790482	1.1415807
ATR_265_set19__520	15089.635364449272	19953.509488966225	Compact vFibro	False	0.41948408	0.19375728	0.42085013	-0.16872558	0.44443005	-0.37621713	0.37739837	-0.60584354	0.47667563	0.64577794	0.17971572	-0.3701728	0.22910121	-0.33332434	0.41333368	-0.25335038	0.52985686	0.19956428	0.6567071	0.35219637
ATR_265_set19__561	14986.347146731321	19837.318170666906	BEC	False	0.2974096	-1.3766092	0.3844421	-0.5859379	0.33304298	-2.026807	0.26879713	-2.173893	0.2848494	-2.0873816	0.10175462	-0.60035586	0.13192086	-0.7344743	0.37640405	-0.9135065	0.2196554	-3.0510352	0.28954652	-0.9513449
ATR_265_set19__567	14910.35931207928	19771.428031017986	Proliferating vFibro	False	0.34350976	-0.7835765	0.32845527	-1.2275105	0.40517485	-0.95792055	0.32714054	-1.3314961	0.3596998	-1.0209057	0.43334165	0.37866724	0.36094603	0.21091674	0.32729384	-1.791403	0.39732537	-1.1892325	0.5201177	-0.13274111
ATR_265_set19__582	15036.190205091105	19776.212533529142	Pericyte	False	0.40227824	-0.027578618	0.430009	-0.063770786	0.429418	-0.59867334	0.3688734	-0.7289323	0.43549865	0.059084233	0.2219262	-0.24554479	0.26621082	-0.1801399	0.46422663	0.6564146	0.45505217	-0.5843137	0.7803481	0.7911628
ATR_265_set19__622	15080.78075834249	19976.40853553108	vCM-RV-Proliferating	False	0.37218037	-0.41475773	0.3397227	-1.0983931	0.49225512	0.33247894	0.53351104	1.6482043	0.41738558	-0.19899273	1.1351933	2.4509106	0.9483506	2.635659	0.39266473	-0.6228297	0.46170852	-0.51456183	0.16891286	-1.3796343
ATR_265_set19__632	15038.204191092018	19740.357732851975	vCM-LV-Compact II	False	0.32126236	-1.0697671	0.30827424	-1.4587718	0.3786297	-1.3512799	0.34338066	-1.0970116	0.2601217	-2.4397044	0.22968091	-0.22264871	0.20337515	-0.43951875	0.3619936	-1.1711082	0.21396679	-3.110646	0.16504742	-1.3933579
ATR_265_set19__643	14971.909962043212	19874.607322730313	vCM-LV-Compact I	False	0.3723216	-0.4129409	0.39384013	-0.4782425	0.4808861	0.16400705	0.4588068	0.56958014	0.42411053	-0.1031749	1.1214936	2.4104614	0.887411	2.3841069	0.41788906	-0.17191827	0.4738535	-0.38729465	0.39305615	-0.5838515
ATR_265_set19__653	14927.496348527658	19809.175705177422	vEndocardial	False	0.45250764	0.61857253	0.53058857	1.0888054	0.45212975	-0.26211908	0.40079883	-0.26797378	0.44795963	0.23662949	0.2545888	-0.1491072	0.24718525	-0.25867543	0.4506659	0.41400212	0.4515496	-0.62101716	0.72192496	0.58374125
ATR_265_set19__760	15039.723154554233	19871.74702234836	vCM-LV-Compact I	False	0.29882312	-1.3584256	0.3174667	-1.3534322	0.41575572	-0.8011279	0.39160517	-0.40071732	0.34778997	-1.190598	1.2527919	2.7981246	0.9719369	2.7330205	0.3576946	-1.2479576	0.46397376	-0.49082437	0.28993806	-0.9499548
ATR_265_set19__79	15134.659579956078	19812.96193052502	vCM-LV-Compact II	False	0.35524848	-0.6325696	0.35181293	-0.95984685	0.44818947	-0.3205082	0.45972943	0.5829015	0.3531535	-1.114178	1.1525004	2.5020103	0.881965	2.3616264	0.39921114	-0.50580573	0.4639263	-0.49132186	0.19694032	-1.2801275
ATR_267_set19__174	15026.050687268913	20435.36165278742	aCM-RA	False	0.422245	0.22927372	0.5172831	0.9363332	0.5354111	0.97198635	0.4819893	0.9043026	0.45295575	0.30781472	1.1205012	2.4075313	0.92243886	2.5286982	0.44171286	0.25395718	0.6156583	1.0986769	0.51526797	-0.14995925
ATR_267_set19__219	15098.812616608813	20552.700648830483	aCM-RA	False	0.23373428	-2.1957285	0.28109998	-1.7701712	0.35100695	-1.7606078	0.37077177	-0.7015224	0.22512558	-2.9383326	0.99951357	2.0503109	0.704573	1.6293714	0.23619586	-3.4198754	0.42825365	-0.8651352	0.65376	0.34173322
ATR_267_set19__220	15049.14996323717	20587.807766137088	aCM-RA	False	0.39773893	-0.085972324	0.49523544	0.6836816	0.5188156	0.7260652	0.4558061	0.5262541	0.43373337	0.03393233	1.0735079	2.268782	0.8831565	2.3665447	0.44715744	0.3512849	0.6142321	1.0837322	0.50564617	-0.18411982
ATR_267_set19__242	14953.71311663361	20454.114616370494	aCM-RA	False	0.37925515	-0.3237478	0.44206536	0.07438713	0.5216709	0.76837647	0.4730535	0.7752821	0.41281867	-0.2640625	1.513055	3.566561	1.2284908	3.7920475	0.45844382	0.5530408	0.51417756	0.035260983	0.6940199	0.48466915
ATR_267_set19__311	15034.945515838614	20565.488440042012	aCM-RA	False	0.32343808	-1.0417787	0.45315954	0.20151924	0.443579	-0.38882864	0.36496335	-0.78538775	0.37625617	-0.7850087	0.9099241	1.7857946	0.7361967	1.7599107	0.4076658	-0.35467	0.5301703	0.20284903	0.27248284	-1.0119265
ATR_267_set19__374	15034.831159417738	20432.221121950024	aFibro	False	0.35770312	-0.60099316	0.4236602	-0.13652411	0.37024406	-1.4755428	0.27336475	-2.107943	0.4084273	-0.32663122	0.059323687	-0.72563475	0.104933634	-0.8458746	0.32747182	-1.7882215	0.49015102	-0.21651302	0.7589039	0.71502876
ATR_267_set19__65	15005.270302822328	20601.952012880087	aCM-RA	False	0.432346	0.35921288	0.47857133	0.4927217	0.55414844	1.2496454	0.50670487	1.2611607	0.45528573	0.34101245	1.3476349	3.0781522	1.1142936	3.3206537	0.46517494	0.67336667	0.5746461	0.6689106	0.6195668	0.22033602
ATR_267_set19__70	14993.333505456778	20564.740059249638	aEndocardial	False	0.48001775	0.9724626	0.6044047	1.93469	0.49764416	0.41233638	0.44942546	0.43412653	0.4522656	0.29798123	0.08411012	-0.65245193	0.19574542	-0.47101343	0.45127952	0.42497137	0.4722578	-0.40401602	0.56012124	0.009284659
ATR_267_set19__90	14956.228511891592	20435.635917226085	aCM-RA	False	0.34910366	-0.71161664	0.4556499	0.23005727	0.48346078	0.20215999	0.42239612	0.043860856	0.4019731	-0.4185913	1.0654631	2.2450292	0.8315728	2.1536129	0.4394936	0.21428558	0.5908823	0.8390495	0.37698835	-0.6408975
ATR_268_set19__178	15171.123000898075	20629.431686428245	aCM-RA	False	0.3809873	-0.30146554	0.46725434	0.36303645	0.39891946	-1.050616	0.28446627	-1.9476527	0.3246371	-1.5204827	0.12185477	-0.5410094	0.15365243	-0.6447687	0.4033171	-0.43240747	0.43659082	-0.77777004	0.5723901	0.052843094
ATR_268_set19__205	14906.347644724481	20753.9932973155	aFibro	False	0.5240717	1.5391726	0.5315673	1.1000208	0.5374663	1.0024408	0.4313474	0.17310473	0.5658385	1.9161798	0.11464976	-0.5622825	0.2737553	-0.14899707	0.511523	1.5018871	0.6507463	1.4663639	0.9577287	1.4209223
ATR_268_set19__207	15065.555401243537	20658.47737260539	aCM-RA	False	0.55998206	2.0011237	0.61038524	2.0032232	0.56847006	1.4618704	0.5335257	1.648416	0.5540475	1.7481805	0.21920574	-0.25357705	0.26248357	-0.19552562	0.52452755	1.734357	0.66203254	1.5846325	0.83920264	1.0001158
ATR_268_set19__265	14991.66257004002	20839.933177352857	aCM-RA	False	0.41300273	0.110381186	0.5022177	0.76369387	0.5338488	0.94883543	0.45706102	0.54437333	0.45986536	0.40626353	1.0733007	2.2681704	0.89515984	2.4160933	0.46116522	0.6016886	0.6219811	1.1649336	0.5469416	-0.037507482
ATR_268_set19__322	14938.846826304747	20769.8938848058	aCM-RA	False	0.38157433	-0.29391378	0.4969602	0.70344615	0.43794966	-0.47224692	0.43155706	0.17613192	0.31725308	-1.6256907	0.2595903	-0.13434012	0.30569717	-0.01714454	0.3881344	-0.70381427	0.42357805	-0.91413075	0.4144957	-0.50773406
ATR_268_set19__400	14906.707250941865	20740.525499869906	aEndocardial	False	0.4863012	1.0532931	0.4293341	-0.07150474	0.44896394	-0.3090317	0.4089612	-0.15012048	0.47377253	0.6044142	0.05556122	-0.7367436	0.16629876	-0.592566	0.42159894	-0.105600215	0.37511793	-1.4219441	0.8298249	0.9668218
ATR_269_set19__165	14975.869354029724	21098.592391178496	aFibro	False	0.42102107	0.21352918	0.44110805	0.06341698	0.43531466	-0.5112937	0.35014114	-0.9993997	0.46699777	0.5078868	0.08438257	-0.6516475	0.18721078	-0.50624347	0.38554785	-0.7500515	0.49098447	-0.20777929	0.7857996	0.81051743
ATR_269_set19__251	15056.84329415798	20944.84066700903	aCM-RA	False	0.43064475	0.3373282	0.49438527	0.6739392	0.5586963	1.3170384	0.5017466	1.1895703	0.45952913	0.4014729	1.2815377	2.8829975	1.0502113	3.056129	0.47277668	0.8092557	0.5903073	0.833024	0.55023974	-0.025797915
ATR_269_set19__434	15020.597257277595	21097.04223429693	aCM-RA	False	0.32476515	-1.0247073	0.42848977	-0.08118021	0.44814864	-0.32111326	0.38982156	-0.42647013	0.3858996	-0.6476081	0.8987552	1.7528181	0.7441089	1.7925715	0.4063532	-0.3781338	0.5343135	0.24626538	0.35077164	-0.7339755
ATR_269_set19__435	15026.045307924012	21092.872061044527	aCM-RA	False	0.4458296	0.53266615	0.37032944	-0.74765974	0.53545797	0.97268057	0.4979133	1.1342229	0.44745883	0.22949407	0.61574465	0.91721886	0.66037583	1.4469304	0.46651372	0.69729877	0.83752036	3.4235685	0.21411835	-1.2191397
ATR_269_set19__443	15052.203588869299	21123.233593791847	aCM-RA	False	0.40242597	-0.025678217	0.47004128	0.3949729	0.534992	0.9657753	0.47318134	0.77712804	0.4363356	0.07100902	1.3856152	3.1902905	1.1290559	3.3815906	0.46135953	0.60516214	0.5792522	0.71717757	0.5730103	0.055045173
ATR_269_set19__489	15082.50934219424	21144.967887946146	aCM-RA	False	0.4167774	0.15893859	0.4645974	0.3325897	0.54353327	1.0923444	0.47392336	0.7878418	0.4429423	0.16514193	1.2566838	2.8096156	1.0440536	3.0307105	0.45946527	0.5713002	0.58372056	0.7640017	0.6105845	0.18844588
ATR_269_set19__522	15089.364227604054	21161.566780435798	aCM-RA	False	0.22871709	-2.2602699	0.318503	-1.341557	0.30364874	-2.462386	0.41701347	-0.033857156	0.20717426	-3.194105	0.32636288	0.06280841	0.12394704	-0.76738936	0.34181154	-1.5318841	0.14126323	-3.8725061	0.24837875	-1.097504
ATR_269_set19__546	14924.83024245305	21022.86260729666	aCM-RA	False	0.29230928	-1.4422196	0.3601255	-0.8645901	0.4057329	-0.9496511	0.3363555	-1.1984448	0.35992107	-1.0177529	0.87015104	1.6683632	0.6797475	1.5268947	0.3684347	-1.055967	0.49513507	-0.16428518	0.38105476	-0.62646043
ATR_270_set19__206	15272.908947079279	21197.177532057092	aCM-RA	False	0.3617535	-0.5488891	0.39954358	-0.41288468	0.4907304	0.3098849	0.43213347	0.18445441	0.3921882	-0.55800766	1.507228	3.5493567	1.2038791	3.690453	0.40890777	-0.33246824	0.47939974	-0.3291756	0.49975955	-0.20501924
ATR_270_set19__232	15241.188204315516	21216.946462437056	aCM-RA	False	0.3747886	-0.38120532	0.46052548	0.28592813	0.5166807	0.69442976	0.44649512	0.3918165	0.42728508	-0.057943683	1.304676	2.9513144	1.0194299	2.9290667	0.4389533	0.2046274	0.57493085	0.6718943	0.43937904	-0.41939002
ATR_270_set19__33	15496.918789529715	21021.125205278437	aCM-RA	False	0.39043412	-0.17994152	0.4101231	-0.2916502	0.4810874	0.16698979	0.46719557	0.690702	0.39910948	-0.45939237	0.8320498	1.5558679	0.6996786	1.609168	0.44183218	0.2560903	0.52108234	0.10761615	0.41251147	-0.51477873
ATR_270_set19__387	15488.717729858587	21155.13123837309	aCM-RA	False	0.4072615	0.036525875	0.46332732	0.31803533	0.5245378	0.81086004	0.47581425	0.8151437	0.4360899	0.0675084	1.3416346	3.0604362	1.1068692	3.2900066	0.46559826	0.68093383	0.54651195	0.37409285	0.57438207	0.059915308
ATR_270_set19__419	15247.6300550963	21151.400180617075	aCM-RA	False	0.43023494	0.33205637	0.50082743	0.7477622	0.5605298	1.3442081	0.4927501	1.0596737	0.46419486	0.46795073	1.3520185	3.0910947	1.1201751	3.344932	0.47775286	0.8982103	0.6087803	1.0266029	0.60862523	0.18148986
ATR_270_set19__500	15478.252152252704	21059.259781920347	aFibro	False	0.43355334	0.37474427	0.45789108	0.25573954	0.4258714	-0.6512286	0.33753827	-1.1813674	0.45283997	0.30616507	0.061557584	-0.7190391	0.17574346	-0.55357933	0.39132395	-0.6467975	0.5517496	0.42897806	0.77465624	0.7709547
ATR_270_set19__570	15275.512556880898	21114.071073019386	aCM-RA	False	0.3901925	-0.18304956	0.47509447	0.4528792	0.5129643	0.63935816	0.42724162	0.11382308	0.42736715	-0.056774262	1.1700815	2.553919	0.98550767	2.7890394	0.43287867	0.09603686	0.555876	0.47221887	0.5127533	-0.15888713
ATR_271_set19__258	15281.01599731127	20736.41997128426	aCM-RA	False	0.36623234	-0.49127328	0.397515	-0.43613094	0.48589313	0.23820373	0.43030116	0.15799849	0.3882492	-0.614131	1.3631024	3.1238205	1.1429124	3.438789	0.41680568	-0.19128473	0.4665305	-0.4640323	0.56108314	0.01269972
ATR_271_set19__394	15403.943759662241	20738.224008831057	aCM-RA	False	0.44907323	0.57439214	0.5354095	1.1440502	0.57196486	1.5136582	0.5033362	1.2125218	0.4906529	0.8449274	1.1128631	2.3849795	0.9093021	2.474471	0.4910341	1.1356262	0.69340986	1.9134352	0.5368236	-0.07342975
ATR_271_set19__398	15374.30862507363	20644.683688754696	aCM-RA	False	0.37758094	-0.3452848	0.3696125	-0.7558755	0.49769375	0.41307124	0.46240047	0.6214674	0.43005347	-0.01849928	1.2426091	2.7680597	1.0094563	2.8878965	0.44754854	0.35827616	0.52391195	0.13726762	0.45282665	-0.37164655
ATR_271_set19__428	15429.068185974937	20910.470908777483	aCM-LA	False	0.42066738	0.20897926	0.499307	0.7303391	0.5508306	1.2004801	0.48218942	0.9071921	0.4638111	0.4624828	1.228422	2.7261717	0.98987186	2.8070543	0.468755	0.7373641	0.6167114	1.1097122	0.54408395	-0.047652997
ATR_271_set19__451	15431.728488890203	20753.04875201325	aEndocardial	False	0.4680532	0.81855047	0.52038455	0.971874	0.48630837	0.2443569	0.45729005	0.54768026	0.4245341	-0.09713969	0.10132383	-0.60162777	0.14407338	-0.68431	0.4749448	0.84801316	0.44458807	-0.693967	0.58782077	0.10762713
ATR_271_set19__501	15398.824411377538	20837.9807655757	aCM-RA	False	0.3824677	-0.28242168	0.31272545	-1.4077638	0.37959087	-1.337037	0.41453633	-0.06962357	0.27597776	-2.2137856	0.15307969	-0.4488167	0.12088607	-0.7800247	0.40152606	-0.464424	0.11719934	-4.1246715	0.19060707	-1.3026125
ATR_271_set19__69	15406.454231808946	20784.635446342447	aCM-RA	False	0.4112088	0.087304175	0.48098657	0.5203988	0.5332274	0.93962663	0.47166303	0.7552058	0.44724575	0.22645798	1.193232	2.622272	0.98522335	2.7878656	0.46932203	0.7475001	0.59994674	0.9340357	0.55640554	-0.003907281
ATR_271_set19__80	15402.166463687554	20869.326234100576	aCM-RA	False	0.4332196	0.3704512	0.516785	0.9306258	0.5556541	1.2719572	0.48183167	0.9020267	0.47731927	0.6549486	1.1204671	2.4074306	0.9279333	2.5513785	0.48994538	1.1161643	0.6348075	1.2993417	0.5334159	-0.08552806
ATR_272_set19__110	15726.934500537132	20895.15266001092	aFibro	False	0.5095156	1.3519228	0.5343073	1.1314197	0.52648056	0.8396487	0.44233608	0.3317659	0.53105587	1.4205931	0.14543316	-0.47139335	0.22193009	-0.36292598	0.5072858	1.4261421	0.640145	1.3552731	0.87832636	1.1390178
ATR_272_set19__214	15708.38436356785	20841.09877940268	Epicardial	False	0.41451713	0.12986249	0.44041997	0.055532075	0.43692276	-0.487464	0.3597652	-0.86044174	0.4082929	-0.3285463	0.22796188	-0.2277242	0.24258174	-0.2776782	0.41809162	-0.16829719	0.42413807	-0.9082624	0.6873009	0.4608145
ATR_272_set19__276	15647.293629884456	20886.089858157207	aCM-RA	False	0.3312269	-0.94158345	0.33658606	-1.1343368	0.42361367	-0.6846849	0.4303576	0.15881348	0.34632692	-1.2114438	1.1507746	2.4969149	0.91148853	2.4834964	0.3643806	-1.1284384	0.415936	-0.99421185	0.42166412	-0.4822838
ATR_272_set19__295	15580.702770688384	20886.712107266132	aCM-RA	False	0.44085744	0.46870425	0.4929938	0.6579939	0.5434067	1.0904692	0.47748825	0.83931386	0.45569354	0.34682304	1.1613961	2.5282753	0.9608774	2.6873684	0.4559468	0.50840396	0.5852028	0.7795342	0.556895	-0.002169489
ATR_272_set19__322	15632.03526523514	20890.269293081055	aCM-RA	False	0.42345133	0.24479206	0.4697268	0.39136922	0.5509176	1.2017696	0.5120481	1.3383099	0.45058987	0.27410534	1.4441048	3.362983	1.1802602	3.5929565	0.47545257	0.8570901	0.55587256	0.47218266	0.62783027	0.24967405
ATR_272_set19__325	15573.999079302072	20936.31318500409	aCM-RA	False	0.466249	0.7953412	0.5385721	1.1802912	0.5829698	1.6767347	0.5116834	1.3330439	0.5017994	1.003744	1.1147878	2.3906624	0.9480578	2.6344502	0.5011633	1.3166965	0.63181055	1.2679363	0.6159309	0.20742743
ATR_272_set19__329	15667.81269148497	20816.344517759004	aFibro	False	0.3912725	-0.16915673	0.36850667	-0.7685475	0.4228284	-0.69632125	0.31435233	-1.5161399	0.41620907	-0.2157557	0.13175903	-0.51176673	0.20099504	-0.44934356	0.3768795	-0.90500706	0.46507582	-0.47927588	0.8278616	0.9598513
ATR_272_set19__361	15571.063521959666	20916.096617566964	aCM-LA	False	0.35380116	-0.65118796	0.45459664	0.21798743	0.4529793	-0.2495301	0.3703144	-0.7081263	0.38519228	-0.6576862	0.8910304	1.7300103	0.7469612	1.8043454	0.40555263	-0.392445	0.47876874	-0.3357879	0.3149279	-0.8612326
ATR_272_set19__48	15641.844672595915	20810.72524322783	aCM-RA	False	0.40501884	0.0076763607	0.49415332	0.6712812	0.43135116	-0.5700269	0.41135475	-0.115561076	0.46030638	0.41254717	0.17610551	-0.38083208	0.22905271	-0.33352455	0.3968531	-0.5479584	0.397955	-1.1826346	0.7979525	0.85366404
ATR_273_set19__129	15517.94919824144	20404.99944693824	Epicardial	False	0.4302783	0.33261418	0.3690679	-0.7621161	0.45530978	-0.21499585	0.42288563	0.050928596	0.4577511	0.37613925	0.14953887	-0.45927104	0.21177517	-0.40484437	0.40113294	-0.47145152	0.5528553	0.44056493	0.9884217	1.5298926
ATR_273_set19__185	15585.691743243404	20437.89482812119	Epicardial	False	0.47724915	0.93684727	0.47868028	0.4939703	0.46910036	-0.010640092	0.4354127	0.23180203	0.5069772	1.0775177	0.14842366	-0.46256378	0.21694821	-0.38349062	0.41788074	-0.17206691	0.55661464	0.47995886	0.8395354	1.0012972
ATR_273_set19__275	15730.663167509449	20559.13706415858	EPDC	False	0.44937974	0.57833517	0.44147387	0.06760908	0.4554717	-0.21259649	0.4097124	-0.13927425	0.45527187	0.340815	0.118007086	-0.55236983	0.21778798	-0.38002414	0.41716692	-0.18482728	0.5422764	0.32970837	0.8404939	1.0047002
ATR_274_set19__122	16048.933416920247	20455.418893681548	EPDC	False	0.51681614	1.4458371	0.5265661	1.0427104	0.5363925	0.9865291	0.45186058	0.4692862	0.54074556	1.5586528	0.17797555	-0.37531072	0.2704755	-0.16253576	0.549053	2.1727755	0.4931443	-0.1851464	0.923628	1.2998536
ATR_274_set19__204	15964.112831560149	20334.336073987706	vCM-LV-Compact I	False	0.33787948	-0.8560045	0.3399641	-1.0956268	0.42369902	-0.68342006	0.44528502	0.37434444	0.36034644	-1.0116922	0.828749	1.5461222	0.6513737	1.4097706	0.32753244	-1.7871379	0.45391437	-0.59623665	0.2049427	-1.2517164
ATR_274_set19__250	15903.38139191645	20578.368310829133	EPDC	False	0.40438786	-0.00044050036	0.37348503	-0.71149874	0.4227166	-0.69797826	0.32026178	-1.4308158	0.41758218	-0.19619146	0.091922864	-0.62938446	0.15665843	-0.6323603	0.4272234	-0.0050568427	0.41583505	-0.9952696	0.83790946	0.9955245
ATR_274_set19__28	16112.848219356694	20459.29507458953	aFibro	False	0.49374962	1.1491094	0.48509064	0.5674288	0.52169514	0.768736	0.43512955	0.2277137	0.5110432	1.1354505	0.13282166	-0.50862926	0.21401522	-0.3955977	0.49758986	1.2528174	0.5856885	0.78462344	0.8299219	0.96716607
ATR_274_set19__280	15821.37408097526	20406.26174801719	Compact vFibro	False	0.42869547	0.31225264	0.4097994	-0.29535976	0.45675975	-0.19350943	0.38837093	-0.44741517	0.45296517	0.30794892	0.10052776	-0.6039782	0.1968207	-0.46657476	0.4300126	0.04480303	0.54851824	0.39511678	0.77201724	0.7615854
ATR_274_set19__331	16018.549456858593	20484.094008418862	aFibro	False	0.4582256	0.6921284	0.47222066	0.4199472	0.47165015	0.027144093	0.37413964	-0.6528951	0.5034763	1.0276369	0.09392208	-0.62348175	0.21577263	-0.3883433	0.47758016	0.895123	0.497911	-0.13519615	0.9435322	1.3705202
ATR_274_set19__335	16037.302117564896	20404.80988892064	Compact vFibro	False	0.46171865	0.7370629	0.45696956	0.24517955	0.4783987	0.12714763	0.3785399	-0.5893616	0.48159578	0.7158808	0.16698693	-0.40775502	0.25444752	-0.22869754	0.47909683	0.9222351	0.5159532	0.05386772	0.84313226	1.0140672
ATR_274_set19__341	16003.680376131872	20451.13030616297	EPDC	False	0.4627252	0.7500111	0.4732669	0.43193644	0.47411317	0.06364226	0.40910625	-0.1480262	0.49350816	0.88560957	0.12191468	-0.5408325	0.22814274	-0.3372808	0.4356829	0.14616524	0.622724	1.1727185	0.793576	0.8381261
ATR_274_set19__352	15952.687139474723	20514.624907563004	Compact vFibro	False	0.36320785	-0.53018034	0.3588261	-0.8794805	0.38719016	-1.2244267	0.32109162	-1.418834	0.39011362	-0.5875663	0.16174729	-0.42322525	0.2114185	-0.4063167	0.39520782	-0.5773693	0.42265576	-0.92379546	0.80390805	0.8748083
ATR_274_set19__502	15895.386659555103	20574.121075376992	EPDC	False	0.40271416	-0.021970961	0.38351893	-0.5965167	0.4078468	-0.91832614	0.31669697	-1.4822866	0.43079817	-0.007888711	0.10290012	-0.5969737	0.17309472	-0.5645131	0.38035658	-0.8428508	0.4658788	-0.47086132	0.7823974	0.7984384
ATR_274_set19__533	15878.776092286407	20599.154733910753	EPDC	False	0.37689778	-0.35407296	0.42046195	-0.17317382	0.39768612	-1.0688924	0.329574	-1.2963605	0.43172976	0.0053846887	0.06121873	-0.72003955	0.13855644	-0.70708334	0.3823728	-0.8068088	0.44661736	-0.67270195	0.82743865	0.9583497
ATR_274_set19__71	16081.58000940641	20508.587423486675	EPDC	False	0.44610482	0.5362066	0.4239873	-0.13277563	0.45645744	-0.19798927	0.369762	-0.71610194	0.46455538	0.47308743	0.118859306	-0.5498536	0.21152982	-0.40585715	0.4644163	0.65980506	0.51081264	0.0	0.87380487	1.1229651
ATR_275_set19__155	15966.54101953782	20663.27335712201	EPDC	False	0.45711848	0.6778863	0.44604775	0.12002278	0.45802853	-0.17470808	0.371612	-0.6893904	0.47902024	0.67918414	0.059807036	-0.7242077	0.1945607	-0.4759038	0.4288617	0.024229374	0.5172194	0.06713665	0.84859854	1.0334743
ATR_275_set19__180	15913.748483055242	20645.43435860638	Neuronal	False	0.45694795	0.6756926	0.49928027	0.73003274	0.48970115	0.2946329	0.3899052	-0.42526227	0.48936388	0.8265614	0.066166624	-0.70543075	0.1941128	-0.47775275	0.42835099	0.0150996735	0.5091801	-0.01710708	0.7372105	0.63801
ATR_275_set19__195	15869.46308979498	20639.469053259705	Epicardial	False	0.43375608	0.3773524	0.50836134	0.83409584	0.42402327	-0.67861515	0.32370418	-1.3811122	0.47982305	0.69062275	0.106540546	-0.5862252	0.23027258	-0.3284891	0.45206422	0.43899864	0.40395212	-1.1197908	0.8562452	1.0606226
ATR_275_set19__23	16115.388998615994	20804.61283326382	EPDC	False	0.34367913	-0.78139776	0.36835277	-0.77031106	0.35222256	-1.7425944	0.2788689	-2.0284705	0.3489053	-1.1747067	0.18578768	-0.35224512	0.19658393	-0.46755216	0.34009925	-1.5624931	0.37878725	-1.3834933	0.6322912	0.26551184
ATR_275_set19__36	16110.654782461848	20738.333670777403	VSMC	False	0.40518895	0.009864678	0.33976206	-1.097942	0.40957558	-0.8927083	0.35626054	-0.9110442	0.42850894	-0.04050597	0.09875076	-0.60922486	0.17714408	-0.54779774	0.42260006	-0.08770415	0.3505983	-1.6788851	0.6685952	0.394403
ATR_275_set19__362	16102.142553640299	20732.26718279901	VSMC	False	0.50451106	1.2875446	0.51985425	0.96579707	0.51315135	0.6421298	0.41137874	-0.115214676	0.4332597	0.027183315	0.14323671	-0.47787842	0.20473313	-0.43391314	0.5520528	2.2263997	0.45050308	-0.6319835	0.6882875	0.46431717
ATR_275_set19__374	16091.100969894558	20856.116122218922	Epicardial	False	0.4465162	0.54149836	0.4632061	0.3166464	0.45061275	-0.28459874	0.3608867	-0.844249	0.45730075	0.36972272	0.1284477	-0.52154356	0.19270869	-0.48354873	0.427635	0.0023009381	0.4692615	-0.4354142	0.78470874	0.8066444
ATR_275_set19__79	16063.232433038336	20660.595447520613	EPDC	False	0.40153933	-0.037084073	0.38130283	-0.62191176	0.4074914	-0.923593	0.32875296	-1.3082149	0.45984522	0.4059765	0.04982748	-0.75367266	0.15191494	-0.6519409	0.34826213	-1.4165729	0.47293162	-0.39695495	0.70697945	0.5306798
ATR_276_set19__188	15859.60826389142	21208.96641685829	aCM-RA	False	0.43208003	0.35579163	0.513681	0.89505565	0.5531013	1.2341284	0.50969815	1.3043796	0.4677115	0.5180562	1.2980051	2.9316182	1.0520582	3.063753	0.45317993	0.45894313	0.57044095	0.62484473	0.5271491	-0.10777738
ATR_276_set19__189	15861.481438067573	21184.19960327662	aCM-RA	False	0.4148865	0.13461407	0.49909082	0.72786176	0.54011583	1.0417032	0.47523993	0.80685127	0.45409486	0.3240448	1.151615	2.499396	0.9432474	2.6145935	0.47121096	0.78126675	0.5878493	0.80726695	0.5043679	-0.18865813
ATR_276_set19__246	16118.680255115172	21184.260777209503	aCM-RA	False	0.35570517	-0.62669474	0.40721154	-0.3250149	0.47009078	0.0040364605	0.41570252	-0.052785356	0.3761134	-0.7870427	1.0678171	2.2519796	0.84223825	2.1976388	0.41493213	-0.22477645	0.5429498	0.33676508	0.47305858	-0.29981652
ATR_276_set19__248	16080.209444200062	21168.140006833266	aCM-RA	False	0.41281608	0.107980095	0.48985937	0.6220754	0.5458154	1.1261624	0.47311026	0.77610177	0.46098298	0.42218745	1.3297898	3.0254638	1.087102	3.20841	0.48112857	0.9585546	0.60702085	1.0081654	0.5188294	-0.13731498
ATR_276_set19__30	16068.679787397585	21105.634324150204	BEC	False	0.5286606	1.5982043	0.54548895	1.2595541	0.5407665	1.0513448	0.44858897	0.42204875	0.45831168	0.38412648	0.17561902	-0.38226846	0.22785968	-0.33844927	0.589301	2.8922503	0.4179156	-0.97346747	0.77584285	0.7751676
ATR_276_set19__327	15947.756270118509	21054.71277233561	aCM-RA	False	0.46101657	0.7280313	0.5447541	1.251133	0.59335667	1.8306528	0.5199464	1.4523499	0.4999611	0.9775518	1.2631114	2.8285933	1.0285769	2.9668243	0.5195654	1.6456534	0.6602533	1.5659877	0.5748918	0.06172505
ATR_276_set19__453	16036.699398852948	21128.332363159006	aCM-RA	False	0.3782665	-0.3364656	0.48303145	0.5438318	0.5034592	0.49850687	0.42487076	0.079591125	0.42827663	-0.043815937	0.9867702	2.0126858	0.79145944	1.9880294	0.46036395	0.5873652	0.60089326	0.9439543	0.35512018	-0.71853673
ATR_276_set19__515	15916.498187111105	21104.690780384026	aCM-RA	False	0.45536515	0.6553315	0.55387056	1.3556018	0.5821152	1.6640706	0.5124853	1.3446225	0.4986397	0.95872426	1.1839198	2.594777	0.94815165	2.6348379	0.48707953	1.0649343	0.650908	1.4680585	0.5557882	-0.0060989894
ATR_276_set19__544	15871.02445892666	21004.00538496302	aCM-RA	False	0.40811205	0.04746746	0.47319642	0.43112877	0.50217795	0.47952047	0.47305322	0.7752782	0.42654464	-0.06849353	0.8224888	1.5276387	0.67904186	1.5239818	0.4735269	0.8226666	0.47764134	-0.34760183	0.45271015	-0.37206015
ATR_276_set19__630	16100.75761755058	21147.450131789876	aCM-RA	False	0.32672396	-0.9995091	0.36925718	-0.7599471	0.42434025	-0.673918	0.35217085	-0.9700935	0.37505278	-0.8021547	0.93928	1.872469	0.76466274	1.8774155	0.37021077	-1.024218	0.5814396	0.74009967	0.44138563	-0.41226596
ATR_276_set19__708	15998.560371917245	21025.98632687122	aCM-RA	False	0.30462438	-1.2837982	0.37944996	-0.6431445	0.4135542	-0.83375126	0.38703597	-0.46669018	0.3595076	-1.0236442	0.9513416	1.9080815	0.76863617	1.8938173	0.34249917	-1.5195919	0.51740867	0.06911975	0.35418713	-0.7218494
ATR_276_set19__72	16010.27017244118	21158.33008517519	aCM-LA	False	0.3860907	-0.23581529	0.46871185	0.3797386	0.5189704	0.728359	0.4553242	0.5192961	0.42368826	-0.10919143	1.3169038	2.9874175	1.0562334	3.0809875	0.44659004	0.3411419	0.5675187	0.5942226	0.49927664	-0.20673375
ATR_276_set19__75	16003.65816082585	21058.32503534928	aCM-RA	False	0.39750838	-0.08893813	0.45721847	0.24803188	0.5126918	0.6353199	0.45849395	0.56506276	0.42587996	-0.07796398	1.1815904	2.5878997	0.95946133	2.6815228	0.43994126	0.22228798	0.56493694	0.5671682	0.49989617	-0.20453422
ATR_277_set19__135	15712.319374322953	20976.789636638216	aCM-RA	False	0.42221633	0.22890492	0.49192554	0.64575225	0.53128505	0.91084415	0.47558162	0.81178474	0.46041763	0.4141323	1.0419496	2.175605	0.86236984	2.2807398	0.47577384	0.86283314	0.598207	0.915805	0.52977777	-0.098444685
ATR_277_set19__198	15653.729716627808	21095.01901427745	aEndocardial	False	0.46710226	0.8063177	0.46083632	0.28949013	0.42905477	-0.6040559	0.34048635	-1.1388013	0.49146643	0.8565188	0.054351177	-0.7403163	0.15839829	-0.62517834	0.42920598	0.030383676	0.43363234	-0.8087719	0.8143752	0.9119702
ATR_277_set19__22	15815.724437493585	21071.14014543583	aCM-RA	False	0.086800165	-4.0858893	0.024189722	-4.7141953	0.18181396	-4.267795	0.2198919	-2.8800159	0.06260038	-5.2540083	0.94734675	1.8962865	0.8444628	2.2068214	0.12855668	-5.3440385	0.03670706	-4.96815	0.25951046	-1.0579828
ATR_277_set19__224	15627.016769734937	21112.114158823573	Trabecular vFibro	False	0.48218995	1.0004058	0.57122755	1.5545017	0.47396457	0.06144032	0.38171098	-0.5435756	0.5279185	1.3758918	0.09391307	-0.6235083	0.21661063	-0.38488412	0.47402188	0.831515	0.45403206	-0.59500337	0.88588285	1.1658459
ATR_277_set19__244	15613.010950334046	21149.731327890182	aEndocardial	False	0.48941237	1.093315	0.5727852	1.5723512	0.5090107	0.58077115	0.44575745	0.3811656	0.44092685	0.1364257	0.11386099	-0.5646113	0.20194626	-0.44541705	0.4594385	0.57082176	0.48650533	-0.2547162	0.7513627	0.6882549
ATR_277_set19__250	15605.02086547306	21169.61549334083	aFibro	False	0.46622375	0.79501647	0.5431282	1.2325013	0.4714825	0.024659507	0.4335208	0.20448549	0.41890728	-0.17731129	0.1107218	-0.57387996	0.19201645	-0.4864062	0.43834934	0.19383073	0.47654596	-0.35908034	0.78307253	0.8008353
ATR_277_set19__263	15586.63789578682	20948.948247361637	aCM-RA	False	0.26960152	-1.7343323	0.23589532	-2.288187	0.36995706	-1.4797956	0.3351848	-1.2153481	0.26496625	-2.3706787	1.444312	3.3635948	1.1505548	3.470336	0.33908567	-1.5806118	0.25649124	-2.6650326	0.39222792	-0.58679205
ATR_277_set19__321	15545.331336637499	21070.604925713076	aCM-RA	False	0.37387198	-0.39299685	0.48477256	0.5637838	0.50056314	0.45559144	0.44009906	0.29946643	0.41200304	-0.27568367	1.0385706	2.1656284	0.8655888	2.2940273	0.4050102	-0.40214154	0.4884446	-0.23439461	0.28237948	-0.97679025
ATR_277_set19__357	15508.367885328082	21042.289551111844	aCM-RA	False	0.4142432	0.1263385	0.48346436	0.5487927	0.54118186	1.0575001	0.48376128	0.9298876	0.44254124	0.15942772	1.361328	3.1185815	1.1130564	3.3155468	0.46184242	0.61379427	0.5799685	0.724684	0.5501025	-0.026285267
ATR_277_set19__37	15794.806072283225	20924.97016618107	aCM-RA	False	0.284699	-1.5401185	0.2799159	-1.7837399	0.35992706	-1.6284252	0.30737215	-1.6169238	0.26421928	-2.3813217	0.19818784	-0.31563318	0.1514642	-0.6538015	0.34198546	-1.5287749	0.19355349	-3.3245566	0.21855779	-1.2033783
ATR_277_set19__463	15584.563453957022	20998.012216499927	aCM-RA	False	0.38563666	-0.24165604	0.43931568	0.042877574	0.50041306	0.4533674	0.44283888	0.33902553	0.39183968	-0.5629732	1.3734611	3.154405	1.0939906	3.236845	0.44583365	0.32762077	0.5301995	0.20315509	0.50326186	-0.19258489
ATR_277_set19__483	15701.913068463675	21146.304538080287	aCM-RA	False	0.42073718	0.20987713	0.4398293	0.048763245	0.5348089	0.963062	0.4807588	0.8865358	0.44584662	0.20652305	1.5063784	3.5468483	1.2440908	3.8564425	0.45461753	0.48464182	0.49348623	-0.1815634	0.5909028	0.11856938
ATR_277_set19__496	15639.83636274874	21177.353881214658	Trabecular vFibro	False	0.5080595	1.3331918	0.51904523	0.95652634	0.50081044	0.45925602	0.36800215	-0.7415118	0.5687165	1.957186	0.101673976	-0.600594	0.24514382	-0.2671022	0.4616489	0.6103352	0.61800283	1.1232455	0.81994385	0.93174064
ATR_277_set19__504	15691.912277880354	20940.54772238237	aCM-RA	False	0.48772192	1.0715691	0.53159106	1.1002933	0.5103802	0.60106564	0.43733191	0.25951272	0.46460426	0.47378382	0.18952534	-0.34120953	0.27466112	-0.14525798	0.48374397	1.0053076	0.5127943	0.020765968	0.9251498	1.3052565
ATR_277_set19__51	15790.235497701628	21082.398119159832	aEndocardial	False	0.49484134	1.1631533	0.58856076	1.7531289	0.5361256	0.98257387	0.5130447	1.3526993	0.44238433	0.15719207	0.11893934	-0.54961735	0.19424875	-0.4771915	0.447672	0.36048332	0.4987943	-0.12594025	0.7726548	0.76384884
ATR_277_set19__610	15565.371125913998	21135.344797779697	aCM-RA	False	0.42874774	0.31292507	0.4871465	0.59098756	0.55917054	1.3240656	0.49128145	1.0384682	0.44774622	0.23358874	1.4394957	3.3493745	1.1869825	3.6207056	0.475933	0.865678	0.55764705	0.49077752	0.6365449	0.2806138
ATR_277_set19__615	15557.723531120651	21083.39246225043	aCM-RA	False	0.2644419	-1.8007056	0.24614407	-2.170743	0.3643243	-1.5632647	0.3831616	-0.5226305	0.30327633	-1.8248329	1.0321616	2.1467054	0.88821465	2.3874242	0.2828908	-2.5851543	0.3157632	-2.043922	0.3248479	-0.8260133
ATR_277_set19__65	15775.436457853602	21009.843280013392	aCM-RA	False	0.4497533	0.5831408	0.5158195	0.9195614	0.5746723	1.553778	0.5131522	1.354251	0.48481947	0.7618122	1.2792108	2.8761275	1.048029	3.0471203	0.4845375	1.019493	0.62312937	1.1769664	0.5572276	-0.0009886707
ATR_277_set19__687	15653.815546822074	21207.4546773301	aCM-RA	False	0.43027517	0.33257392	0.4664877	0.3542513	0.52219826	0.77619153	0.5157404	1.3916211	0.44827217	0.24108255	0.9851043	2.0077672	0.8897914	2.393933	0.44208807	0.2606645	0.54036427	0.3096713	0.81954306	0.93031776
ATR_277_set19__698	15555.509134203247	21050.387911815964	aCM-RA	False	0.27836266	-1.621629	0.41881594	-0.19203603	0.40453747	-0.9673656	0.35525718	-0.9255312	0.3580938	-1.0437881	0.78411597	1.4143414	0.6385316	1.3567599	0.3226303	-1.8747691	0.5334295	0.23700199	0.29193032	-0.94288164
ATR_277_set19__748	15660.70656353839	21000.1985104198	aCM-RA	False	0.3427457	-0.79340553	0.42405528	-0.13199665	0.45623216	-0.20132753	0.3745491	-0.64698315	0.3993051	-0.45660514	0.8761585	1.6861004	0.74006706	1.7758873	0.3992343	-0.50539184	0.531321	0.21490687	0.4249906	-0.47047374
ATR_277_set19__85	15760.264932300559	21155.384892573173	aCM-RA	False	0.39819765	-0.08007138	0.48228	0.53522056	0.53446406	0.9579524	0.47004405	0.73183	0.43924704	0.11249163	1.3351165	3.041191	1.0631809	3.109666	0.45682654	0.52413017	0.5894311	0.82384247	0.5298562	-0.0981662
ATR_278_set19__121	15604.86708107061	21308.7274552511	aCM-RA	False	0.4630644	0.7543747	0.50608057	0.8079597	0.58356225	1.6855142	0.5341576	1.6575394	0.48082453	0.7048919	1.3832759	3.1833835	1.1398329	3.426077	0.48634848	1.0518659	0.5944361	0.87628984	0.6421057	0.30035657
ATR_278_set19__202	15517.936226691116	21305.266856989263	aCM-RA	False	0.29196024	-1.4467098	0.396668	-0.44583714	0.41502145	-0.8120087	0.3138101	-1.5239688	0.3168657	-1.63121	0.94905233	1.9013222	0.7507266	1.8198885	0.3413675	-1.5398214	0.4143001	-1.0113542	0.32443392	-0.8274831
ATR_278_set19__247	15634.451915137464	21320.998767342284	aCM-RA	False	0.31000054	-1.2146393	0.4707347	0.40291893	0.42798063	-0.61997294	0.3399843	-1.1460502	0.3684058	-0.89686173	0.8632908	1.6481081	0.7102995	1.6530099	0.39140457	-0.6453564	0.5138894	0.032241058	0.1886585	-1.3095306
ATR_278_set19__249	15630.975365831686	21246.610635144527	aCM-RA	False	0.3130918	-1.1748731	0.32321668	-1.2875413	0.433869	-0.5327161	0.38541135	-0.49014732	0.30243883	-1.8367658	1.3429765	3.0643978	1.1046584	3.2808805	0.35490173	-1.297883	0.36274815	-1.5515671	0.4698288	-0.31128326
ATR_278_set19__309	15520.212387006295	21366.22732216359	aCM-LA	False	0.41123456	0.08763541	0.4298405	-0.065701716	0.5291271	0.87886685	0.49558365	1.100586	0.42610964	-0.07469138	1.1680499	2.547921	0.95611817	2.6677227	0.42951265	0.035865653	0.6238585	1.184607	0.39237756	-0.5862608
ATR_278_set19__342	15682.957910593885	21387.573212118594	aCM-RA	False	0.4026458	-0.022850428	0.4844869	0.56051046	0.53491426	0.9646236	0.47487798	0.80162525	0.43876508	0.10562457	1.3718778	3.1497302	1.0957268	3.244012	0.45831707	0.550775	0.5899026	0.82878304	0.53209615	-0.090213664
ATR_278_set19__406	15555.92654019916	21294.649702790568	aCM-RA	False	0.4191831	0.18988556	0.47909608	0.4987351	0.5409009	1.0533365	0.47884992	0.8589744	0.45466697	0.33219635	1.28227	2.8851597	1.0571847	3.0849144	0.4691369	0.7441907	0.5726248	0.64772934	0.574042	0.05870804
ATR_278_set19__467	15558.453568484028	21424.449738444346	aCM-RA	False	0.38601518	-0.23678677	0.4871308	0.5908076	0.4715225	0.02525261	0.38183555	-0.5417769	0.42240253	-0.12751067	0.6416069	0.9935782	0.5308381	0.9122126	0.441056	0.24221542	0.520443	0.10091672	0.5786588	0.07509919
ATR_278_set19__7	15808.469094498814	21257.583409459396	aCM-RA	False	0.3341985	-0.90335655	0.41991693	-0.17941944	0.4476305	-0.32879135	0.39622667	-0.33398926	0.37635508	-0.7835994	0.77772665	1.3954768	0.6715164	1.4929175	0.38792738	-0.70751476	0.52407455	0.13897152	0.38251156	-0.62128836
ATR_282_set19__208	16035.274429877249	21237.64274207189	aCM-RA	False	0.31829113	-1.1079891	0.33479217	-1.1548938	0.41446924	-0.82019156	0.40915963	-0.14725552	0.3042466	-1.8110083	1.1827393	2.5912917	1.0135008	2.904592	0.3225856	-1.8755677	0.36517778	-1.526107	0.48282677	-0.2651362
ATR_283_set19__122	16344.69600660714	21303.8730378329	aCM-RA	False	0.35343638	-0.65588045	0.34948993	-0.98646694	0.4714966	0.024868837	0.43199307	0.18242726	0.35524306	-1.0844057	1.5325032	3.623983	1.2562673	3.9067059	0.3854055	-0.7525959	0.43642494	-0.7795083	0.49025026	-0.23878038
ATR_283_set19__215	16232.312932502158	21286.520150936132	aCM-RA	False	0.36842772	-0.4630318	0.4420662	0.07439669	0.5073011	0.55543774	0.46251956	0.6231869	0.40840003	-0.32701975	1.4025495	3.2402897	1.1221079	3.35291	0.42260757	-0.0875699	0.5503683	0.41450363	0.45871183	-0.3507522
ATR_283_set19__224	16216.059528754375	21281.572784331576	aCM-RA	False	0.37216008	-0.4150188	0.43261382	-0.03392134	0.39583445	-1.0963314	0.43990475	0.29666084	0.25762942	-2.4752147	0.15759557	-0.43548334	0.15739581	-0.62931645	0.39030123	-0.6650798	0.30423343	-2.1647425	0.24499339	-1.1095232
ATR_283_set19__248	16180.475967150474	21267.625772877404	aCM-RA	False	0.27721828	-1.6363503	0.23117924	-2.3422303	0.33389285	-2.0142133	0.19526744	-3.2355585	0.22210148	-2.9814203	0.6382815	0.9837598	0.59372795	1.1718152	0.23218688	-3.4915402	0.24472536	-2.7883272	0.490813	-0.2367825
ATR_284_set19__79	16331.570601015204	20979.573728783886	aFibro	False	0.4231	0.24027243	0.42978573	-0.06632942	0.44289172	-0.39901295	0.36677933	-0.7591676	0.47896162	0.6783489	0.08774685	-0.6417143	0.1805381	-0.5337876	0.431829	0.07727295	0.5564862	0.47861287	0.7702124	0.7551777
ATR_284_set19__82	16315.428309397714	20936.724133675	EPDC	False	0.4253331	0.26899925	0.39198342	-0.49951923	0.4168533	-0.7848633	0.30831218	-1.6033512	0.44696608	0.2224733	0.07141633	-0.6899308	0.19085409	-0.49120432	0.443303	0.2823825	0.48545906	-0.26568004	0.9522473	1.4014617
ATR_285_set19__126	16351.615577923172	20852.18707185698	Epicardial	False	0.48912296	1.089592	0.40082455	-0.39820567	0.48749053	0.26187488	0.35682482	-0.9028968	0.48447454	0.7568976	0.10521336	-0.5901438	0.19844201	-0.4598822	0.46529207	0.6754604	0.54016745	0.3076089	0.9542558	1.4085925
ATR_285_set19__144	16339.341510367623	20702.680148767387	Compact vFibro	False	0.408309	0.050001197	0.4280314	-0.08643271	0.43618277	-0.49842957	0.36027715	-0.85305	0.44342434	0.17201026	0.1295488	-0.5182925	0.208732	-0.41740626	0.43005583	0.045575514	0.43941054	-0.74822223	0.8087598	0.89203364
ATR_285_set19__211	16286.310680943407	20761.635241416214	Epicardial	False	0.4463634	0.5395328	0.39911357	-0.4178124	0.45946464	-0.15342702	0.3925508	-0.38706377	0.5067767	1.0746609	0.1187802	-0.5500872	0.23156452	-0.32315606	0.4850706	1.0290222	0.52067834	0.10338263	0.8891147	1.17732
ATR_285_set19__404	16165.238725837895	20872.728287549322	EPDC	False	0.42819136	0.3057678	0.4127092	-0.26201522	0.41708803	-0.781385	0.33351922	-1.2393969	0.44823778	0.24059254	0.09872624	-0.6092973	0.17226799	-0.56792575	0.42148596	-0.10761987	0.4655238	-0.47458142	0.85512775	1.0566552
ATR_285_set19__413	16154.500246589962	20890.939880172962	Epicardial	False	0.45946932	0.7081275	0.5056862	0.80344075	0.47383863	0.059574008	0.42263174	0.04726284	0.4310327	-0.0045473254	0.27713642	-0.08253456	0.30385023	-0.024768505	0.49595147	1.2235296	0.47452322	-0.38027668	0.85401255	1.0526958
ATR_285_set19__417	16148.301178568096	20884.721784474415	Epicardial	False	0.38541225	-0.24454287	0.4700676	0.39527446	0.42453155	-0.6710832	0.35948554	-0.8644797	0.3834691	-0.6822381	0.23699547	-0.20105219	0.26895538	-0.16881067	0.43138263	0.069293454	0.40532085	-1.1054479	0.72484916	0.5941232
ATR_285_set19__499	16339.433821223512	20689.23332070519	adFibro	False	0.45148498	0.60541695	0.45347458	0.20512938	0.40130064	-1.0153306	0.36803046	-0.74110305	0.46950933	0.54367185	0.07708519	-0.6731932	0.17615573	-0.55187756	0.39921913	-0.505663	0.43431458	-0.80162275	0.8070867	0.88609356
ATR_285_set19__532	16273.886603502786	20890.51336251894	Epicardial	False	0.4269395	0.28966367	0.3711717	-0.73800784	0.44831792	-0.31860483	0.32959267	-1.2960907	0.45466232	0.3321301	0.072207175	-0.6875958	0.17137745	-0.57160175	0.3888733	-0.69060534	0.5123024	0.015611171	0.90249485	1.224824
ATR_285_set19__537	16271.689644260705	20801.23764938597	LEC	False	0.40307665	-0.017307945	0.40113494	-0.3946488	0.4346104	-0.52172977	0.3465924	-1.0506386	0.33615735	-1.3563408	0.15366413	-0.4470911	0.26800779	-0.17272224	0.47481686	0.8457261	0.23554401	-2.8845384	0.537837	-0.06983164
ATR_285_set19__556	16233.45353192512	20734.747378843087	EPDC	False	0.4621096	0.742092	0.45995995	0.27944753	0.4909957	0.31381628	0.38918614	-0.43564463	0.48340932	0.7417202	0.12398141	-0.53473043	0.22854273	-0.3356297	0.4602358	0.58507437	0.5547861	0.4607975	0.9436915	1.3710856
ATR_285_set19__662	16172.573797907682	20811.66853147643	BEC	False	0.34391785	-0.7783269	0.5305758	1.0886592	0.37210643	-1.4479451	0.3079958	-1.6079193	0.26796582	-2.3279405	0.15485504	-0.44357488	0.20420414	-0.43609676	0.3202399	-1.9174998	0.13235652	-3.9658396	0.3505585	-0.7347323
ATR_286_set19__227	16501.282597085697	20988.116880299483	EPDC	False	0.40947062	0.06494409	0.4105374	-0.28690282	0.4214172	-0.7172331	0.34240192	-1.1111431	0.4610906	0.42372078	0.071797006	-0.68880683	0.16502534	-0.5978226	0.40828782	-0.34355047	0.49935603	-0.12005374	0.7851655	0.80826604
ATR_286_set19__294	16695.311149881803	21069.08541818947	EPDC	False	0.4668322	0.8028435	0.5058258	0.8050404	0.47843826	0.12773366	0.39717174	-0.3203439	0.49622095	0.92426157	0.112855434	-0.5675803	0.18776229	-0.5039669	0.42540002	-0.037651956	0.5363109	0.26719624	0.8720229	1.1166385
ATR_286_set19__326	16434.724406133373	21020.880696115484	EPDC	False	0.36407143	-0.5190712	0.38974866	-0.52512807	0.35498235	-1.7016985	0.30601093	-1.636578	0.3605364	-1.0089856	0.060555283	-0.72199845	0.11844814	-0.79008824	0.39703086	-0.5447805	0.25799742	-2.6492493	0.5728059	0.05431933
ATR_286_set19__383	16702.88653368729	21096.09273555702	aCM-RA	False	0.33168656	-0.93567026	0.4219105	-0.15657447	0.41802195	-0.7675458	0.38482842	-0.49856406	0.38386533	-0.67659265	0.681792	1.1122262	0.56381696	1.0483459	0.31541955	-2.0036685	0.506921	-0.040780544	0.3840715	-0.61575
ATR_286_set19__39	16721.709939544093	20965.328980633487	EPDC	False	0.47733518	0.93795407	0.5774583	1.6259022	0.44027045	-0.43785617	0.40395465	-0.22240807	0.47652948	0.6436956	0.04096351	-0.7798439	0.15021352	-0.65896416	0.42249227	-0.0896311	0.43727076	-0.77064496	0.90765613	1.2431482
ATR_286_set19__45	16726.828889285633	21021.93447580741	EPDC	False	0.33213106	-0.9299522	0.34889266	-0.9933112	0.35578537	-1.6897988	0.33027038	-1.2863055	0.38224557	-0.6996711	0.1858124	-0.35217214	0.2050343	-0.43266994	0.37121248	-1.0063112	0.34313104	-1.7571346	0.6442883	0.3081055
ATR_286_set19__484	16558.31996375531	21097.96338769349	aEndocardial	False	0.5037351	1.277563	0.5210931	0.97999316	0.51169	0.6204751	0.40975684	-0.13863267	0.48599595	0.77857476	0.13260487	-0.50926936	0.22605051	-0.3459173	0.5164658	1.5902444	0.47794285	-0.3444423	0.771963	0.76139283
ATR_286_set19__490	16531.89005033559	21205.68605187913	aCM-RA	False	0.38988715	-0.18697764	0.46712407	0.3615437	0.50995106	0.59470624	0.4572267	0.5467654	0.4408678	0.13558452	1.2261485	2.719459	1.0193963	2.928928	0.43757924	0.18006451	0.59157664	0.84632546	0.5154114	-0.14945011
ATR_286_set19__552	16557.362860403242	20954.041858675406	EPDC	False	0.4404166	0.46303335	0.39793047	-0.43136987	0.40608737	-0.9443984	0.35291505	-0.9593483	0.4069913	-0.3470914	0.099622816	-0.60665005	0.14694953	-0.67243755	0.4051821	-0.39906865	0.4272229	-0.8759363	0.7474858	0.67449075
ATR_286_set19__80	16679.53221324216	20931.919883405593	LEC	False	0.31630927	-1.1334836	0.30384204	-1.509562	0.35738608	-1.6660787	0.28797337	-1.897015	0.3485309	-1.1800413	0.0804824	-0.6631629	0.16302058	-0.606098	0.33159643	-1.7144897	0.22976671	-2.9450786	0.76678824	0.7430207
ATR_286_set19__95	16655.884858064484	21071.0582537225	LEC	False	0.4363976	0.41133302	0.44999686	0.16527696	0.419238	-0.74952567	0.37024572	-0.7091177	0.43085122	-0.007132876	0.21244995	-0.27352375	0.24440205	-0.27016413	0.44675657	0.3441189	0.4246475	-0.90292394	0.88345677	1.1572325
ATR_290_set19__121	15939.00804937541	22179.765753729014	aCM-RA	False	0.23384623	-2.1942885	0.29568505	-1.6030357	0.29766786	-2.5510135	0.30589032	-1.6383194	0.28083408	-2.1445923	0.8523665	1.6158538	0.60907143	1.2351514	0.26482064	-2.9081774	0.17815627	-3.4859045	0.703496	0.51831234
ATR_290_set19__300	15880.926919383666	22255.59094237203	aCM-LA	False	0.3814153	-0.2959595	0.3773381	-0.6673449	0.43305272	-0.5448122	0.38074955	-0.55745715	0.3651862	-0.94273454	0.10529915	-0.58989054	0.18082565	-0.53260064	0.448539	0.37598148	0.36541438	-1.5236275	0.24077582	-1.1244969
ATR_290_set19__301	15883.36902722491	22263.054177880935	aCM-RA	False	0.37072048	-0.43353784	0.43632737	0.008633504	0.5052925	0.52567303	0.43358138	0.2053603	0.42366156	-0.1095719	1.2651198	2.8345232	0.9692895	2.7220924	0.41984245	-0.13699931	0.55052894	0.41618693	0.4020877	-0.5517866
ATR_290_set19__444	15997.033037502411	22214.857657295404	aCM-RA	False	0.34618014	-0.7492248	0.47136623	0.41015598	0.44876835	-0.3119301	0.41526845	-0.059052728	0.41667402	-0.2091311	0.92010313	1.8158487	0.7681148	1.8916652	0.39316347	-0.61391413	0.5659706	0.57799995	0.4502646	-0.38074267
ATR_291_set19__147	15623.998127440607	22202.389209333844	aCM-RA	False	0.4082154	0.04879701	0.3959441	-0.45413256	0.52784246	0.85983014	0.49023202	1.023316	0.4208829	-0.14916238	0.81385374	1.5021434	0.68690735	1.5564497	0.44097325	0.24073598	0.65586907	1.5200455	0.3377095	-0.78035045
ATR_291_set19__281	15676.584867010679	22406.553537766275	aCM-RA	False	0.3406228	-0.82071424	0.39054137	-0.51604414	0.4295081	-0.5973383	0.40239543	-0.24492112	0.35989818	-1.018079	0.98219514	1.9991776	0.83436596	2.1651428	0.3907435	-0.6571738	0.49217865	-0.19526549	0.40560266	-0.5393073
ATR_291_set19__357	15613.994137590003	22308.717287860112	aCM-RA	False	0.34659815	-0.7438475	0.44219258	0.075845055	0.46942723	-0.00579634	0.42916054	0.14152947	0.3729869	-0.8315894	0.9173405	1.8076919	0.7868359	1.968944	0.42481148	-0.04817266	0.5346419	0.24970691	0.39625528	-0.57249355
ATR_291_set19__444	15829.71312472285	22446.69714385317	aCM-RA	False	0.37081206	-0.43235973	0.2531259	-2.090736	0.36698905	-1.5237771	0.42492467	0.08036955	0.22394072	-2.9552147	0.17850809	-0.37373838	0.15923569	-0.6217216	0.34369367	-1.4982389	0.23866424	-2.8518417	0.28066292	-0.9828846
ATR_291_set19__462	15785.293026381669	22236.669778686206	aCM-RA	False	0.3899099	-0.18668512	0.46671465	0.35685194	0.5158527	0.68215966	0.45686525	0.5415467	0.43051523	-0.011920115	1.2394534	2.7587423	1.003621	2.863809	0.43686706	0.16733344	0.5769148	0.69268405	0.4986372	-0.20900397
ATR_291_set19__603	15661.943294792114	22370.14681056673	aCM-RA	False	0.3912885	-0.16895086	0.45970133	0.27648386	0.5177705	0.71057916	0.47120407	0.74857914	0.4237564	-0.10822073	1.238994	2.7573857	0.99957424	2.8471045	0.4348903	0.13199681	0.6098521	1.0378337	0.5346847	-0.08102339
ATR_291_set19__647	15626.125733931825	22247.258065101083	aCM-RA	False	0.29035053	-1.4674171	0.40529445	-0.34698352	0.41481084	-0.81512964	0.34012333	-1.1440428	0.34785056	-1.1897347	0.9069463	1.7770026	0.7272088	1.7228097	0.37771633	-0.890048	0.5357934	0.2617735	0.29699567	-0.92489797
ATR_291_set19__697	15569.435151399526	22196.42158239437	aCM-RA	False	0.2810887	-1.5865611	0.40781656	-0.31808177	0.3828561	-1.2886511	0.33241636	-1.2553207	0.35029817	-1.154861	0.80887425	1.4874412	0.6402393	1.363809	0.34031895	-1.5585656	0.55571467	0.4705281	0.3270214	-0.81829673
ATR_292_set19__187	15439.210845127714	22297.538939790647	aFibro	False	0.5840695	2.3109844	0.5867253	1.7320957	0.55151606	1.2106375	0.50851965	1.2873636	0.56466085	1.8994002	0.13902113	-0.4903251	0.23392363	-0.31341794	0.53410196	1.9055097	0.61343026	1.0753295	0.8397465	1.0020466
ATR_292_set19__20	15514.338421585418	22221.61755097612	aCM-RA	False	0.37869865	-0.33090663	0.46940574	0.3876901	0.5072573	0.55478853	0.440577	0.30636722	0.4364619	0.072808586	1.167839	2.5472982	0.9378876	2.592469	0.45546424	0.4997777	0.5882345	0.8113031	0.49702746	-0.21471909
ATR_292_set19__256	15384.485449896561	22242.473410300656	aCM-RA	False	0.40765187	0.04154773	0.4565877	0.24080372	0.5387507	1.021474	0.4754016	0.8091857	0.43033803	-0.014444944	1.4959913	3.51618	1.212436	3.7257748	0.45738947	0.5341932	0.5517725	0.42921788	0.57390964	0.058238037
ATR_292_set19__27	15506.281059164725	22236.365319673572	aCM-RA	False	0.4095688	0.06620693	0.49936527	0.73100674	0.53833574	1.0153248	0.47902915	0.86156225	0.45586306	0.3492383	1.2332373	2.7403889	1.0174581	2.9209273	0.4439126	0.29327983	0.6025675	0.9614986	0.5338158	-0.08410832
